split,fabric_pattern,image_path,mask_path,anomaly,image_exists,image_sha256,width,height,mask_exists,mask_width,mask_height,mask_unique_values,mask_area_pixels,mask_area_fraction,bbox_aspect_ratio,mask_empty,issue
train,CL1,ydfid/CL1/train/good/ydfid_train_000000.bmp,,0,True,750c02218154550c32aab3179246f8e10f0d0b3a7dd0026a58582e4f3d3822d8,512,512,,,,,,,,,
train,CL1,ydfid/CL1/train/good/ydfid_train_000001.bmp,,0,True,3f172e4e9927edf9c58d210b384af08a3f44010c81d3be5e2b6887969244034e,512,512,,,,,,,,,
train,CL1,ydfid/CL1/train/good/ydfid_train_000002.bmp,,0,True,bec6c593136eb0343430ae70eeda5b07bcfb170291aeb9d1133dd2cb1a760146,512,512,,,,,,,,,
train,CL1,ydfid/CL1/train/good/ydfid_train_000003.bmp,,0,True,46754bc101f53dabc9e19a7d132da2ee8b2651e09bf143a4b5e9cbcc74c94c06,512,512,,,,,,,,,
train,CL1,ydfid/CL1/train/good/ydfid_train_000004.bmp,,0,True,11305e680242d16038930f3d2eff54234894cd045ffa712a8e1a7ce8a2835caf,512,512,,,,,,,,,
train,CL1,ydfid/CL1/train/good/ydfid_train_000005.bmp,,0,True,a8ec368d82803c9d2b3b7c8193f6992784548f2d5b90b3c62b66b2e006f79ad7,512,512,,,,,,,,,
train,CL1,ydfid/CL1/train/good/ydfid_train_000006.bmp,,0,True,7ca425f9749c88f8f0a77b37cff1e5722b2ab3512c10e73f0135d2dd6815fcb0,512,512,,,,,,,,,
train,CL1,ydfid/CL1/train/good/ydfid_train_000007.bmp,,0,True,c569af6e19e1bcb6540e42f8256cafdac8d03b2ee729762812e0a21b3762d54d,512,512,,,,,,,,,
train,CL1,ydfid/CL1/train/good/ydfid_train_000008.bmp,,0,True,a322184c9409588ab6c6d703ee0425eed0594ec38e68594b942a1c5d464640be,512,512,,,,,,,,,
train,CL1,ydfid/CL1/train/good/ydfid_train_000009.bmp,,0,True,ad758cf0ab3dfab7dbd8172a67cf6bb4063b5da11f53d8bccf7dc65ace6e8eef,512,512,,,,,,,,,
train,CL1,ydfid/CL1/train/good/ydfid_train_000010.bmp,,0,True,6cbc07698f27de8875cfe8ea91bfd4aaa8053695f719ba5184da6a589d525955,512,512,,,,,,,,,
train,CL1,ydfid/CL1/train/good/ydfid_train_000011.bmp,,0,True,34db8684ad922cee0b57189809bdb8b9b3d653cd757605882f0dd81e774b998e,512,512,,,,,,,,,
train,CL1,ydfid/CL1/train/good/ydfid_train_000012.bmp,,0,True,d7766d8a2e1147919a683d041f90466a6c43974b90e38d60e8c78ac3fd640b2c,512,512,,,,,,,,,
train,CL1,ydfid/CL1/train/good/ydfid_train_000013.bmp,,0,True,cae273c3257f0a337103935bc70a63a5d89bea5203af3ec8e084eaf6a1b82c5a,512,512,,,,,,,,,
train,CL1,ydfid/CL1/train/good/ydfid_train_000014.bmp,,0,True,94d15022481554faf21d29ee84a6fb9e81f3c62d2942903775f7d66b6de8ef33,512,512,,,,,,,,,
train,CL1,ydfid/CL1/train/good/ydfid_train_000015.bmp,,0,True,82ff02e215839b2a88b7e9dcd8159fe6d341232761058686dbb1aeba20c46bb1,512,512,,,,,,,,,
train,CL1,ydfid/CL1/train/good/ydfid_train_000016.bmp,,0,True,4949270ca748733c77565616430869dcbfba2bf72dc79ae1c1d3ffc0d4a48557,512,512,,,,,,,,,
train,CL1,ydfid/CL1/train/good/ydfid_train_000017.bmp,,0,True,511dbc17d13f9b0b9220b1e1d8ff2ee013c11a478a403f1d872594b02ab7f400,512,512,,,,,,,,,
train,CL1,ydfid/CL1/train/good/ydfid_train_000018.bmp,,0,True,41835140f61e71c117a95f9355b705dc53a838f0a8354a98974ced65b207c80f,512,512,,,,,,,,,
train,CL1,ydfid/CL1/train/good/ydfid_train_000019.bmp,,0,True,5f5003117b3e4eb85f150f4e1bc4ee50ce25d7f82ba10ff3733584fd8508e061,512,512,,,,,,,,,
train,CL1,ydfid/CL1/train/good/ydfid_train_000020.bmp,,0,True,f9a4fd39ed632e425b351f4c50908a1d92ecd94d0fa69007fe1790feed452e9f,512,512,,,,,,,,,
train,CL1,ydfid/CL1/train/good/ydfid_train_000021.bmp,,0,True,e93410820f7dc68a54c65bad0c27f1735cf6e85977b295d1e7d2cdf808c23688,512,512,,,,,,,,,
train,CL1,ydfid/CL1/train/good/ydfid_train_000022.bmp,,0,True,07c95cf2f186fd52462079a4f5e669112b77f33471605a3b2f4a0b91161e8a36,512,512,,,,,,,,,
train,CL1,ydfid/CL1/train/good/ydfid_train_000023.bmp,,0,True,63b4dc108d4b18ddf868dbffa5c90a9884341178748118ee82de8a7d460841d5,512,512,,,,,,,,,
train,CL1,ydfid/CL1/train/good/ydfid_train_000024.bmp,,0,True,67cb54089062a7c70d6d8e6ecf27d92df536a2a75571f7ef001039baccb4c55f,512,512,,,,,,,,,
train,CL1,ydfid/CL1/train/good/ydfid_train_000025.bmp,,0,True,92c5c1d57c414984efef5c00bddcb017d88671b3d8cf5ad4e0bce1f7f52a29c7,512,512,,,,,,,,,
train,CL1,ydfid/CL1/train/good/ydfid_train_000026.bmp,,0,True,4b55cc3627b1835d5595e43e558dd84a6c605f3dcb3a603f810a94c53189d8fc,512,512,,,,,,,,,
train,CL1,ydfid/CL1/train/good/ydfid_train_000027.bmp,,0,True,13b6517ce87bcfe35418bdbb35dd77cd435cfdaf2241e4dc2bbb85bf421f3e0d,512,512,,,,,,,,,
train,CL1,ydfid/CL1/train/good/ydfid_train_000028.bmp,,0,True,3dde5ff5b4bbc66eaff955d1c8b80121d4d6c778911ec4087e3a4234869a23ba,512,512,,,,,,,,,
train,CL1,ydfid/CL1/train/good/ydfid_train_000029.bmp,,0,True,df3d84bc580919261ae4d4fa065d98f9c75198430514009aa96bf8fe36d869f5,512,512,,,,,,,,,
train,CL1,ydfid/CL1/train/good/ydfid_train_000030.bmp,,0,True,775505e6307a9a6de025f179a47baee09ff8b350cdbc25bf810023b3e2feeba6,512,512,,,,,,,,,
train,CL1,ydfid/CL1/train/good/ydfid_train_000031.bmp,,0,True,d7e099e7133d21fd20594ff3935f5425bca27311cd22ab42e8688bdce455ff92,512,512,,,,,,,,,
train,CL1,ydfid/CL1/train/good/ydfid_train_000032.bmp,,0,True,1e57aae5de83715a66426b89aade7d726b0138f999a3d8050679dd4c4afb23bf,512,512,,,,,,,,,
train,CL1,ydfid/CL1/train/good/ydfid_train_000033.bmp,,0,True,fd66e6619e4bcdbf56f7e58d75e98354d7422d5f869f3f318da763298e929880,512,512,,,,,,,,,
train,CL1,ydfid/CL1/train/good/ydfid_train_000034.bmp,,0,True,57dcaf8bfa82e20473a1bd3e61372b378c030ef624065d414f3a76c70fc8eb1b,512,512,,,,,,,,,
train,CL1,ydfid/CL1/train/good/ydfid_train_000035.bmp,,0,True,85e4a3ea463bd1d4c38ba294cfa74f0f01125c7034cb1f64104e37592dfb32b3,512,512,,,,,,,,,
train,CL1,ydfid/CL1/train/good/ydfid_train_000036.bmp,,0,True,3c117fc5cd1eca6b58cc3a3ba25a4712ab99f224b13d5ee83985af689514c8fd,512,512,,,,,,,,,
train,CL1,ydfid/CL1/train/good/ydfid_train_000037.bmp,,0,True,959917e7af4f7dfda37a9e048cb3154197e310f5ef43418bdfa68b679e606c09,512,512,,,,,,,,,
train,CL1,ydfid/CL1/train/good/ydfid_train_000038.bmp,,0,True,a00d41e8c8c5a074411d5b2bc8da19db22f72c71c5d458671b0d64a981dcd29a,512,512,,,,,,,,,
train,CL1,ydfid/CL1/train/good/ydfid_train_000039.bmp,,0,True,2d3521f57be22fd72a9a65c91ae7eb59c4f4916d42b185743481f67e0047d4e2,512,512,,,,,,,,,
train,CL1,ydfid/CL1/train/good/ydfid_train_000040.bmp,,0,True,4aa4b84275213f99a248aded48364c175c178d4efe2ae619e74825114227a0d7,512,512,,,,,,,,,
train,CL1,ydfid/CL1/train/good/ydfid_train_000041.bmp,,0,True,5cb450ffe70c6980dce28276ccc6cdc017ec94616f55bf2db0a5750661643ab8,512,512,,,,,,,,,
train,CL1,ydfid/CL1/train/good/ydfid_train_000042.bmp,,0,True,e84620c253482a76b0c6fa458c7c1e6cb9c55039be0176c262d24ad0034e86de,512,512,,,,,,,,,
train,CL1,ydfid/CL1/train/good/ydfid_train_000043.bmp,,0,True,5aa0db04d8f9f273891957c8685eb64b8fc9ca705e9a1b692170c17d52959bac,512,512,,,,,,,,,
train,CL1,ydfid/CL1/train/good/ydfid_train_000044.bmp,,0,True,88562fa8c94ff05e511420bd4ad08327aed32b19b307982d4bd920f824896e88,512,512,,,,,,,,,
train,CL1,ydfid/CL1/train/good/ydfid_train_000045.bmp,,0,True,46f147f4af81efef43ef1d33ac467dfc967f0b2fc44decdb443d9b8e6caceacb,512,512,,,,,,,,,
train,CL1,ydfid/CL1/train/good/ydfid_train_000046.bmp,,0,True,0149d9242efc3b2595e60e06792e9a210593bc7b4b868e67d8590834b682bd44,512,512,,,,,,,,,
train,CL1,ydfid/CL1/train/good/ydfid_train_000047.bmp,,0,True,08af548801abb1c4a9d1f87c64d7965bf80d12b71bdf5e044930d9c285e1d081,512,512,,,,,,,,,
train,CL1,ydfid/CL1/train/good/ydfid_train_000048.bmp,,0,True,9fb548d2a3369eaf7e0fe81f36919813fa8a96b3f381dfa8be7886b088e3392b,512,512,,,,,,,,,
train,CL1,ydfid/CL1/train/good/ydfid_train_000049.bmp,,0,True,d73d9b87f0a9b7ec8b8dabc7868cd101d8962a67a7c1443d1715fc63eea8148d,512,512,,,,,,,,,
train,CL1,ydfid/CL1/train/good/ydfid_train_000050.bmp,,0,True,86a96f893f6b2b7328c7bdcafe1074d876877b4caf27e6f77db397f8f5737782,512,512,,,,,,,,,
train,CL1,ydfid/CL1/train/good/ydfid_train_000051.bmp,,0,True,05dbb1eb72c3203ee53e88ebea738d3f15547bd255b2df5f6669ac56d798c426,512,512,,,,,,,,,
train,CL1,ydfid/CL1/train/good/ydfid_train_000052.bmp,,0,True,7c169bc0490b05c68f5557ceb5f0938b48302e9ce11462de80b5651f6b7e98f2,512,512,,,,,,,,,
train,CL1,ydfid/CL1/train/good/ydfid_train_000053.bmp,,0,True,483a7e0cc2c0f294ef63731f33a6e02bf1442d9f63f54490f202935737f0f744,512,512,,,,,,,,,
train,CL1,ydfid/CL1/train/good/ydfid_train_000054.bmp,,0,True,e4bd928ebc68544295f02d5a4f86af575b5f556020c4485d64afc7a3c7c69d32,512,512,,,,,,,,,
train,CL1,ydfid/CL1/train/good/ydfid_train_000055.bmp,,0,True,9e40bd8b136a39547bba7c3053589c9d84561ede061c1599e889c03c591a8f6a,512,512,,,,,,,,,
train,CL1,ydfid/CL1/train/good/ydfid_train_000056.bmp,,0,True,5a373aa19b2aa4b3cd07458fb7a8435461ae120b1ccc5ceddba47dfdd4ebbb83,512,512,,,,,,,,,
train,CL1,ydfid/CL1/train/good/ydfid_train_000057.bmp,,0,True,914d7ea32cc7ef1ad1edec29c859ae1b59f22ae9dbb68a13470ba99cbc2071d7,512,512,,,,,,,,,
train,CL1,ydfid/CL1/train/good/ydfid_train_000058.bmp,,0,True,c42ca2011ab9e5a4594212f4d40bf4438a6a6aea88f51afbfdf2b7346bb9dc4e,512,512,,,,,,,,,
train,CL1,ydfid/CL1/train/good/ydfid_train_000059.bmp,,0,True,8b0a4eaeb2fd2768c4f0dc69b052a36a000b9c63cb71717cfc2f2e643ba02fc1,512,512,,,,,,,,,
train,CL1,ydfid/CL1/train/good/ydfid_train_000060.bmp,,0,True,47bacb78b12556a08e8052ded43f56bfd8c456e1cdbd70b98ea0817a4278ef54,512,512,,,,,,,,,
train,CL1,ydfid/CL1/train/good/ydfid_train_000061.bmp,,0,True,f3e45a3789c19bc1cd2dcfda74ae2db1ff4d31decb5509867d217cbdb263c623,512,512,,,,,,,,,
train,CL1,ydfid/CL1/train/good/ydfid_train_000062.bmp,,0,True,c2861f0d3c2e6a07a29aac727715e8bc74ee005d7f5660d642517c4720f5d23e,512,512,,,,,,,,,
train,CL1,ydfid/CL1/train/good/ydfid_train_000063.bmp,,0,True,a5ad0d91cf29ba008fdff933811414e9c59bd3db05a386f82dc96d0f4740acf3,512,512,,,,,,,,,
train,CL1,ydfid/CL1/train/good/ydfid_train_000064.bmp,,0,True,d63e12cf712ed749946b85cd591e8ca572cc131295654198f72d4b32534b6be3,512,512,,,,,,,,,
train,CL1,ydfid/CL1/train/good/ydfid_train_000065.bmp,,0,True,813143e65758e675da7326f8ddee800093805c790caa984552374b0eda0a6c51,512,512,,,,,,,,,
train,CL1,ydfid/CL1/train/good/ydfid_train_000066.bmp,,0,True,ce8925b1ccc41f8c4baeb477e8f373df8b4ea46530e885aff8fc59c50d9cc4d0,512,512,,,,,,,,,
train,CL1,ydfid/CL1/train/good/ydfid_train_000067.bmp,,0,True,8d59b7a548851c9ee57bffedf55d1fe263cbf1997c3ce42e178767702bf5a606,512,512,,,,,,,,,
train,CL1,ydfid/CL1/train/good/ydfid_train_000068.bmp,,0,True,c98307e78dd081cea82f60258535af709691b2ba2f29a340981319a6c2ad3b61,512,512,,,,,,,,,
train,CL1,ydfid/CL1/train/good/ydfid_train_000069.bmp,,0,True,2f4f7c5c75be7743c7d255ab8e1627252487b501a2baefb0209effbf42b09d2a,512,512,,,,,,,,,
train,CL1,ydfid/CL1/train/good/ydfid_train_000070.bmp,,0,True,f7cea89f1018a4b3415c3e72a404344bdb17df5a72f4e947d1305147970b35d6,512,512,,,,,,,,,
train,CL1,ydfid/CL1/train/good/ydfid_train_000071.bmp,,0,True,c848e378f99503f86c7b4c065de5de5673da6cbc49a97b9a8d3803fd551ea1d0,512,512,,,,,,,,,
train,CL1,ydfid/CL1/train/good/ydfid_train_000072.bmp,,0,True,5c8549b88b70466e5b670861d6ba33ed793b8695d6ea83176fb564dbe2d90677,512,512,,,,,,,,,
train,CL1,ydfid/CL1/train/good/ydfid_train_000073.bmp,,0,True,267a837cd7dcaa68955c99e56ddc32f7ce9a15c1703f0efa8abb23b3dbec636b,512,512,,,,,,,,,
train,CL1,ydfid/CL1/train/good/ydfid_train_000074.bmp,,0,True,a02f89b39bd057b5a74abf261e09d335f4b3e48bfdf13c5bdde9265dae9d43f7,512,512,,,,,,,,,
train,CL1,ydfid/CL1/train/good/ydfid_train_000075.bmp,,0,True,c0b3668c637391dfc61f5741eb1099ece783a54c9be6071d8ed3fcc72f7f0bf3,512,512,,,,,,,,,
train,CL1,ydfid/CL1/train/good/ydfid_train_000076.bmp,,0,True,1eb9d1070e53d07f18f36d11c34ab6f632527bde7a7e41fd5779d364514ff2bd,512,512,,,,,,,,,
train,CL1,ydfid/CL1/train/good/ydfid_train_000077.bmp,,0,True,6d7caff6c1b89996a77b212d131fc3a35fec19b0b279411e5416ca9906740d19,512,512,,,,,,,,,
train,CL1,ydfid/CL1/train/good/ydfid_train_000078.bmp,,0,True,7955223f51c179daad9cd615686f566d39e1642b33b2eba7d3f603ff4d2cc06e,512,512,,,,,,,,,
train,CL1,ydfid/CL1/train/good/ydfid_train_000079.bmp,,0,True,ff9910a6393ef28c76fdea3f972fa60c8a55bc543b2988f2e62dfed7fc351f5c,512,512,,,,,,,,,
train,CL1,ydfid/CL1/train/good/ydfid_train_000080.bmp,,0,True,b639f71da305a3333428c2139fa6d3d1744543e053d2d5a1ea5dc1dc5b6c6369,512,512,,,,,,,,,
train,CL1,ydfid/CL1/train/good/ydfid_train_000081.bmp,,0,True,91cfe31c9199a3c89d9bc3efa673ea188f9d42c44c39ecfd766c98a86154fef7,512,512,,,,,,,,,
train,CL1,ydfid/CL1/train/good/ydfid_train_000082.bmp,,0,True,e5ee06c167096aaf4ca92cd86412dbc640531c4e32312018766d7c820b6d844e,512,512,,,,,,,,,
train,CL1,ydfid/CL1/train/good/ydfid_train_000083.bmp,,0,True,1e027d00ee62aa11cf442d3b109cf4077ee5b7d959cb732d20876baecbb4c26f,512,512,,,,,,,,,
train,CL1,ydfid/CL1/train/good/ydfid_train_000084.bmp,,0,True,1b009a3c0a07e0b2b36b18e6b6b99bc0873b6050775402d011a0edc544754b4a,512,512,,,,,,,,,
train,CL1,ydfid/CL1/train/good/ydfid_train_000085.bmp,,0,True,dc857a00775759812211f4bbaacfbaf8f322e42b104b175ea9cb26b8882bb9d6,512,512,,,,,,,,,
train,CL1,ydfid/CL1/train/good/ydfid_train_000086.bmp,,0,True,0872114f251411b36eebbb9e811aff46fa2d798618e7eac1d0016a03d23d42bf,512,512,,,,,,,,,
train,CL1,ydfid/CL1/train/good/ydfid_train_000087.bmp,,0,True,3e2ba80124f0d4fed3efc720435899de76a6ae299c02610c81b2722817d46b24,512,512,,,,,,,,,
train,CL1,ydfid/CL1/train/good/ydfid_train_000088.bmp,,0,True,0b8ede87396a34660cd9d58effad59bdd155e3dc67e825dccf997286badec2db,512,512,,,,,,,,,
train,CL1,ydfid/CL1/train/good/ydfid_train_000089.bmp,,0,True,0fdc2397a94e9f694a2fdd02cf23dcc557624e9fb649419aa0083ffcf50964e3,512,512,,,,,,,,,
train,CL1,ydfid/CL1/train/good/ydfid_train_000090.bmp,,0,True,f33be48ee7ee15e2e21420a02b176510167f6d11ef48d48c34195ef1054cb115,512,512,,,,,,,,,
train,CL1,ydfid/CL1/train/good/ydfid_train_000091.bmp,,0,True,15779eb76e6a7b0ca900e010f84470dcb27ba1c14c6ff20fdfd790a700edb375,512,512,,,,,,,,,
train,CL1,ydfid/CL1/train/good/ydfid_train_000092.bmp,,0,True,ff44ae00dc97afe84d794da664d153ea14e6a6663929b0940629cf7a78b77c0d,512,512,,,,,,,,,
train,CL1,ydfid/CL1/train/good/ydfid_train_000093.bmp,,0,True,8d68787cb958e9a70bc29eb06bb4328f862fb99ac44093e646824028adaa718a,512,512,,,,,,,,,
train,CL1,ydfid/CL1/train/good/ydfid_train_000094.bmp,,0,True,2d94493be426e744405af84aaf29352f20f7f4b9d35798fe69aeb287defe3d94,512,512,,,,,,,,,
train,CL1,ydfid/CL1/train/good/ydfid_train_000095.bmp,,0,True,686b94c497ce2a573a379d9e77db19cfb8a780333d0fc00b3db35ca7effe717b,512,512,,,,,,,,,
train,CL1,ydfid/CL1/train/good/ydfid_train_000096.bmp,,0,True,7bfe620d26caa87a6e9e5c597f2c3b311112364573195d2284836605e1d97cad,512,512,,,,,,,,,
train,CL1,ydfid/CL1/train/good/ydfid_train_000097.bmp,,0,True,e585d058c3e49e205441ae809e3ad78bc7a5bb8ee49ad86e28a12d9634876d21,512,512,,,,,,,,,
train,CL1,ydfid/CL1/train/good/ydfid_train_000098.bmp,,0,True,d36f9d3b541685e183fa9ef0114265bda96dd2b09d1cdb78b23a41199864acbd,512,512,,,,,,,,,
train,CL1,ydfid/CL1/train/good/ydfid_train_000099.bmp,,0,True,a42d314181e4751209eb3df196dd29b5ac61cfdb480a3eb5ddf652e7818159d0,512,512,,,,,,,,,
train,CL1,ydfid/CL1/train/good/ydfid_train_000100.bmp,,0,True,907c245f7eeae59e9f75c420d9f83c1012f95fd6a0c0369dc7f8664f2c706660,512,512,,,,,,,,,
train,CL1,ydfid/CL1/train/good/ydfid_train_000101.bmp,,0,True,40d67559078ef00f2f8c2a64b1bff2caa2cdc6fb51de89ba5a33b33e3253c5ef,512,512,,,,,,,,,
train,CL1,ydfid/CL1/train/good/ydfid_train_000102.bmp,,0,True,3ce161856bb1f104171a34f36c49bb38da8df40139bbb64c43a01f36e979d17b,512,512,,,,,,,,,
train,CL1,ydfid/CL1/train/good/ydfid_train_000103.bmp,,0,True,be0c2a1ab005ef82f9991a62a0a01ec58ab92648823a69d1671299a187538d7a,512,512,,,,,,,,,
train,CL1,ydfid/CL1/train/good/ydfid_train_000104.bmp,,0,True,464b8bce5b387ed5dfcd9cc8130f5c3d40acf2c52ebbda1dfa93eaab060d3c9c,512,512,,,,,,,,,
train,CL1,ydfid/CL1/train/good/ydfid_train_000105.bmp,,0,True,9c8dfd57e16e063cb43049323c6298a8250e8678fb674c2e0dfb451887ac9da0,512,512,,,,,,,,,
train,CL1,ydfid/CL1/train/good/ydfid_train_000106.bmp,,0,True,01930f38cd2af22512e6139454ba1cd3526562e79711d3ee27ed9c07711f9fc5,512,512,,,,,,,,,
train,CL1,ydfid/CL1/train/good/ydfid_train_000107.bmp,,0,True,8a40d1e70c9de042818e5cdbcd61d34ad131b5b5b9fd54d4e4390209d25bc389,512,512,,,,,,,,,
train,CL1,ydfid/CL1/train/good/ydfid_train_000108.bmp,,0,True,be031042ceefa392de515c169758f1e65842784567d47f1f7e7c54b143e211e5,512,512,,,,,,,,,
train,CL1,ydfid/CL1/train/good/ydfid_train_000109.bmp,,0,True,a67672d8164ef21d13389a0428b355559da6913e0e83484a7b5042c477771019,512,512,,,,,,,,,
train,CL1,ydfid/CL1/train/good/ydfid_train_000110.bmp,,0,True,eea2aac2340fc62b9449220a32f6ec609da6ddbd1bb363a168ae308ee0112ae5,512,512,,,,,,,,,
train,CL1,ydfid/CL1/train/good/ydfid_train_000111.bmp,,0,True,29237ab23a10a35fd09c513a8ce5ec38b310a9943a3051fd41235e0606dca324,512,512,,,,,,,,,
train,CL1,ydfid/CL1/train/good/ydfid_train_000112.bmp,,0,True,5da8b98147a3e8599cdb0f07b8981325cf57feffd1ec211ec7bba4c4000efe73,512,512,,,,,,,,,
train,CL1,ydfid/CL1/train/good/ydfid_train_000113.bmp,,0,True,8da0c7ffae4505dd4e9c143d2c77269f957d2f9b6e51f808f0bdefd4ced04db2,512,512,,,,,,,,,
train,CL1,ydfid/CL1/train/good/ydfid_train_000114.bmp,,0,True,eddd83b9bd6b34b884b83118ecdc9eea3bf0c4c9fc830f3b9f7e6344aa9a9931,512,512,,,,,,,,,
train,CL1,ydfid/CL1/train/good/ydfid_train_000115.bmp,,0,True,5e3eccfa8e877930ce2e38b01add387a66612cddd47ead2b8e0dc46d0f0e2da4,512,512,,,,,,,,,
train,CL1,ydfid/CL1/train/good/ydfid_train_000116.bmp,,0,True,ad72e5b5a7d8ec8c7555c15259401651536a08db35004fdb1b8575ebf7dd50a5,512,512,,,,,,,,,
train,CL1,ydfid/CL1/train/good/ydfid_train_000117.bmp,,0,True,481f6b87e31915a52b717988790f6d873c38f576c74a2f32152b58906135fcd9,512,512,,,,,,,,,
train,CL1,ydfid/CL1/train/good/ydfid_train_000118.bmp,,0,True,a5a98dd523d0f84aff5acff88cb88094f7d50d58c11769b9a97d8043b40933ba,512,512,,,,,,,,,
train,CL1,ydfid/CL1/train/good/ydfid_train_000119.bmp,,0,True,432807f936ed27e8a23071236e2e8ccf41d3e7b5a49b0fd5a28957aefb84d541,512,512,,,,,,,,,
train,CL1,ydfid/CL1/train/good/ydfid_train_000120.bmp,,0,True,020ebbc0e26e463f084d10fd6e017980b45e40c21c1bb5ac0250fb6141b0074c,512,512,,,,,,,,,
train,CL1,ydfid/CL1/train/good/ydfid_train_000121.bmp,,0,True,44506b0be6bb69ef678b1e512c75879202edce539c520efd1eaee69aafffaf79,512,512,,,,,,,,,
train,CL1,ydfid/CL1/train/good/ydfid_train_000122.bmp,,0,True,89aeefc103a30ae539c06e7e8d915b9e31e26a5a63e3adf1c2b9900997d2e96b,512,512,,,,,,,,,
train,CL1,ydfid/CL1/train/good/ydfid_train_000123.bmp,,0,True,6f2bb47e9488b853483eebc076f47c14628cf3e93756b030974478d998839789,512,512,,,,,,,,,
train,CL1,ydfid/CL1/train/good/ydfid_train_000124.bmp,,0,True,ef1cb57f125e7d98ae1654f1dacd86bf86902719ef92d14b439f35a7ceab5460,512,512,,,,,,,,,
train,CL1,ydfid/CL1/train/good/ydfid_train_000125.bmp,,0,True,35e59b6dacb794688b83d35480fc88168416af7f32ed61c72345a54493645fba,512,512,,,,,,,,,
train,CL1,ydfid/CL1/train/good/ydfid_train_000126.bmp,,0,True,e3710a54ee14eb94951e990f797d8d8351ceef82742d695557cffa523754acd5,512,512,,,,,,,,,
train,CL1,ydfid/CL1/train/good/ydfid_train_000127.bmp,,0,True,c0d0b1ae2da11416c5b794f4318967a1d27548048ce40a3ef844796813102d5d,512,512,,,,,,,,,
train,CL1,ydfid/CL1/train/good/ydfid_train_000128.bmp,,0,True,40cf06d32db637026cd589b5c8d6e24a343c296246636198f145850b7ba7c8c4,512,512,,,,,,,,,
train,CL1,ydfid/CL1/train/good/ydfid_train_000129.bmp,,0,True,9f299b52e65665363927b7817aba20a160c33737e3360d1470abcad91d287a27,512,512,,,,,,,,,
train,CL1,ydfid/CL1/train/good/ydfid_train_000130.bmp,,0,True,28aa8f25613ea6fed4d798a13bdd97fc1cdc7deb1ed04bcb46e9061f11688981,512,512,,,,,,,,,
train,CL1,ydfid/CL1/train/good/ydfid_train_000131.bmp,,0,True,aa0086340fa1c812103345d4ff67f8601b6295f5d767d20fa04d303265e9ec97,512,512,,,,,,,,,
train,CL1,ydfid/CL1/train/good/ydfid_train_000132.bmp,,0,True,fb39a54fdac47b7409564e0bd061293aaec7a54775059cf95732e286eecbcb1b,512,512,,,,,,,,,
train,CL1,ydfid/CL1/train/good/ydfid_train_000133.bmp,,0,True,0868e002058a5087912840338fd25f88fc6a82042709c912308b15b98294bf2b,512,512,,,,,,,,,
train,CL1,ydfid/CL1/train/good/ydfid_train_000134.bmp,,0,True,ece9a2092a6324dd88feec210aff4a29a8dfdf97c78e5a3bfdc821edb226f58f,512,512,,,,,,,,,
train,CL1,ydfid/CL1/train/good/ydfid_train_000135.bmp,,0,True,57017b5615633bd1ec3f395c47ff00c3584324eb6911fb26dc2d0846df0f7707,512,512,,,,,,,,,
train,CL1,ydfid/CL1/train/good/ydfid_train_000136.bmp,,0,True,57ec855c1d7c162c083147a66bcb139253b60fe64730929dc3cabd175ab00db3,512,512,,,,,,,,,
train,CL1,ydfid/CL1/train/good/ydfid_train_000137.bmp,,0,True,1507e39b9f5011493b4e8e9c7a0fd21bca4a7aeca6301523a199ec3e700fab7a,512,512,,,,,,,,,
train,CL1,ydfid/CL1/train/good/ydfid_train_000138.bmp,,0,True,ca823d5d9a07f99964f11677d552e64aa89ad54f3f1ae23850f4faa4aea36ca4,512,512,,,,,,,,,
train,CL1,ydfid/CL1/train/good/ydfid_train_000139.bmp,,0,True,eec817c283515dd1307a17bcda89d735219725700b6bd9e8292e5788dc06dd40,512,512,,,,,,,,,
train,CL1,ydfid/CL1/train/good/ydfid_train_000140.bmp,,0,True,357136a04863f6f0eae97d6144d550f19f21b351270fae34a3e3dd3d6bbd345f,512,512,,,,,,,,,
train,CL1,ydfid/CL1/train/good/ydfid_train_000141.bmp,,0,True,3e72d6d1baff5abdfe2fbd7021b22b12093c1131eb203d6074ba1b54e02d029e,512,512,,,,,,,,,
train,CL1,ydfid/CL1/train/good/ydfid_train_000142.bmp,,0,True,209e839ea4e9709bdd62114b4295c1fcf0070792d5afd2b6a00f98fca0165ab0,512,512,,,,,,,,,
train,CL1,ydfid/CL1/train/good/ydfid_train_000143.bmp,,0,True,9f0acc7f3b11bce37214529367aa443dac7b07401f87b5262400c1f97f59aa78,512,512,,,,,,,,,
train,CL1,ydfid/CL1/train/good/ydfid_train_000144.bmp,,0,True,fee855934d87345bb47a92101d22dbe3104b80fb9dfd1574da911759c7077cf9,512,512,,,,,,,,,
train,CL1,ydfid/CL1/train/good/ydfid_train_000145.bmp,,0,True,902a610eace7c8136950d46cd33b8484986fb637166003c83fcfa11a280e902b,512,512,,,,,,,,,
train,CL1,ydfid/CL1/train/good/ydfid_train_000146.bmp,,0,True,6edee3c327b8137661cff1d9791fc990920762e91fee4bc5ed1ba5ea7c56fe5b,512,512,,,,,,,,,
train,CL1,ydfid/CL1/train/good/ydfid_train_000147.bmp,,0,True,e7804e3831e5393b2ce840300e27e77767d7bea7c84b6b48c53a3e4afd1fcf52,512,512,,,,,,,,,
train,CL1,ydfid/CL1/train/good/ydfid_train_000148.bmp,,0,True,5f73f4edd13f3f6a046911dfe39dbdbf85ee2315fe12895c50f38929186fb364,512,512,,,,,,,,,
train,CL1,ydfid/CL1/train/good/ydfid_train_000149.bmp,,0,True,5269aee0628f2fbd3efb2da7cf6c65648aa023e18f31fe624d8d3e4cfacabd8d,512,512,,,,,,,,,
train,CL1,ydfid/CL1/train/good/ydfid_train_000150.bmp,,0,True,e45b13087d43ff5e050b1416639cf7bb49611885cd6eb6624ae3bca99bc12c55,512,512,,,,,,,,,
train,CL1,ydfid/CL1/train/good/ydfid_train_000151.bmp,,0,True,bdb4e724859c212bf0befa40ba43779295ab75f7cb4aaf18004d4bb867f50186,512,512,,,,,,,,,
train,CL1,ydfid/CL1/train/good/ydfid_train_000152.bmp,,0,True,97029b3fdb8920c88b5c42a06e2685f692f8ccc13ba21c398cabdbae035ed1f8,512,512,,,,,,,,,
train,CL1,ydfid/CL1/train/good/ydfid_train_000153.bmp,,0,True,f04b6be269838af01d2b15e4320ce358f4e9d4d785e43e4c58d11ef8e6d87665,512,512,,,,,,,,,
train,CL1,ydfid/CL1/train/good/ydfid_train_000154.bmp,,0,True,785db1d25852a2cba53270991e7717e3a96f9cbe1e51e7b495931e6a2aed7422,512,512,,,,,,,,,
train,CL1,ydfid/CL1/train/good/ydfid_train_000155.bmp,,0,True,2886b7b3360948c83f9853d9b55c15c02aa63d99b4d7bd6941c56ae3d81ec608,512,512,,,,,,,,,
train,CL1,ydfid/CL1/train/good/ydfid_train_000156.bmp,,0,True,86e045861df98173ca5f1302b118af8769954e16beba90b572ce20f8166f7554,512,512,,,,,,,,,
train,CL1,ydfid/CL1/train/good/ydfid_train_000157.bmp,,0,True,9ac45cfd56ce78e056f98b80908f161d13804849e88aefa54816f239eb358dfd,512,512,,,,,,,,,
train,CL1,ydfid/CL1/train/good/ydfid_train_000158.bmp,,0,True,3a568bbd6aad4286150b18c8a7b19424239fa358901d0a349b52a5aa5d98d4a7,512,512,,,,,,,,,
train,CL1,ydfid/CL1/train/good/ydfid_train_000159.bmp,,0,True,12ce0403a452d3d3bd5466574549d274fd7cff710073be72f1ff05b5780abe41,512,512,,,,,,,,,
train,CL1,ydfid/CL1/train/good/ydfid_train_000160.bmp,,0,True,6d65928ca8788103c1a8ea86e119cdc57a0341ee6b907dfce0db195f2fe0d576,512,512,,,,,,,,,
train,CL1,ydfid/CL1/train/good/ydfid_train_000161.bmp,,0,True,70ea46791bcfcd0506b10592a5811d6a4b1a005263f8311a0ec5b2f6b7321943,512,512,,,,,,,,,
train,CL1,ydfid/CL1/train/good/ydfid_train_000162.bmp,,0,True,7e3f5ec11d9cc30b8dfada287e1e6708c6b912d01d094e691080422cd0ff68c1,512,512,,,,,,,,,
train,CL1,ydfid/CL1/train/good/ydfid_train_000163.bmp,,0,True,34fd81d89b5fde8e0c0646185a0138ac696352a80d7ef89a006226bb4e075945,512,512,,,,,,,,,
train,CL1,ydfid/CL1/train/good/ydfid_train_000164.bmp,,0,True,5b7633f44c6f7e0de780e3f3ff237d564876fb50c5738cc0cd60ee0d8ddd7525,512,512,,,,,,,,,
train,CL10,ydfid/CL10/train/good/ydfid_train_000339.bmp,,0,True,e235ea072d72507ff7e25fb1c8f8466a1ad766702e6c32d372d9c5e9ef0d7e15,512,512,,,,,,,,,
train,CL10,ydfid/CL10/train/good/ydfid_train_000340.bmp,,0,True,8af50ae3e7a9c60a99c1a3d129ea8a3d38885f6036ed785f47837443177fed84,512,512,,,,,,,,,
train,CL10,ydfid/CL10/train/good/ydfid_train_000341.bmp,,0,True,78d29c3d2c534f5e68e0e5ca352c8401100d82be1dfe63f132f6dd385e7420c0,512,512,,,,,,,,,
train,CL10,ydfid/CL10/train/good/ydfid_train_000342.bmp,,0,True,532290fbeefb312cf657884e494b50db9e81f50d04f71aacd359ab7f30e28979,512,512,,,,,,,,,
train,CL10,ydfid/CL10/train/good/ydfid_train_000343.bmp,,0,True,9510eebbcf16568493104f016272fd457a7fd1504038bb6661f65712bf72f067,512,512,,,,,,,,,
train,CL10,ydfid/CL10/train/good/ydfid_train_000344.bmp,,0,True,e90fa02e660c1a0410defe0642a07aa7c04fafcb00d9d42ae7f0062576ca9c80,512,512,,,,,,,,,
train,CL10,ydfid/CL10/train/good/ydfid_train_000345.bmp,,0,True,2ba7aea6c3bc6a7af8289a491227dcef93d18145fa0bbfce0c61726609ae57f3,512,512,,,,,,,,,
train,CL10,ydfid/CL10/train/good/ydfid_train_000346.bmp,,0,True,c00436b5eb8ceae75607d19ac8b540a613790e1d645322742dca89ccf12689ae,512,512,,,,,,,,,
train,CL10,ydfid/CL10/train/good/ydfid_train_000347.bmp,,0,True,153b65811a4c56c3e0e64295470b585000ca1f2a3ebe19414c7f7b5df7bc451c,512,512,,,,,,,,,
train,CL10,ydfid/CL10/train/good/ydfid_train_000348.bmp,,0,True,fe4ca9ef4485311cef6d14dc0b3caf4c3fb948eff61b06f2d58208106fc5e4fb,512,512,,,,,,,,,
train,CL10,ydfid/CL10/train/good/ydfid_train_000349.bmp,,0,True,b89386505501d16182f72424ca6ba65adf45870356d85d82c6d2c2bade6b9ef8,512,512,,,,,,,,,
train,CL10,ydfid/CL10/train/good/ydfid_train_000350.bmp,,0,True,845b7fbd4e1b0ce9486154567f31bbe74de6bc9b4c61bfd58a4311481949a9d9,512,512,,,,,,,,,
train,CL10,ydfid/CL10/train/good/ydfid_train_000351.bmp,,0,True,a870235bb1068fe8a4e30b3e16df3faf7111567d3217aca799adf3dca556bd03,512,512,,,,,,,,,
train,CL10,ydfid/CL10/train/good/ydfid_train_000352.bmp,,0,True,41a05351bff33c86ceefd0ae1540b7123e93284c947ca6e88d02a28a84616905,512,512,,,,,,,,,
train,CL10,ydfid/CL10/train/good/ydfid_train_000353.bmp,,0,True,f1f77740a3b90b22e94ea6ffe1af8a09ba50fafa5c9ed7fac0dba4d550bc1a32,512,512,,,,,,,,,
train,CL10,ydfid/CL10/train/good/ydfid_train_000354.bmp,,0,True,f88a0c9a1c72d0971003ededc3329f914b92c32e5613718d377424ebc362c6f1,512,512,,,,,,,,,
train,CL10,ydfid/CL10/train/good/ydfid_train_000355.bmp,,0,True,70a018ce38a1280800f813e4ea00de19fbd646c854dd847a33edd28c67249614,512,512,,,,,,,,,
train,CL10,ydfid/CL10/train/good/ydfid_train_000356.bmp,,0,True,5768ed58687474c1e240a6673584602679bbb3757be671680837261d183732c7,512,512,,,,,,,,,
train,CL10,ydfid/CL10/train/good/ydfid_train_000357.bmp,,0,True,ab1ace26d14bc9a14ac50e2a7bde2ce568c1ec2c8422bb1da583b19c73632a39,512,512,,,,,,,,,
train,CL10,ydfid/CL10/train/good/ydfid_train_000358.bmp,,0,True,89884005d8885d543ad9d11601ec36b291a2722048016452933896a512eb0715,512,512,,,,,,,,,
train,CL10,ydfid/CL10/train/good/ydfid_train_000359.bmp,,0,True,503e1b527016898ce851ae9e6a9290e27db4717dcf9beb9bec72db3448dbb7ff,512,512,,,,,,,,,
train,CL10,ydfid/CL10/train/good/ydfid_train_000360.bmp,,0,True,0a96b25589bfa071c6965fa3301d68e7ae70cf675a2208a479831ec4a8ab7866,512,512,,,,,,,,,
train,CL10,ydfid/CL10/train/good/ydfid_train_000361.bmp,,0,True,67d3ef1ff2580529f0644f91714a58fd5aa20608bb417c2891516e5d5a2d6add,512,512,,,,,,,,,
train,CL10,ydfid/CL10/train/good/ydfid_train_000362.bmp,,0,True,9b581831d20075a9391d1e801e0898244eebc26c96c06257ee80577b2af43810,512,512,,,,,,,,,
train,CL10,ydfid/CL10/train/good/ydfid_train_000363.bmp,,0,True,1621d90d191f982a69cdfae580e18a3bc1aa62915907831dc00a6126203bb584,512,512,,,,,,,,,
train,CL10,ydfid/CL10/train/good/ydfid_train_000364.bmp,,0,True,02794092a516898efe2ff397b670fb5272bf586eaa2eb9e9612bad0ffd06bec1,512,512,,,,,,,,,
train,CL10,ydfid/CL10/train/good/ydfid_train_000365.bmp,,0,True,a2fd80e30ed4e588318d6a36465abfd4d730e1e56c46532d94ebbdfff1f1d74d,512,512,,,,,,,,,
train,CL10,ydfid/CL10/train/good/ydfid_train_000366.bmp,,0,True,f13bda9e7baa24b19d8b3b32762f5df3f581e9cd2847130b55bc2829d76697b9,512,512,,,,,,,,,
train,CL10,ydfid/CL10/train/good/ydfid_train_000367.bmp,,0,True,ccd05a0d780d0d18eb73372a57d5537dfd2a41868778cb873d0e8bbc971bc7ad,512,512,,,,,,,,,
train,CL10,ydfid/CL10/train/good/ydfid_train_000368.bmp,,0,True,3b398b1ce0c9cdefde51e6123d6e3ed7c3847df25885516ff9fc09ac8ea4f5a2,512,512,,,,,,,,,
train,CL10,ydfid/CL10/train/good/ydfid_train_000369.bmp,,0,True,a873971f969ae936a38a3735402e4d866aa90dd5b69f2a3bac2ac78ea6a8095c,512,512,,,,,,,,,
train,CL10,ydfid/CL10/train/good/ydfid_train_000370.bmp,,0,True,43057f8a9a9da019c3a228a222a93b2d5ee1cf37894a17863fe36f94c212412f,512,512,,,,,,,,,
train,CL10,ydfid/CL10/train/good/ydfid_train_000371.bmp,,0,True,d21ab70dba7c0ceb5fbc0788c66c73646ac8ff2c9e921d4dc874b98a1e19d3ec,512,512,,,,,,,,,
train,CL10,ydfid/CL10/train/good/ydfid_train_000372.bmp,,0,True,5399f008ca3a5e69f48bcecbb59d586e48cd742fdaeae8846d583c8be9b38867,512,512,,,,,,,,,
train,CL10,ydfid/CL10/train/good/ydfid_train_000373.bmp,,0,True,8ccea2f88adac48925578ec9ea4d56c2b3c09294050f1db2f19deb43af53bed8,512,512,,,,,,,,,
train,CL10,ydfid/CL10/train/good/ydfid_train_000374.bmp,,0,True,b768e73196ca45182667f9e317a6956d452d4a883245e649b0a119fb087db271,512,512,,,,,,,,,
train,CL10,ydfid/CL10/train/good/ydfid_train_000375.bmp,,0,True,817b51bad03463fdab8a230270ff3549482e9a1202454ea01969df5ed4d4d10d,512,512,,,,,,,,,
train,CL10,ydfid/CL10/train/good/ydfid_train_000376.bmp,,0,True,76a277f01e23b947c2c68bdd6889b033851c099ea6ecc38b306fef91c3b2612e,512,512,,,,,,,,,
train,CL10,ydfid/CL10/train/good/ydfid_train_000377.bmp,,0,True,61253f266b0f49ba67272b6e9ec5b5eaadf83dd2f33a6578a38b870e5af738ff,512,512,,,,,,,,,
train,CL10,ydfid/CL10/train/good/ydfid_train_000378.bmp,,0,True,d107a2b5a886780449a4bcd91f3c92db5dce0061715c1186d14897c44169a3d9,512,512,,,,,,,,,
train,CL10,ydfid/CL10/train/good/ydfid_train_000379.bmp,,0,True,aeb29fbf774ccd2bdbbb3c7d4171fd31062c647387aac79b849c978ebc06e5a9,512,512,,,,,,,,,
train,CL10,ydfid/CL10/train/good/ydfid_train_000380.bmp,,0,True,5ea7a853c649c9ce54bfdb80817daafd9e6522a605cedc4522843a5eef5d29cc,512,512,,,,,,,,,
train,CL10,ydfid/CL10/train/good/ydfid_train_000381.bmp,,0,True,2a921ba9fb1918bd258cf96831aa1e1546afbc977f968e76faa0eb169859d204,512,512,,,,,,,,,
train,CL10,ydfid/CL10/train/good/ydfid_train_000382.bmp,,0,True,11699e9b9149c646100a88c80ca0ff4e411b61b306c26de8ee2ab1e66c7b8dc5,512,512,,,,,,,,,
train,CL10,ydfid/CL10/train/good/ydfid_train_000383.bmp,,0,True,4c8e5987bf90900a152ab3c44e53a912e7808c1cc85f869a7266941464b75a8e,512,512,,,,,,,,,
train,CL10,ydfid/CL10/train/good/ydfid_train_000384.bmp,,0,True,b73817a5f847e79e30635201980fbf427f95dfdba2a923db01e559887269a5a7,512,512,,,,,,,,,
train,CL10,ydfid/CL10/train/good/ydfid_train_000385.bmp,,0,True,b0251562fd922c59d05a1b36a631a3bf35ecee80fb1005c4691f6aee29073f3b,512,512,,,,,,,,,
train,CL10,ydfid/CL10/train/good/ydfid_train_000386.bmp,,0,True,2c4af75a5f8c3f97ca227c98aa428e198fcc9d32aae7d287fc4ab096aa1b0716,512,512,,,,,,,,,
train,CL10,ydfid/CL10/train/good/ydfid_train_000387.bmp,,0,True,bd22d70c83498c4c5d32e07b40fc67111fe5a9c8669bd38d2e965e577fb70ca4,512,512,,,,,,,,,
train,CL10,ydfid/CL10/train/good/ydfid_train_000388.bmp,,0,True,a0d1191cfd76f408d1806828fd400cdc4e0b0544796d1ece19c1a332a4e6160f,512,512,,,,,,,,,
train,CL10,ydfid/CL10/train/good/ydfid_train_000389.bmp,,0,True,7177d1737178c28391136e385c172e936cfd431ae41b64e85b1a8f4af40d7919,512,512,,,,,,,,,
train,CL10,ydfid/CL10/train/good/ydfid_train_000390.bmp,,0,True,478d3d32bd8c9b33fca29a4627a5829c58449d7b3c34a9e0df71c76f86705650,512,512,,,,,,,,,
train,CL10,ydfid/CL10/train/good/ydfid_train_000391.bmp,,0,True,e63628e34558b739a6f266ac01001a82c738aa599a0fa822711ee8687762006d,512,512,,,,,,,,,
train,CL10,ydfid/CL10/train/good/ydfid_train_000392.bmp,,0,True,63d8796e3580e32e0ae185cfb93594fdda4cd9d4855f7c3e8cee91f7a3ef0cb6,512,512,,,,,,,,,
train,CL10,ydfid/CL10/train/good/ydfid_train_000393.bmp,,0,True,741cff57129c58dcc9310592a6be37ad1a1e1ee7d134404dc6174c82ab5abdea,512,512,,,,,,,,,
train,CL10,ydfid/CL10/train/good/ydfid_train_000394.bmp,,0,True,b91155fdcb49732d9feaf766d8cf5c8abeb7e7b4650cc140a0a8bc60397e7e11,512,512,,,,,,,,,
train,CL10,ydfid/CL10/train/good/ydfid_train_000395.bmp,,0,True,9aa1162f41e0170acbf6ed9ec911e61dba339f3714e78e5059c412b3cbf759c9,512,512,,,,,,,,,
train,CL10,ydfid/CL10/train/good/ydfid_train_000396.bmp,,0,True,abba909853127acdabbb5a698e0efbe2440330267ca67fa7d7c0434c51d1ec54,512,512,,,,,,,,,
train,CL10,ydfid/CL10/train/good/ydfid_train_000397.bmp,,0,True,3d46b6f2da20527b0da1c16a8ab8e68e81b5e0db054ca3695e088cc48fec773d,512,512,,,,,,,,,
train,CL10,ydfid/CL10/train/good/ydfid_train_000398.bmp,,0,True,18f8e8c092160bc0e3afb7354f892bac22cb0c1ca579925af1169aa0f9eeb05e,512,512,,,,,,,,,
train,CL10,ydfid/CL10/train/good/ydfid_train_000399.bmp,,0,True,124b5a23394d90b50dd311f69d44c414cc55cd34e547e643be8dc73d7a5bc631,512,512,,,,,,,,,
train,CL10,ydfid/CL10/train/good/ydfid_train_000400.bmp,,0,True,c647125608935879f9374af773611af253bf05c9fbb4b2efd4b7982a9daf5c7d,512,512,,,,,,,,,
train,CL10,ydfid/CL10/train/good/ydfid_train_000401.bmp,,0,True,767d57bf87b460cd172621b7b94c02bcfb54a45715a36f7b4cdb0f0c77066d3b,512,512,,,,,,,,,
train,CL10,ydfid/CL10/train/good/ydfid_train_000402.bmp,,0,True,ca3735b28655f8717a0014f1640732238efe0366b2dc01199cb6b4eb0bd27594,512,512,,,,,,,,,
train,CL10,ydfid/CL10/train/good/ydfid_train_000403.bmp,,0,True,6a8324cfc29affa3ad944288f80076819ba552cdfc326fd773da935aaac2d555,512,512,,,,,,,,,
train,CL10,ydfid/CL10/train/good/ydfid_train_000404.bmp,,0,True,2b74bd2fdc3964f2234fe3c0e81e3cdf7b35d9bfbb108989db2bfea10cc6d5b6,512,512,,,,,,,,,
train,CL10,ydfid/CL10/train/good/ydfid_train_000405.bmp,,0,True,34ee7be204ca517de0d76841721dff79cd769a24af890ec8d4ec97c4687d1ed8,512,512,,,,,,,,,
train,CL10,ydfid/CL10/train/good/ydfid_train_000406.bmp,,0,True,49fb99496c5f0d5a8e9060204b540889ec56783e32bd7e64a69133799005d59d,512,512,,,,,,,,,
train,CL10,ydfid/CL10/train/good/ydfid_train_000407.bmp,,0,True,024f10e2f14d284981903ec5e0432e3a55b3bae6c23ef1ce5ecb2dffe4aeaed7,512,512,,,,,,,,,
train,CL10,ydfid/CL10/train/good/ydfid_train_000408.bmp,,0,True,371f0c69386a5f71e545d95996074d71bffcf96409bb08d5de9061e1363dabd3,512,512,,,,,,,,,
train,CL10,ydfid/CL10/train/good/ydfid_train_000409.bmp,,0,True,70e8bfe1d9c457c61b86549305569cd175fcc02f3c9d93e6d9b3628c8a3adba0,512,512,,,,,,,,,
train,CL10,ydfid/CL10/train/good/ydfid_train_000410.bmp,,0,True,fb7360bd7b80c18b2e835903ccb13eab8a46f15e9e7f92473bef011923dff76c,512,512,,,,,,,,,
train,CL10,ydfid/CL10/train/good/ydfid_train_000411.bmp,,0,True,8c970a99084acbf35baa48f46bba1fc08ad94b9c00dfbdddb47558b53f846ddc,512,512,,,,,,,,,
train,CL10,ydfid/CL10/train/good/ydfid_train_000412.bmp,,0,True,fb24ab89c537958515e2055fb9876f2e67e1b67496d5b322ba4fb27458d3162d,512,512,,,,,,,,,
train,CL10,ydfid/CL10/train/good/ydfid_train_000413.bmp,,0,True,a303d92f01da81969ae0d5b4426ed60af6e20d9e81c501243b02e8443c410202,512,512,,,,,,,,,
train,CL10,ydfid/CL10/train/good/ydfid_train_000414.bmp,,0,True,4c6c584bfa2215aa59840f884054139b059ef24dd7118f0be3afa7da1c782b5a,512,512,,,,,,,,,
train,CL10,ydfid/CL10/train/good/ydfid_train_000415.bmp,,0,True,c3983d2b3f2ae6e10df1e5a63183e82f781a94b2f228f1c93d1c2d5e81453d4a,512,512,,,,,,,,,
train,CL10,ydfid/CL10/train/good/ydfid_train_000416.bmp,,0,True,c02b9eb250d6865a156efd42a9034ec88851a6c19e6770efe2567e95b82906dc,512,512,,,,,,,,,
train,CL10,ydfid/CL10/train/good/ydfid_train_000417.bmp,,0,True,9aa88d4e4a335a7ae886add0eacaaf31e2556f41f7628e972e5fd5a75964ab46,512,512,,,,,,,,,
train,CL10,ydfid/CL10/train/good/ydfid_train_000418.bmp,,0,True,6b6d6d6fc4f98e217f9108c5837b5723a9585cd06ec5f0a0a565f45ce5368a12,512,512,,,,,,,,,
train,CL10,ydfid/CL10/train/good/ydfid_train_000419.bmp,,0,True,6cd9eb4220c4808629f51ef63d74341cb98f56ab927d58ebe1ef278a041ec58b,512,512,,,,,,,,,
train,CL10,ydfid/CL10/train/good/ydfid_train_000420.bmp,,0,True,48597d18fbbe6cae9b0f1f9c4200561e03f48f2760d4b362184fe72287024d9f,512,512,,,,,,,,,
train,CL10,ydfid/CL10/train/good/ydfid_train_000421.bmp,,0,True,2b34a50bcaf4d4f172548602fe8316c2ffaa8ca783076af35049e9fa35268dba,512,512,,,,,,,,,
train,CL10,ydfid/CL10/train/good/ydfid_train_000422.bmp,,0,True,e697805330ffbf6346a81e6fc2586be2d29cc693a1de42dcc5acd26b8ff498fb,512,512,,,,,,,,,
train,CL10,ydfid/CL10/train/good/ydfid_train_000423.bmp,,0,True,5087db5a774f4277e5926b599afd5fe44e4a5539410c7d57ccd10c94693c58ee,512,512,,,,,,,,,
train,CL10,ydfid/CL10/train/good/ydfid_train_000424.bmp,,0,True,78866956ac97aba72f9e9ca2ebc4339889c1d9cd136b9cecec2975c968376ad1,512,512,,,,,,,,,
train,CL10,ydfid/CL10/train/good/ydfid_train_000425.bmp,,0,True,eafcb77c2098efe6a97e6aa762be6f3a3b9a6903db663fbeb9469a943cf0ba4a,512,512,,,,,,,,,
train,CL10,ydfid/CL10/train/good/ydfid_train_000426.bmp,,0,True,10c3ceeb6e3c71f6ef13ec2e10ab23ec969c63d643b8e44ae5a92f6188b832d3,512,512,,,,,,,,,
train,CL10,ydfid/CL10/train/good/ydfid_train_000427.bmp,,0,True,40309116b19937495fd03881723a695119823ca92d92262f816150053bf01634,512,512,,,,,,,,,
train,CL10,ydfid/CL10/train/good/ydfid_train_000428.bmp,,0,True,ae25ca61d8d9feb32b27cd59e820ff36cfd947e459dc261ce9964cf98a8107d1,512,512,,,,,,,,,
train,CL10,ydfid/CL10/train/good/ydfid_train_000429.bmp,,0,True,8aa715b93c74f0c0d93761761dbd94530b54785ce53cb2fd9fe054a07566a907,512,512,,,,,,,,,
train,CL10,ydfid/CL10/train/good/ydfid_train_000430.bmp,,0,True,8a66dd5c605b3615afd7984a409c99a22b5883513f3a191beba99c1ea19e4fa3,512,512,,,,,,,,,
train,CL10,ydfid/CL10/train/good/ydfid_train_000431.bmp,,0,True,8770d03e35dbaefbeb48c844da3acbcd1c0b74ab9455345f03c41880f1fe6baa,512,512,,,,,,,,,
train,CL10,ydfid/CL10/train/good/ydfid_train_000432.bmp,,0,True,9f90e38fa0d6911c26c1f03a6c503ec1c04cef1073dfb6598b631783f356586a,512,512,,,,,,,,,
train,CL10,ydfid/CL10/train/good/ydfid_train_000433.bmp,,0,True,4cf5bfebf2d80d2adf79cfc1998769bc4188d8791c1ca59987648b2db6857b9b,512,512,,,,,,,,,
train,CL10,ydfid/CL10/train/good/ydfid_train_000434.bmp,,0,True,b12d5c37e4d2717b790906fdd4654db727cbf033d4a2ac15270ebc50ef2babc0,512,512,,,,,,,,,
train,CL10,ydfid/CL10/train/good/ydfid_train_000435.bmp,,0,True,e66a344317fdb445b47648b8ab457b1eebd0bca876e14c04512fae9377135c45,512,512,,,,,,,,,
train,CL10,ydfid/CL10/train/good/ydfid_train_000436.bmp,,0,True,9939b65edb255e164a0637c75e8e168bb95455453eeb8ef01e6615d89b8f647b,512,512,,,,,,,,,
train,CL10,ydfid/CL10/train/good/ydfid_train_000437.bmp,,0,True,058a84dabfc9bde7f86ae422d8e4d9f43aba79e51c26a95fd3b7255010da94e4,512,512,,,,,,,,,
train,CL10,ydfid/CL10/train/good/ydfid_train_000438.bmp,,0,True,bb1ae4ba474777469cd2657fce64ea6f30c74bc559056d880436107fcc517585,512,512,,,,,,,,,
train,CL10,ydfid/CL10/train/good/ydfid_train_000439.bmp,,0,True,516e333c5c96a9987c64d6c75a95c15740a57613c53e0709c2fb62ed9a5ea685,512,512,,,,,,,,,
train,CL10,ydfid/CL10/train/good/ydfid_train_000440.bmp,,0,True,14fd581edee513db8bac7aaa5916c29d8922122b29f2ede8a3045c721a9ae681,512,512,,,,,,,,,
train,CL10,ydfid/CL10/train/good/ydfid_train_000441.bmp,,0,True,13df47e312723d3e74093ffd67920f5f6aefaff3769a5f62c2ce0b27d991a853,512,512,,,,,,,,,
train,CL10,ydfid/CL10/train/good/ydfid_train_000442.bmp,,0,True,6f1462df986f35f09b502bc1fa685fb96503aad7c5fdf6b84ada83945ed427a1,512,512,,,,,,,,,
train,CL10,ydfid/CL10/train/good/ydfid_train_000443.bmp,,0,True,43b71c3ae7303a771988536071c724baec6ed90612a77d0eeacac879fa337be7,512,512,,,,,,,,,
train,CL10,ydfid/CL10/train/good/ydfid_train_000444.bmp,,0,True,7bb20cc004354d50860e2e7cefb0cffe0186baf742ec5d85154ad6dfeb160c27,512,512,,,,,,,,,
train,CL10,ydfid/CL10/train/good/ydfid_train_000445.bmp,,0,True,96437822c35e19ad7972dfe7527d89b201453a0cc1a581765901e964cadc3e45,512,512,,,,,,,,,
train,CL10,ydfid/CL10/train/good/ydfid_train_000446.bmp,,0,True,96231ae2f67cef3ea71e3124775cbd2af922985a12f61c5581350a29a81fc0d4,512,512,,,,,,,,,
train,CL10,ydfid/CL10/train/good/ydfid_train_000447.bmp,,0,True,c032db1cac103a50a3579649caac2f8519001d114ea4700b786cc5c97e279e76,512,512,,,,,,,,,
train,CL10,ydfid/CL10/train/good/ydfid_train_000448.bmp,,0,True,cc0de538f0504f4b83e75441859fd8bae82d0a35f4bf5d55b59462df3e4999c0,512,512,,,,,,,,,
train,CL10,ydfid/CL10/train/good/ydfid_train_000449.bmp,,0,True,a8d68aaac20c1848e5e96b71eb58bdb4d74c36980babf0cd7dc22ef4d0583e45,512,512,,,,,,,,,
train,CL10,ydfid/CL10/train/good/ydfid_train_000450.bmp,,0,True,ed828bb35cbc3e2433f5f6b7a648209043b87b9f4e321b8f8b4dffaaf5f8d6f0,512,512,,,,,,,,,
train,CL10,ydfid/CL10/train/good/ydfid_train_000451.bmp,,0,True,d35d43866c62e35651cec970bd7b12da37a7ec895bee13fa5b58b56457034d7e,512,512,,,,,,,,,
train,CL10,ydfid/CL10/train/good/ydfid_train_000452.bmp,,0,True,b70da88e0e1b94bf0b8aa3baaef1ebafbddfedb73b3d322f83600d2a40c6dec1,512,512,,,,,,,,,
train,CL10,ydfid/CL10/train/good/ydfid_train_000453.bmp,,0,True,74fcd739d6e95747a32afe6c4faba28989bbdd0af8aff05c536b9902eafdf4b6,512,512,,,,,,,,,
train,CL10,ydfid/CL10/train/good/ydfid_train_000454.bmp,,0,True,92901e219056742dddc5294acddff5f3bf6ef5be07472c31dced516dfeb6049a,512,512,,,,,,,,,
train,CL10,ydfid/CL10/train/good/ydfid_train_000455.bmp,,0,True,438639cc9d802e77ea194a69f71d80eb0ac8179004fac7ac62850f3596dfd35e,512,512,,,,,,,,,
train,CL10,ydfid/CL10/train/good/ydfid_train_000456.bmp,,0,True,a7c9486d4c9b8865de9fcc6c22d7b0e77125588055cbb55036c05adbe712f29f,512,512,,,,,,,,,
train,CL10,ydfid/CL10/train/good/ydfid_train_000457.bmp,,0,True,78f7f1f341a59c4bf5df98e7f1578e59a20f34aa3b745e9e5161a022d5b8f5bc,512,512,,,,,,,,,
train,CL10,ydfid/CL10/train/good/ydfid_train_000458.bmp,,0,True,88163b8be25cd23dd41bb639c2afe195358f9ce33795c8f788d9c566e15e5131,512,512,,,,,,,,,
train,CL10,ydfid/CL10/train/good/ydfid_train_000459.bmp,,0,True,7c83a395af05d14d5e9409999c94db12a2a3f0958c2e891bf28e7dff6b7423f0,512,512,,,,,,,,,
train,CL10,ydfid/CL10/train/good/ydfid_train_000460.bmp,,0,True,d33c7bebe5a58658a780d9d5efade1686b8fd595cdb8746b51a6c9960c98f1aa,512,512,,,,,,,,,
train,CL10,ydfid/CL10/train/good/ydfid_train_000461.bmp,,0,True,2556440871750b6256024f072d1eda2d76d7d3cc9677aa2ec85c829747f45288,512,512,,,,,,,,,
train,CL10,ydfid/CL10/train/good/ydfid_train_000462.bmp,,0,True,9295b19bb93727ab54de95defdd4296695a1d4ffa581d30cec1f948933c494fe,512,512,,,,,,,,,
train,CL10,ydfid/CL10/train/good/ydfid_train_000463.bmp,,0,True,964fcc08bb0f6806e9f830930fb599950de8d89dca5f3cf54e3803cd7dd89caa,512,512,,,,,,,,,
train,CL10,ydfid/CL10/train/good/ydfid_train_000464.bmp,,0,True,3168c96e03d65c052a2d2a9af32802ce8e93d23592f923f9a83eeb0394d803fb,512,512,,,,,,,,,
train,CL10,ydfid/CL10/train/good/ydfid_train_000465.bmp,,0,True,09143ff5c6d674e211422d21c584970a0819d7384c6da60f85620c39fb7f1468,512,512,,,,,,,,,
train,CL10,ydfid/CL10/train/good/ydfid_train_000466.bmp,,0,True,739e0a8ad78032e0ab27af90197884a9dff2930ad4645b4b62e03e2e271c415e,512,512,,,,,,,,,
train,CL10,ydfid/CL10/train/good/ydfid_train_000467.bmp,,0,True,1bab80cb81f053cca906e4e5f0a9beadaa77d8642c4ffc946d93a74e120a6e42,512,512,,,,,,,,,
train,CL10,ydfid/CL10/train/good/ydfid_train_000468.bmp,,0,True,8a9df1068fdcb0b750ce3ac2aae630bf5e42bd836383d35324243a73d1565cf8,512,512,,,,,,,,,
train,CL10,ydfid/CL10/train/good/ydfid_train_000469.bmp,,0,True,fa1adc28305a72ce8309fa14f39a533d96c4daa98e94f7a4c686d6c6235105c1,512,512,,,,,,,,,
train,CL10,ydfid/CL10/train/good/ydfid_train_000470.bmp,,0,True,9e610c4ff1f7779540c234cfe28ac5dd375787dfdbfbff5fb6e0804d7364021e,512,512,,,,,,,,,
train,CL10,ydfid/CL10/train/good/ydfid_train_000471.bmp,,0,True,57f4639ee06c512c908b3f73f528fbfcce1d6640039dd73df7dfa41728e24c9f,512,512,,,,,,,,,
train,CL10,ydfid/CL10/train/good/ydfid_train_000472.bmp,,0,True,5624341155f8d0a36d6153f26663c80265f2b3b73eda41738e767244346bd164,512,512,,,,,,,,,
train,CL10,ydfid/CL10/train/good/ydfid_train_000473.bmp,,0,True,f80284abafa7a75e20557fc496629e10d2adbef4dd4c5a5480e12ee72a0679f1,512,512,,,,,,,,,
train,CL10,ydfid/CL10/train/good/ydfid_train_000474.bmp,,0,True,abe8b7c79b80c8e166f14c39cc8820eb9aa0670d0ae5ccff3651846070885ea8,512,512,,,,,,,,,
train,CL10,ydfid/CL10/train/good/ydfid_train_000475.bmp,,0,True,d355e8cf07a97fce32d564923e5b5352ad8a5ce7195b7fb8cbdb51405e225022,512,512,,,,,,,,,
train,CL10,ydfid/CL10/train/good/ydfid_train_000476.bmp,,0,True,3dba46f22446ea66b65202fa08eb15783ee23e6c786b0f3bde3d2635876ee342,512,512,,,,,,,,,
train,CL10,ydfid/CL10/train/good/ydfid_train_000477.bmp,,0,True,eaff447309f0c6a449d3a59a630c111314f8affe65cabe4e636c94d230d37876,512,512,,,,,,,,,
train,CL10,ydfid/CL10/train/good/ydfid_train_000478.bmp,,0,True,b91c753f614e0938b9983fa4249b248fb293a0a9516b7cf4f2973ac0fce0c8fc,512,512,,,,,,,,,
train,CL10,ydfid/CL10/train/good/ydfid_train_000479.bmp,,0,True,909eac102bb64007f83aff7269d39e801a1b20e82f8bd492dea2bbf5d6f2ed2b,512,512,,,,,,,,,
train,CL10,ydfid/CL10/train/good/ydfid_train_000480.bmp,,0,True,3da4d3b50f126b2ed62adc2d2ec2dabdbf350ba6f8bafbfbf168edecbbbf0e52,512,512,,,,,,,,,
train,CL10,ydfid/CL10/train/good/ydfid_train_000481.bmp,,0,True,04dd38710ddb5f559128e72c685775c0740b91be4a3577d5fcab4dd15ca8133e,512,512,,,,,,,,,
train,CL10,ydfid/CL10/train/good/ydfid_train_000482.bmp,,0,True,b21eb642ef53ef2c9c4f674eb204586609d4883fa11774fa9815ee1f52ba52b2,512,512,,,,,,,,,
train,CL10,ydfid/CL10/train/good/ydfid_train_000483.bmp,,0,True,3faba78363c0e6255ffd582dd375aedfb616b7374f13177073637eea387644ec,512,512,,,,,,,,,
train,CL10,ydfid/CL10/train/good/ydfid_train_000484.bmp,,0,True,55f6f8a788c946df931155787edf027538cb57139f91f84ce15e4bb0f4913ebc,512,512,,,,,,,,,
train,CL10,ydfid/CL10/train/good/ydfid_train_000485.bmp,,0,True,29d997ac1f019cfbffc798a5a46fac41cbf0c928e4211a869566bf27ff6fd131,512,512,,,,,,,,,
train,CL10,ydfid/CL10/train/good/ydfid_train_000486.bmp,,0,True,ae41490e9406a38006772f41db03aafead9e63ff012517137239fa74b33701b6,512,512,,,,,,,,,
train,CL10,ydfid/CL10/train/good/ydfid_train_000487.bmp,,0,True,2e9793ff20e7c40e49ba469a5d43e590536ec8b56275b653075a77ad04791879,512,512,,,,,,,,,
train,CL10,ydfid/CL10/train/good/ydfid_train_000488.bmp,,0,True,fc3e8ee8c68de56b8396636ee499d538603d72db52e6809319de1909b260bc24,512,512,,,,,,,,,
train,CL10,ydfid/CL10/train/good/ydfid_train_000489.bmp,,0,True,b3eb18359d04731595bd1a9897ea165861c4701f4553c018fd2489ceb547eb43,512,512,,,,,,,,,
train,CL10,ydfid/CL10/train/good/ydfid_train_000490.bmp,,0,True,d3544da4d1cb58c1cdc2f7b50483ee77c8127fa3c8f4e6eddb79aba03fadf427,512,512,,,,,,,,,
train,CL10,ydfid/CL10/train/good/ydfid_train_000491.bmp,,0,True,1662c4f8fe38354d6c2f2b4e0cfb7fa8a19a5e416c976ae91018454d8e5ec5bc,512,512,,,,,,,,,
train,CL12,ydfid/CL12/train/good/ydfid_train_000658.bmp,,0,True,7ff0d6967f6ecba6cfa043f25149f4964edb6589c00647e243fa6e6e2517d31f,512,512,,,,,,,,,
train,CL12,ydfid/CL12/train/good/ydfid_train_000659.bmp,,0,True,8007263147f7dd7809768d02ac67923b229895d534156d692e5b2d1c5ad27713,512,512,,,,,,,,,
train,CL12,ydfid/CL12/train/good/ydfid_train_000660.bmp,,0,True,f7eed656b1981cc9ae59c23f71302473470706b0757dd4e425bee749783df77e,512,512,,,,,,,,,
train,CL12,ydfid/CL12/train/good/ydfid_train_000661.bmp,,0,True,ba1e726d42a8d4214335ab2462e03375b1b340189a0c8c704f17fc1089740b42,512,512,,,,,,,,,
train,CL12,ydfid/CL12/train/good/ydfid_train_000662.bmp,,0,True,ea25580a50f7add017109b1e7209801700bf233d9cec23840a4f19d6975d3a27,512,512,,,,,,,,,
train,CL12,ydfid/CL12/train/good/ydfid_train_000663.bmp,,0,True,622e70e2c4752f3077d666d17843f8ad0d78b0a1904bbcba900672f161bab6f2,512,512,,,,,,,,,
train,CL12,ydfid/CL12/train/good/ydfid_train_000664.bmp,,0,True,f6cc8ae6bd0d3e82f7eaf79eda4e1e986b94dd019a043465ab64c438b187b2e1,512,512,,,,,,,,,
train,CL12,ydfid/CL12/train/good/ydfid_train_000665.bmp,,0,True,d73d24aeb13345bab07a599cc955f86f68ae742981b4064e4553460400a63f71,512,512,,,,,,,,,
train,CL12,ydfid/CL12/train/good/ydfid_train_000666.bmp,,0,True,4b2a923a5aa279c0a5fa94d67b60d5c28895aa3cb0882074727974b53d262246,512,512,,,,,,,,,
train,CL12,ydfid/CL12/train/good/ydfid_train_000667.bmp,,0,True,88cc321ee7e486f1f8e2d0a5cc144154e9a94930b4c4fa5b6e1b05ffbf476aa6,512,512,,,,,,,,,
train,CL12,ydfid/CL12/train/good/ydfid_train_000668.bmp,,0,True,43db40c19e0bb14cdc7c562eb4585ad4b7317aa4ab37d3b1c23853f0dba57a14,512,512,,,,,,,,,
train,CL12,ydfid/CL12/train/good/ydfid_train_000669.bmp,,0,True,ca71ad94a2c9df48a83b1ecf288413a3f22b97afcff56f55c5baeea3f43fdc32,512,512,,,,,,,,,
train,CL12,ydfid/CL12/train/good/ydfid_train_000670.bmp,,0,True,04bf2f1b103d15784735cb331a91a0974b4c7348b9c3eb440debcc72b2ee16ca,512,512,,,,,,,,,
train,CL12,ydfid/CL12/train/good/ydfid_train_000671.bmp,,0,True,b08fe3824e75dee0f132de968d06794211a2cd8aba16e7db3150a5e5d98b1bb0,512,512,,,,,,,,,
train,CL12,ydfid/CL12/train/good/ydfid_train_000672.bmp,,0,True,6a5763b6848f9782f6d34423a7f3e37a7920be18b6332f209c38099cd6f42580,512,512,,,,,,,,,
train,CL12,ydfid/CL12/train/good/ydfid_train_000673.bmp,,0,True,afcc6f139c879bf9175dcec258030da97a435114559c78a3f85c0bcaa353c642,512,512,,,,,,,,,
train,CL12,ydfid/CL12/train/good/ydfid_train_000674.bmp,,0,True,1832f71796f42c8a349701ed3aee22563bf7664329497c03607a79a12cfc3523,512,512,,,,,,,,,
train,CL12,ydfid/CL12/train/good/ydfid_train_000675.bmp,,0,True,81fee757e50d810861d86a23b44243de40ebf33b1e1dff5906750a9b32bbce9f,512,512,,,,,,,,,
train,CL12,ydfid/CL12/train/good/ydfid_train_000676.bmp,,0,True,2c65ffa9ecca38eb19ff5e047607bb8d2a350afc36237fa0698389d97c27dbcb,512,512,,,,,,,,,
train,CL12,ydfid/CL12/train/good/ydfid_train_000677.bmp,,0,True,624a477efb278625db5ebcd37ac47d400ea4081614037812bfa6300d2856b985,512,512,,,,,,,,,
train,CL12,ydfid/CL12/train/good/ydfid_train_000678.bmp,,0,True,c2e0b11bd92a4cedaf072e2c8f809e238eeac4d0af8135598bd3445fd24486a8,512,512,,,,,,,,,
train,CL12,ydfid/CL12/train/good/ydfid_train_000679.bmp,,0,True,92c265d06fcbd4b9c67201288103101fd8ccfa056ebfd129aaf794db9223b1dc,512,512,,,,,,,,,
train,CL12,ydfid/CL12/train/good/ydfid_train_000680.bmp,,0,True,b2b3596438b8fa01374d2b0ce7098c439a18b8b060855ead8154493aa749b018,512,512,,,,,,,,,
train,CL12,ydfid/CL12/train/good/ydfid_train_000681.bmp,,0,True,234e3d007c73d9739ca593ed26435fa36c9a62c2cecb56c62b791130ab1a4ead,512,512,,,,,,,,,
train,CL12,ydfid/CL12/train/good/ydfid_train_000682.bmp,,0,True,2154183d265845f3e51638440c0de5ca186423e60ae32433092a286244ebe838,512,512,,,,,,,,,
train,CL12,ydfid/CL12/train/good/ydfid_train_000683.bmp,,0,True,6930e7dcb3df6b11e599c4aaef2633e5521f11333260a26d864d400a179a74eb,512,512,,,,,,,,,
train,CL12,ydfid/CL12/train/good/ydfid_train_000684.bmp,,0,True,c4f081f8d1183b2a6753ed937777d17a9668b3792fe345ce9aa7c6296b8a5447,512,512,,,,,,,,,
train,CL12,ydfid/CL12/train/good/ydfid_train_000685.bmp,,0,True,aca5e7dac123a86047de0740fdd34310fb417fc374df9260750cde0fb2afb3f3,512,512,,,,,,,,,
train,CL12,ydfid/CL12/train/good/ydfid_train_000686.bmp,,0,True,44cb50e01f1857b8157315b2e470ed532d2fbbf62a975e19a72ced1d83451704,512,512,,,,,,,,,
train,CL12,ydfid/CL12/train/good/ydfid_train_000687.bmp,,0,True,a24c77fb13833a0c73c0eeacfdb164acc4b79a215591a2dad1ef2594863b9b05,512,512,,,,,,,,,
train,CL12,ydfid/CL12/train/good/ydfid_train_000688.bmp,,0,True,eccf92505ed28467c1cc47427b4d746d7b8662409aa813abc9ecb6b5dbbd38d1,512,512,,,,,,,,,
train,CL12,ydfid/CL12/train/good/ydfid_train_000689.bmp,,0,True,0621c8eb7557a978b0ac14f0d132abcf91143ed563c85e1dc37f1223c4b99243,512,512,,,,,,,,,
train,CL12,ydfid/CL12/train/good/ydfid_train_000690.bmp,,0,True,74a8fd2028e6327c2f9167067642fe726f0703f77a463ad40e09a347871d2c87,512,512,,,,,,,,,
train,CL12,ydfid/CL12/train/good/ydfid_train_000691.bmp,,0,True,94f8d850d02afb2e23ad0aa7b3cbaf938af020327d4a4d04b107e45882172a05,512,512,,,,,,,,,
train,CL12,ydfid/CL12/train/good/ydfid_train_000692.bmp,,0,True,0bd72e50912d74fd742bee0b3f95c1347fd80c7129819118b4c2252651bf09b1,512,512,,,,,,,,,
train,CL12,ydfid/CL12/train/good/ydfid_train_000693.bmp,,0,True,6c3902e37f20051907f0f2eb617be259d83e7b87f62efd665fe83ef0b9ee37f9,512,512,,,,,,,,,
train,CL12,ydfid/CL12/train/good/ydfid_train_000694.bmp,,0,True,6e499d3ea4046adbc5c892bfd92352ea7a6bc50a84898fbe3eda3607219e31f6,512,512,,,,,,,,,
train,CL12,ydfid/CL12/train/good/ydfid_train_000695.bmp,,0,True,87440f53f1a7290dfe3782b463ad2198c4d399574a7394a9060ff1d539723156,512,512,,,,,,,,,
train,CL12,ydfid/CL12/train/good/ydfid_train_000696.bmp,,0,True,76129ffd4fb878290b18827392d71d6b44bc157fa936184e5c1d348973ed8608,512,512,,,,,,,,,
train,CL12,ydfid/CL12/train/good/ydfid_train_000697.bmp,,0,True,bb14916b5c4f236b50f3ec8149c1f4675692d6c628d4a7b83ee171cbc8954b91,512,512,,,,,,,,,
train,CL12,ydfid/CL12/train/good/ydfid_train_000698.bmp,,0,True,7e6848cc2abd2879ba0fc0013d1141fdf96c8829893e7c6c6c6a0c3263ec165a,512,512,,,,,,,,,
train,CL12,ydfid/CL12/train/good/ydfid_train_000699.bmp,,0,True,2cfaaa328c8ed84c0ff2e9813453bd7ae7fa66f114cc66ea5e6bff445c6cd815,512,512,,,,,,,,,
train,CL12,ydfid/CL12/train/good/ydfid_train_000700.bmp,,0,True,c071bbaf8e44847495fff63d1bd5ea5b005bb8a683111e400a0e14e97744a178,512,512,,,,,,,,,
train,CL12,ydfid/CL12/train/good/ydfid_train_000701.bmp,,0,True,376e4d3a5227e11a3c5928c3e4ef403bac22b3a3ca2b2df891db604c5679fde0,512,512,,,,,,,,,
train,CL12,ydfid/CL12/train/good/ydfid_train_000702.bmp,,0,True,17a195b267294779086da4feb8593034c877f96a6dbe000a1f3555a9b66ccac3,512,512,,,,,,,,,
train,CL12,ydfid/CL12/train/good/ydfid_train_000703.bmp,,0,True,7c6aac74de7b3bab227a7ecab6dabb782dac4cbddd5a9ca822b7d51b85a76609,512,512,,,,,,,,,
train,CL12,ydfid/CL12/train/good/ydfid_train_000704.bmp,,0,True,27f38cb005683c7b353d7b0ccd9d871630631d52c6a9f72d442cda073fc81a11,512,512,,,,,,,,,
train,CL12,ydfid/CL12/train/good/ydfid_train_000705.bmp,,0,True,6e235642447567e51634b7765bf920eb94c3992286d5682a02693e199649fa90,512,512,,,,,,,,,
train,CL12,ydfid/CL12/train/good/ydfid_train_000706.bmp,,0,True,3e20748feb1b26b1db87f038c6d12bf0d63aab422964e6575898b077514c5987,512,512,,,,,,,,,
train,CL12,ydfid/CL12/train/good/ydfid_train_000707.bmp,,0,True,003ed286bb1b47c4dcb2fe1d13b116e3e4cdcabd2ecd230035199cd9e2b236b8,512,512,,,,,,,,,
train,CL12,ydfid/CL12/train/good/ydfid_train_000708.bmp,,0,True,672bd07621a6a6e9e12cdf7f5e6611ca4cce6f0865d1530dfc09d3fc086ab77d,512,512,,,,,,,,,
train,CL12,ydfid/CL12/train/good/ydfid_train_000709.bmp,,0,True,1b80a32d5c5207f382b1e0caaa8c5a2c5fc4d16d427e9b44d4bbf12430c3684b,512,512,,,,,,,,,
train,CL12,ydfid/CL12/train/good/ydfid_train_000710.bmp,,0,True,27c302af993e014a1ad2e98760ee16787306a46ae971e0bfe245532dee76a7f1,512,512,,,,,,,,,
train,CL12,ydfid/CL12/train/good/ydfid_train_000711.bmp,,0,True,630b1c7e0ca4932f71bce799682f559fd9123952d39919eac5b7490cb51346a4,512,512,,,,,,,,,
train,CL12,ydfid/CL12/train/good/ydfid_train_000712.bmp,,0,True,24b6d3723d357359bb258c0600e1ce9f368bd95a93b24c23b03a50b85dbd61c8,512,512,,,,,,,,,
train,CL12,ydfid/CL12/train/good/ydfid_train_000713.bmp,,0,True,5a9b56e38b5d5f3849a6b8641d1267823e2017ca911dd74224a7cb0eed1b5ede,512,512,,,,,,,,,
train,CL12,ydfid/CL12/train/good/ydfid_train_000714.bmp,,0,True,1eda037275e27946e617a198852025f71d7073ed7ad371c4e48d21704cdc59ee,512,512,,,,,,,,,
train,CL12,ydfid/CL12/train/good/ydfid_train_000715.bmp,,0,True,4cd4fce837e17e3b72cbf41a6e2b9be32531ce2a813949abf90d04ae7d71e4c7,512,512,,,,,,,,,
train,CL12,ydfid/CL12/train/good/ydfid_train_000716.bmp,,0,True,e35de3686eb726c5ee47507ebe48f289484a846a6c99fd0a725975c701737ea5,512,512,,,,,,,,,
train,CL12,ydfid/CL12/train/good/ydfid_train_000717.bmp,,0,True,a76ff8bdddfb409f61859b9b12f588136dba60a9074e69bef7296bee13eb2f77,512,512,,,,,,,,,
train,CL12,ydfid/CL12/train/good/ydfid_train_000718.bmp,,0,True,b0204830cad889656a374fe7125f54c30d715d38cbccf6ffb97cc79fdb429596,512,512,,,,,,,,,
train,CL12,ydfid/CL12/train/good/ydfid_train_000719.bmp,,0,True,55a8922f1e86215f3058507c7c7da692e1821e0f5c603f54f5259bb4359268d1,512,512,,,,,,,,,
train,CL12,ydfid/CL12/train/good/ydfid_train_000720.bmp,,0,True,f73511d07acac31ad1ecaa555f199a5bcc0a6325582938a9940e6f8dd1f6f865,512,512,,,,,,,,,
train,CL12,ydfid/CL12/train/good/ydfid_train_000721.bmp,,0,True,b505ed13e3702e109fc4662de107759d7a9cb68c9b1c40c69df9c13b65770919,512,512,,,,,,,,,
train,CL12,ydfid/CL12/train/good/ydfid_train_000722.bmp,,0,True,9ddaeb2602ff7aab19d1ac6723ddac059c034769de1ba606853834c8648c1a32,512,512,,,,,,,,,
train,CL12,ydfid/CL12/train/good/ydfid_train_000723.bmp,,0,True,c8e7d571097bae396e640cab4e86937de166dead9edf08010138481434bdd7b1,512,512,,,,,,,,,
train,CL12,ydfid/CL12/train/good/ydfid_train_000724.bmp,,0,True,dc43ebe2e5f94e1a65e0355ac880cf320aaf883d45ad0f409de3a1671698cbe1,512,512,,,,,,,,,
train,CL12,ydfid/CL12/train/good/ydfid_train_000725.bmp,,0,True,37a2c474334f8d626fd441865aa10c78ec0ec363a215c283b67e1582f6b9214e,512,512,,,,,,,,,
train,CL12,ydfid/CL12/train/good/ydfid_train_000726.bmp,,0,True,db9a3341713b0f104b717caec73488ecf2c6c5978669e0d5d1105251a1a5493a,512,512,,,,,,,,,
train,CL12,ydfid/CL12/train/good/ydfid_train_000727.bmp,,0,True,799fbb01f43558e2345c34eb2c931063bbacb893d7ef692ea079fba6fafa85ba,512,512,,,,,,,,,
train,CL12,ydfid/CL12/train/good/ydfid_train_000728.bmp,,0,True,8dbc8cc41934a85d0d5649a0ef239ecec65832fd8374d00c774b4080fc8b6d30,512,512,,,,,,,,,
train,CL12,ydfid/CL12/train/good/ydfid_train_000729.bmp,,0,True,1169d1136bfe900b73c8ead27fdec2172c39151a321d67e17a007535ad404f00,512,512,,,,,,,,,
train,CL12,ydfid/CL12/train/good/ydfid_train_000730.bmp,,0,True,effdd9ea1d01b01c4c45c8b5fe47778979675dba9cb0afd48c7bf9e36bcc65d0,512,512,,,,,,,,,
train,CL12,ydfid/CL12/train/good/ydfid_train_000731.bmp,,0,True,7bb6105df5e898356551ce3b6968eb64fb80ff02e78f1b1fcdd062ec44deb719,512,512,,,,,,,,,
train,CL12,ydfid/CL12/train/good/ydfid_train_000732.bmp,,0,True,ab15322d93c9e13d1552155613689eb10a59f89a26170b4ad0c5f95cfabafa88,512,512,,,,,,,,,
train,CL12,ydfid/CL12/train/good/ydfid_train_000733.bmp,,0,True,916b72ff7a145359285a52f2b4f15234b33cab5a16897d1433f9f53e9948d987,512,512,,,,,,,,,
train,CL12,ydfid/CL12/train/good/ydfid_train_000734.bmp,,0,True,339ecd7ddb02981fcd1fa822c4d8413ceff6c3c9e47e2e9fadcee7afe4169775,512,512,,,,,,,,,
train,CL12,ydfid/CL12/train/good/ydfid_train_000735.bmp,,0,True,a1f1c221e27803c8eed0b148fc9a49f43d2b0f084b2fb396e697d8dd7121bb93,512,512,,,,,,,,,
train,CL12,ydfid/CL12/train/good/ydfid_train_000736.bmp,,0,True,c126dd4dc5c1949f6f09f00ef79717ff824d610bb4f12ca61b6dcac24e74fc7e,512,512,,,,,,,,,
train,CL12,ydfid/CL12/train/good/ydfid_train_000737.bmp,,0,True,89a751e6adf15604a4acaabfaf705acbe7c30c3103cbe0dbf87a356b4bcf59e3,512,512,,,,,,,,,
train,CL12,ydfid/CL12/train/good/ydfid_train_000738.bmp,,0,True,15b5ddfe20382eed0b5c6ff16e16cc9ef2219c58e61d492ba226edd9a997af48,512,512,,,,,,,,,
train,CL12,ydfid/CL12/train/good/ydfid_train_000739.bmp,,0,True,ef97a99d54eab6f0647a635832e506327c6dbdcda3b871c793d2e2f03f7356da,512,512,,,,,,,,,
train,CL12,ydfid/CL12/train/good/ydfid_train_000740.bmp,,0,True,48503c038197ab2617ce37311011b6245d4131841b19e95873faf446c681e535,512,512,,,,,,,,,
train,CL12,ydfid/CL12/train/good/ydfid_train_000741.bmp,,0,True,f0460f882df36ef7680c448ed2f58eec878b8115782eeb7c8291a680dc170b8a,512,512,,,,,,,,,
train,CL12,ydfid/CL12/train/good/ydfid_train_000742.bmp,,0,True,51ead38d7a9bc1de76e3367c29ef519ab94e195d8ede68763e87ac4a9622b544,512,512,,,,,,,,,
train,CL12,ydfid/CL12/train/good/ydfid_train_000743.bmp,,0,True,5bcdfa7cce0fcc88305bef8991359aedae367289795e45cf2b4aca4cd1c96557,512,512,,,,,,,,,
train,CL12,ydfid/CL12/train/good/ydfid_train_000744.bmp,,0,True,2c81c3208a0f213156712e836722f3bdbb0e00e9b83b6443826ad02329da8726,512,512,,,,,,,,,
train,CL12,ydfid/CL12/train/good/ydfid_train_000745.bmp,,0,True,4648f0dd6461b617977602c61d5a0f7f69304031a8a60021c2efdffb07cae1f7,512,512,,,,,,,,,
train,CL12,ydfid/CL12/train/good/ydfid_train_000746.bmp,,0,True,a9733af7c1512a37d8c8dc7731baf49481a5a7d723359b7790957b2884d7967b,512,512,,,,,,,,,
train,CL12,ydfid/CL12/train/good/ydfid_train_000747.bmp,,0,True,a70269cfc9be88cdbdac6207e5dd3241d3a590358d0da6775ca7efb69457e28f,512,512,,,,,,,,,
train,CL12,ydfid/CL12/train/good/ydfid_train_000748.bmp,,0,True,3f2b08314466e0ad1021c6c0ddfd5d21361ec72237703ed559e82dfe2c4e341d,512,512,,,,,,,,,
train,CL12,ydfid/CL12/train/good/ydfid_train_000749.bmp,,0,True,8c57658b4c11c15ba4c2306236062a2ca5cef02ef734999b484ac76a129ba8b5,512,512,,,,,,,,,
train,CL12,ydfid/CL12/train/good/ydfid_train_000750.bmp,,0,True,29494d650bff4e2715dbda4913d1a40dc18a8227843d9da9a3a82a53af9651ed,512,512,,,,,,,,,
train,CL12,ydfid/CL12/train/good/ydfid_train_000751.bmp,,0,True,81379e476534800bbdf44e1f3e40c93cd0617f3b98f4706a011d8181bfa4fc27,512,512,,,,,,,,,
train,CL12,ydfid/CL12/train/good/ydfid_train_000752.bmp,,0,True,5caf9134d5d355f131f026b907156ffbb0d4a313504934479393533d20d2f27f,512,512,,,,,,,,,
train,CL12,ydfid/CL12/train/good/ydfid_train_000753.bmp,,0,True,39f851e6039d7d127adf5352a0e9de1459fa5adb9d088fa69fcba984a88875e0,512,512,,,,,,,,,
train,CL12,ydfid/CL12/train/good/ydfid_train_000754.bmp,,0,True,febe303dc7beb02e4dbda019012800dd851ddf4b36410ea0a7b4101480287409,512,512,,,,,,,,,
train,CL12,ydfid/CL12/train/good/ydfid_train_000755.bmp,,0,True,da75175549e1392f5566d2cb5cd6c109a3dc9cf400aab926ecaa1c2559a90d9d,512,512,,,,,,,,,
train,CL12,ydfid/CL12/train/good/ydfid_train_000756.bmp,,0,True,6e15796d4b2f85bd0d62bca4c695ea11ae8415541adfa8fcbfa7fd2db940e6d0,512,512,,,,,,,,,
train,CL12,ydfid/CL12/train/good/ydfid_train_000757.bmp,,0,True,73a31a65b454347124388623c11dff814a48fc460427b00501d6dd4942f0f9aa,512,512,,,,,,,,,
train,CL12,ydfid/CL12/train/good/ydfid_train_000758.bmp,,0,True,0f9614eab1069ffa10dc2f8d4fdd9219c2cd77a002af60ab6d28df3a44c38210,512,512,,,,,,,,,
train,CL12,ydfid/CL12/train/good/ydfid_train_000759.bmp,,0,True,0ab85dfbef236851bc26e558262eba62f1d51fe4b46355af22f65508f19d627f,512,512,,,,,,,,,
train,CL12,ydfid/CL12/train/good/ydfid_train_000760.bmp,,0,True,f08c860b3d3b79942c789f4d98be2d1e102691e5c422a35985971d22e8c7d7b6,512,512,,,,,,,,,
train,CL12,ydfid/CL12/train/good/ydfid_train_000761.bmp,,0,True,7621662ee79af345c0a433da69dbfdbf714685a484a1cdc9256046de251364ed,512,512,,,,,,,,,
train,CL12,ydfid/CL12/train/good/ydfid_train_000762.bmp,,0,True,390c3d2af836cd494ea27319c061b6751d09fadd1c528b9c878028663a4ab1c2,512,512,,,,,,,,,
train,CL12,ydfid/CL12/train/good/ydfid_train_000763.bmp,,0,True,04b5dac858d5d33f18aa50d26158e55e9059f8c5b82893002a4388344ebb74c5,512,512,,,,,,,,,
train,CL12,ydfid/CL12/train/good/ydfid_train_000764.bmp,,0,True,5192a5f791d2ae48f1d3eefbb5bab5a3652ffc9094c36e8cff20858670790622,512,512,,,,,,,,,
train,CL12,ydfid/CL12/train/good/ydfid_train_000765.bmp,,0,True,e61b73253f8d3286ecb414f52da147df47a62728cf9f196017c9e87ea4749132,512,512,,,,,,,,,
train,CL12,ydfid/CL12/train/good/ydfid_train_000766.bmp,,0,True,47a1b03f46480d493b3d7bd34f5a16fe4a63ad3549932d59a1c8339d2c75265d,512,512,,,,,,,,,
train,CL12,ydfid/CL12/train/good/ydfid_train_000767.bmp,,0,True,1f3dd7c551c1d7bc595ce0514948bfca17a876bef891cd0f0a5f0a8dec22afb1,512,512,,,,,,,,,
train,CL12,ydfid/CL12/train/good/ydfid_train_000768.bmp,,0,True,5c7ebaa783861b2fba1bbd20cb3721166fcf3034b4cdc95b1ac23d5ec8045001,512,512,,,,,,,,,
train,CL12,ydfid/CL12/train/good/ydfid_train_000769.bmp,,0,True,ccf66283dbff42e4a39d7c695b6e891d6a8e47c6204a5c5bce6a507fb23a615c,512,512,,,,,,,,,
train,CL12,ydfid/CL12/train/good/ydfid_train_000770.bmp,,0,True,44e381e4ac6ebb1117c3d2911ca57811b8f296ae2b4278ca36fc8c2f50b6f24e,512,512,,,,,,,,,
train,CL12,ydfid/CL12/train/good/ydfid_train_000771.bmp,,0,True,455b559e88f4ddd888da80d1a6a4c43ff2b068a60ed5b19d878dd1136caf0fb4,512,512,,,,,,,,,
train,CL12,ydfid/CL12/train/good/ydfid_train_000772.bmp,,0,True,9dfdb66c35a23f14e24a3bd3941789d11c9c4dcbe52167ff20aeea7a09b3fb9a,512,512,,,,,,,,,
train,CL12,ydfid/CL12/train/good/ydfid_train_000773.bmp,,0,True,a5b7a063115272886981533e14d3a04d1e78dd1aa609ff78f8efba6cbbffc2a8,512,512,,,,,,,,,
train,CL12,ydfid/CL12/train/good/ydfid_train_000774.bmp,,0,True,971af3c4023d97a7c4f9caf99105337bf002e6d613d70875b68a67eb35464b87,512,512,,,,,,,,,
train,CL12,ydfid/CL12/train/good/ydfid_train_000775.bmp,,0,True,f6733c0b57da64760f9a736717d2531039770222bb4e9ac8f006cc14b4173d90,512,512,,,,,,,,,
train,CL12,ydfid/CL12/train/good/ydfid_train_000776.bmp,,0,True,3ae1e5ba3351c626df6aee89de7519ed07002a37eb95ec58a4e3593873856a16,512,512,,,,,,,,,
train,CL12,ydfid/CL12/train/good/ydfid_train_000777.bmp,,0,True,8d2f2969c21e4907d2f37c9be431c7c4b7e3adbf9e81e9092979636b2697e5b1,512,512,,,,,,,,,
train,CL12,ydfid/CL12/train/good/ydfid_train_000778.bmp,,0,True,7bb51dd9f06e03f31dc563aa65fd610bd1a5e101975b71577ec3483cd19fb5d2,512,512,,,,,,,,,
train,CL12,ydfid/CL12/train/good/ydfid_train_000779.bmp,,0,True,dfc5bb79705e8f8f281d58c374817b0cac676842e8acb17d6c9d99151599f074,512,512,,,,,,,,,
train,CL12,ydfid/CL12/train/good/ydfid_train_000780.bmp,,0,True,96de27346ec47b334fc959cb55caff43b17c41e07ae35c212ccaa75cc1c028f2,512,512,,,,,,,,,
train,CL12,ydfid/CL12/train/good/ydfid_train_000781.bmp,,0,True,23305834a1043baae96d6d694cd1e23c8b96c17704339a90f6f5079b0013ea0d,512,512,,,,,,,,,
train,CL12,ydfid/CL12/train/good/ydfid_train_000782.bmp,,0,True,95542e5a4cda4c7194f9fd4c23b9ec5ab1a085b2d2cf7117ad1aa7683c44ce75,512,512,,,,,,,,,
train,CL12,ydfid/CL12/train/good/ydfid_train_000783.bmp,,0,True,ee1fc6b600e2db1661bf937ccb78ec4dd2a9acc11fef5ab1f2e870d29193ef81,512,512,,,,,,,,,
train,CL12,ydfid/CL12/train/good/ydfid_train_000784.bmp,,0,True,2127e0c10258bc78b519eb4b3e63a7991dba194b457106139fe3ddca509b9550,512,512,,,,,,,,,
train,CL12,ydfid/CL12/train/good/ydfid_train_000785.bmp,,0,True,88678c45dac1eac11fe521e8c67a29d2e6860514df331e80964e92bf448ac5b8,512,512,,,,,,,,,
train,CL12,ydfid/CL12/train/good/ydfid_train_000786.bmp,,0,True,a26acdbf700d1351988aa702c0cf7276d64a236e53a83fa5d913c8f990e518e6,512,512,,,,,,,,,
train,CL12,ydfid/CL12/train/good/ydfid_train_000787.bmp,,0,True,10ffdfd482a988401ef63de83c7b8af3a9aba31e0ace0c79b4120fe5cc8afe47,512,512,,,,,,,,,
train,CL12,ydfid/CL12/train/good/ydfid_train_000788.bmp,,0,True,74487983fa74ab77974b74c5ac68e2a4b71611a7bf165a59af6669eff403aa1d,512,512,,,,,,,,,
train,CL2,ydfid/CL2/train/good/ydfid_train_000942.bmp,,0,True,d650e8d17e38892c494701eef7b2d9c8ffae9492b4abddfe31c391b8011d53d6,512,512,,,,,,,,,
train,CL2,ydfid/CL2/train/good/ydfid_train_000943.bmp,,0,True,c8d71475da667d640db69fffa0c7540f5138c0805e71e5c2e3f3eb06a5b3e19d,512,512,,,,,,,,,
train,CL2,ydfid/CL2/train/good/ydfid_train_000944.bmp,,0,True,4eb331859889bacfd8814fff936e837f66a145f8f14cd5a54da6e8eb88f9a5f0,512,512,,,,,,,,,
train,CL2,ydfid/CL2/train/good/ydfid_train_000945.bmp,,0,True,aa6b6ae3bdb599e27e22622586d5604e4a7b2284246305f6d6f4da99a066b7fa,512,512,,,,,,,,,
train,CL2,ydfid/CL2/train/good/ydfid_train_000946.bmp,,0,True,1fb4a4be6d99105e21f666e124332f796d1030daffba78adc5a577d89db96ebd,512,512,,,,,,,,,
train,CL2,ydfid/CL2/train/good/ydfid_train_000947.bmp,,0,True,5f870e7ed985bb24a4e5cc989ec42a8fcd2678cbd9c789302532d1dd55000164,512,512,,,,,,,,,
train,CL2,ydfid/CL2/train/good/ydfid_train_000948.bmp,,0,True,028b3c2ea997ddd5c049f5e8ca47f909470768924fa353a45e7b0ff76f0181b0,512,512,,,,,,,,,
train,CL2,ydfid/CL2/train/good/ydfid_train_000949.bmp,,0,True,d9939414825d1b2d2556fe3630a701927c9be20018e9a775f09d9a3aa0de3bdd,512,512,,,,,,,,,
train,CL2,ydfid/CL2/train/good/ydfid_train_000950.bmp,,0,True,3fce23aac2f892177b6b7214f9fcbdd09becee537fab427222de0adf0f9927b0,512,512,,,,,,,,,
train,CL2,ydfid/CL2/train/good/ydfid_train_000951.bmp,,0,True,595ce3b05f815c1ca3cd04c9eea1ec4edc7d831f15555faa1943ed2936ed3e81,512,512,,,,,,,,,
train,CL2,ydfid/CL2/train/good/ydfid_train_000952.bmp,,0,True,7400667e10a9eac6f90630e014c9e89d57b86bfeed05dd64306300de2957dcce,512,512,,,,,,,,,
train,CL2,ydfid/CL2/train/good/ydfid_train_000953.bmp,,0,True,d0aefed950891b806784c46907110e17731644058d647aa271c70cfb8ba58a8c,512,512,,,,,,,,,
train,CL2,ydfid/CL2/train/good/ydfid_train_000954.bmp,,0,True,343a77369a6470f454eca720fcb1d3a4515f8c3a09c9c94a23356a29bdafdc7a,512,512,,,,,,,,,
train,CL2,ydfid/CL2/train/good/ydfid_train_000955.bmp,,0,True,c9d3fb0a0d8399bde63f6b35d12696c077475c72594953253b8305cd7550d010,512,512,,,,,,,,,
train,CL2,ydfid/CL2/train/good/ydfid_train_000956.bmp,,0,True,f6e435f2ed7faeacbeda1290c6edb31e4db6de7feaa3ed3599bfceeeebbdc403,512,512,,,,,,,,,
train,CL2,ydfid/CL2/train/good/ydfid_train_000957.bmp,,0,True,7fae8a2978be680e88497265de0619346801dffed53ded947e39df7058acc54f,512,512,,,,,,,,,
train,CL2,ydfid/CL2/train/good/ydfid_train_000958.bmp,,0,True,d70b296de0eaa410c85b0dec3d3afe5593e7da702cd7000b86758b13da247b37,512,512,,,,,,,,,
train,CL2,ydfid/CL2/train/good/ydfid_train_000959.bmp,,0,True,2aee5ec6a6a341a270b3e46722cbce9529fd7c063e6a47245b11e54c8d7071cb,512,512,,,,,,,,,
train,CL2,ydfid/CL2/train/good/ydfid_train_000960.bmp,,0,True,0fc8f4ce192b2579dc4c1ab362beaad614dcf925706f3a73a7ddc96aa8f8120d,512,512,,,,,,,,,
train,CL2,ydfid/CL2/train/good/ydfid_train_000961.bmp,,0,True,c62584cf265a86fe9c435f55a595b4a25a0210902ab961b3b44418befdee5db4,512,512,,,,,,,,,
train,CL2,ydfid/CL2/train/good/ydfid_train_000962.bmp,,0,True,38cd73e617a02333742b7e0a185a4b27001c5cb296f6dca56bc6d8f3c2fba4b1,512,512,,,,,,,,,
train,CL2,ydfid/CL2/train/good/ydfid_train_000963.bmp,,0,True,dadc224b6067aeee16fa28a216c4614b438399fd3afaea35f876aeb27f44983d,512,512,,,,,,,,,
train,CL2,ydfid/CL2/train/good/ydfid_train_000964.bmp,,0,True,13a6d46f9ca0f9c4a78f04f1b422c80eeadc5496a6fd59fce569789d05d50b2d,512,512,,,,,,,,,
train,CL2,ydfid/CL2/train/good/ydfid_train_000965.bmp,,0,True,e5382f5525f2deefa98d0daf62c393474a7e78e92788fcd109b60b4257c4ab17,512,512,,,,,,,,,
train,CL2,ydfid/CL2/train/good/ydfid_train_000966.bmp,,0,True,53b1c3868aebb0cb99f7ac8c00883c67407f760bf41b338a096a00355aa90fca,512,512,,,,,,,,,
train,CL2,ydfid/CL2/train/good/ydfid_train_000967.bmp,,0,True,9e160c53553dd7b943135da6035c96c705a3b483f39d292c4393482f74f5e34e,512,512,,,,,,,,,
train,CL2,ydfid/CL2/train/good/ydfid_train_000968.bmp,,0,True,1ae99b7cb6d2b4ccd3fa7ec136b2c781b069660461b4b46f5eb9271227155e36,512,512,,,,,,,,,
train,CL2,ydfid/CL2/train/good/ydfid_train_000969.bmp,,0,True,8e792be3a16505ca92568bec70a1e144c0e2f8ccafa26466763a6214d50ba314,512,512,,,,,,,,,
train,CL2,ydfid/CL2/train/good/ydfid_train_000970.bmp,,0,True,4b38d5dcd90f56e83c1638e36ea158916ef72f1b7bf277c3a345ccdf86cfd5a1,512,512,,,,,,,,,
train,CL2,ydfid/CL2/train/good/ydfid_train_000971.bmp,,0,True,f056283f26c7ecbaeace091ff6b683512ad381d7eec412fb121860b0f1866d8c,512,512,,,,,,,,,
train,CL2,ydfid/CL2/train/good/ydfid_train_000972.bmp,,0,True,6ab7e8cc3e6523451495e49b533b51c3bbe14af72bef5a35d13dc6ea28ced90f,512,512,,,,,,,,,
train,CL2,ydfid/CL2/train/good/ydfid_train_000973.bmp,,0,True,f537180b52fb24b050a3cdc0831971b3ae3a0a9868f7d7182222b855dfecbb65,512,512,,,,,,,,,
train,CL2,ydfid/CL2/train/good/ydfid_train_000974.bmp,,0,True,9c86d608221fa419b7a05afee9c0656a00b732a7e65e158f7b02dd5bc6aa1a7c,512,512,,,,,,,,,
train,CL2,ydfid/CL2/train/good/ydfid_train_000975.bmp,,0,True,258a70bebca946b880d56be5f13232d41d4722dd46ef85834f5b7c21bbc12873,512,512,,,,,,,,,
train,CL2,ydfid/CL2/train/good/ydfid_train_000976.bmp,,0,True,a83c4931d762e762fa79b6dab43a718985ae45d39866d0289419cfaa4e10afca,512,512,,,,,,,,,
train,CL2,ydfid/CL2/train/good/ydfid_train_000977.bmp,,0,True,1c7fdfc3cca677e23a68e413c1e32aad6f6abdaaecaf8c1e46e73d5d73a8caf5,512,512,,,,,,,,,
train,CL2,ydfid/CL2/train/good/ydfid_train_000978.bmp,,0,True,44e3675e98f7bedf335b1b427c3f27cb813631c0153153b0d2563bf24068f984,512,512,,,,,,,,,
train,CL2,ydfid/CL2/train/good/ydfid_train_000979.bmp,,0,True,92d4476b8af820dcea54acaa5609a61f93f691e163c788a7239dd09ccb705a04,512,512,,,,,,,,,
train,CL2,ydfid/CL2/train/good/ydfid_train_000980.bmp,,0,True,d44d7e699ad60422898dc8e08d506624e6550a11a0e16de54c63e24614a94988,512,512,,,,,,,,,
train,CL2,ydfid/CL2/train/good/ydfid_train_000981.bmp,,0,True,1ed0a03fe78d39a0c048b97d60fc480e7c4bc43601ee236a515da0c5a1e270e2,512,512,,,,,,,,,
train,CL2,ydfid/CL2/train/good/ydfid_train_000982.bmp,,0,True,1676aa777326fbeb0f52dfc10f0ce313e99fa46ca154298ba2f617085c74ea74,512,512,,,,,,,,,
train,CL2,ydfid/CL2/train/good/ydfid_train_000983.bmp,,0,True,a8d08b490c76ae8cbc1761dc7f10d4230b2250ef0a818d8a435b851819e07955,512,512,,,,,,,,,
train,CL2,ydfid/CL2/train/good/ydfid_train_000984.bmp,,0,True,517c1bd72b8c56e1e82e926771760c142244b8ff078e1fa16b76a3a6c63ad89f,512,512,,,,,,,,,
train,CL2,ydfid/CL2/train/good/ydfid_train_000985.bmp,,0,True,1386084fcf94a53b0523bc03215a54236086e4291702f214c405d96db591e3d2,512,512,,,,,,,,,
train,CL2,ydfid/CL2/train/good/ydfid_train_000986.bmp,,0,True,27a94c2be33a77fada793e04c8fbca1ae2dd9aa2b82389900c94270a2bdf4108,512,512,,,,,,,,,
train,CL2,ydfid/CL2/train/good/ydfid_train_000987.bmp,,0,True,4d3aa26efb296f318248f894a23634aa04518180dcbe500927f3cdf554632c2b,512,512,,,,,,,,,
train,CL2,ydfid/CL2/train/good/ydfid_train_000988.bmp,,0,True,f9f99e38a0eddf635bd6193ad3ab0168b57b8ca57220314ae7c7dddbbe1eb7ec,512,512,,,,,,,,,
train,CL2,ydfid/CL2/train/good/ydfid_train_000989.bmp,,0,True,4b26352e2c47c5100de50002b199e73367a4568b32d13bf34cec90a60c352e6e,512,512,,,,,,,,,
train,CL2,ydfid/CL2/train/good/ydfid_train_000990.bmp,,0,True,973d8918d8a2ebdfdad7b7ec91490f2a7aa927ae8352046d61305e8c1c5b1826,512,512,,,,,,,,,
train,CL2,ydfid/CL2/train/good/ydfid_train_000991.bmp,,0,True,859d18e4eca5b96c656f70c5967995c9d48ee5e82743bafaaa1ddd2649f035a1,512,512,,,,,,,,,
train,CL2,ydfid/CL2/train/good/ydfid_train_000992.bmp,,0,True,b9dd7a8ea10480e7b73d84ee9464900f48614e77133a11011bc46b8724d4627d,512,512,,,,,,,,,
train,CL2,ydfid/CL2/train/good/ydfid_train_000993.bmp,,0,True,2c0e9009158d4ca0d1365b8ce4ad5984c4550577abf0dc732c88b655848a26fd,512,512,,,,,,,,,
train,CL2,ydfid/CL2/train/good/ydfid_train_000994.bmp,,0,True,e5ff9307066d57f1377748d3f45c39cfac2cdd7c900f6e479add285d69ccf629,512,512,,,,,,,,,
train,CL2,ydfid/CL2/train/good/ydfid_train_000995.bmp,,0,True,3341fcf2fab519a269f2c738815cbc2fde71bcbf1dafced8056f51306b4b60a2,512,512,,,,,,,,,
train,CL2,ydfid/CL2/train/good/ydfid_train_000996.bmp,,0,True,59c0b5007b1025a08f54a144b6617c429cba342470f887e6c2b2967bbfb6dc35,512,512,,,,,,,,,
train,CL2,ydfid/CL2/train/good/ydfid_train_000997.bmp,,0,True,121865cbd4df923f0d123dc0c47f4c7aaadedb826b6bcbacae2592ebbb2942fc,512,512,,,,,,,,,
train,CL2,ydfid/CL2/train/good/ydfid_train_000998.bmp,,0,True,f05c64c8e18d555ba3d1151e3cd4618c32b4f749b1e2e277b8b1949489f03874,512,512,,,,,,,,,
train,CL2,ydfid/CL2/train/good/ydfid_train_000999.bmp,,0,True,64949290633d54ee2f1497f33560c884ef37ea421d7f3f6e2a1d93686a8226f2,512,512,,,,,,,,,
train,CL2,ydfid/CL2/train/good/ydfid_train_001000.bmp,,0,True,d477383d71878f65075e769beca3f9cba8e79676b0efd780933662dfb917d5f5,512,512,,,,,,,,,
train,CL2,ydfid/CL2/train/good/ydfid_train_001001.bmp,,0,True,0e6f29911c9e45cbc924baa825aa7a9bc50592166ad9560aef9f33991efb1d88,512,512,,,,,,,,,
train,CL2,ydfid/CL2/train/good/ydfid_train_001002.bmp,,0,True,9c580b0a848f960760b31f831ee83b5e120d4df5bd188943db3a19cfe8805b2f,512,512,,,,,,,,,
train,CL2,ydfid/CL2/train/good/ydfid_train_001003.bmp,,0,True,34d637d952fefb0a2ba52a5dad8437bd6cfb0595d1475ec9023700c2b62a8507,512,512,,,,,,,,,
train,CL2,ydfid/CL2/train/good/ydfid_train_001004.bmp,,0,True,d06106b0effae4f6be19b2c790c87541852e57518efa63d87972617f329d63ca,512,512,,,,,,,,,
train,CL2,ydfid/CL2/train/good/ydfid_train_001005.bmp,,0,True,a0b271cc06bf670df9843d6c64a71e0fd9e8e3772dbbaf52f948f92a1a299964,512,512,,,,,,,,,
train,CL2,ydfid/CL2/train/good/ydfid_train_001006.bmp,,0,True,8a7afe996a55f65ff1a88f249fdddffa9360b93ec7b8a1c60939af667e691c44,512,512,,,,,,,,,
train,CL2,ydfid/CL2/train/good/ydfid_train_001007.bmp,,0,True,0872ccbeb31c466dd623f6d56e6c690b685722caf2dc494894b28ecf6cb09313,512,512,,,,,,,,,
train,CL2,ydfid/CL2/train/good/ydfid_train_001008.bmp,,0,True,89e0e2d35d95a178aabdfcfd8f735de84e4aaf6d2433967adc1253af81281ee1,512,512,,,,,,,,,
train,CL2,ydfid/CL2/train/good/ydfid_train_001009.bmp,,0,True,4510b2df8ba6b147d94911674a5d80110d1322f4fe608d4c43575a22e2749ed3,512,512,,,,,,,,,
train,CL2,ydfid/CL2/train/good/ydfid_train_001010.bmp,,0,True,3ead484d0494c7618c368c7204299f2f9b44dc31b663a9357f597266742da81f,512,512,,,,,,,,,
train,CL2,ydfid/CL2/train/good/ydfid_train_001011.bmp,,0,True,7dc92c2d428a5cfa14350177c28f3b63c5e35f8fa2655f632c3a7d4d637527bf,512,512,,,,,,,,,
train,CL2,ydfid/CL2/train/good/ydfid_train_001012.bmp,,0,True,c7fb2984b6933304ac6dd6d96033d0e9960a23eaac72ef425044550f560df7b5,512,512,,,,,,,,,
train,CL2,ydfid/CL2/train/good/ydfid_train_001013.bmp,,0,True,3221a94df5e4cf4de51503b7a1744ff957f845520ce488a774ecbd1958e2f40d,512,512,,,,,,,,,
train,CL2,ydfid/CL2/train/good/ydfid_train_001014.bmp,,0,True,84a172c232baf6d282b57af37bf420da0eb73d6e4429a772e3de328d275453f4,512,512,,,,,,,,,
train,CL2,ydfid/CL2/train/good/ydfid_train_001015.bmp,,0,True,22519b42890f4679e0a645ad4f79937ea0edc024e50f74b12409e3365297b2f2,512,512,,,,,,,,,
train,CL2,ydfid/CL2/train/good/ydfid_train_001016.bmp,,0,True,0c6c5d1a991708083ddb0ab57058ef036e1b594f7199a6b8bd1e06d7a35c7139,512,512,,,,,,,,,
train,CL2,ydfid/CL2/train/good/ydfid_train_001017.bmp,,0,True,15442b6ef0fca234a085859f878654ff0cdab61c95366e31b593b5a7576cfd7f,512,512,,,,,,,,,
train,CL2,ydfid/CL2/train/good/ydfid_train_001018.bmp,,0,True,3a9a822bc2337de4cacc7feb432da48fe2e4a6dc4cc8b2d3fa99263c45e8804b,512,512,,,,,,,,,
train,CL2,ydfid/CL2/train/good/ydfid_train_001019.bmp,,0,True,e25dd8442e75ca93e9b22991a1ab3cc429ef83248507b5d071e3128f89a26f73,512,512,,,,,,,,,
train,CL2,ydfid/CL2/train/good/ydfid_train_001020.bmp,,0,True,f9fd2cebc9f536ca5693137d6315a6f0c712fbadc262a177f975e2dd73c1944a,512,512,,,,,,,,,
train,CL2,ydfid/CL2/train/good/ydfid_train_001021.bmp,,0,True,a09bd6cd358760d4ecfc17c95bb7b4df2d1ac2d36ad0abab733fdaec952cf6ae,512,512,,,,,,,,,
train,CL3,ydfid/CL3/train/good/ydfid_train_001107.bmp,,0,True,630409355562874d09efc051343fea077159ecc0dd7991743d757abf484e3f1f,512,512,,,,,,,,,
train,CL3,ydfid/CL3/train/good/ydfid_train_001108.bmp,,0,True,b51e2f9446026941bdbdd763aa0d8e9e21d1a8d71a72e440cdcea4704c2db4a4,512,512,,,,,,,,,
train,CL3,ydfid/CL3/train/good/ydfid_train_001109.bmp,,0,True,af56c51d2479f45c43d3c2bfa87b786155fc26d350fafef4acd6912780d48e24,512,512,,,,,,,,,
train,CL3,ydfid/CL3/train/good/ydfid_train_001110.bmp,,0,True,c278d4b19a4be425f7147660b108ded87e0b9d10b3947f46e939e8e42df5ec6b,512,512,,,,,,,,,
train,CL3,ydfid/CL3/train/good/ydfid_train_001111.bmp,,0,True,873d1f5ad4de106d83f103e3808295ca2b17f23bd566f47ed40f4c6f728d9331,512,512,,,,,,,,,
train,CL3,ydfid/CL3/train/good/ydfid_train_001112.bmp,,0,True,3261c4dc7b7ec7256d1d19e11c99e1ab20a22ca3f6221571e0d22371c28ff637,512,512,,,,,,,,,
train,CL3,ydfid/CL3/train/good/ydfid_train_001113.bmp,,0,True,ce3186a5633fd7988ba1cc0c4af062753e4c7850f783fca5bcfab0141147dd3c,512,512,,,,,,,,,
train,CL3,ydfid/CL3/train/good/ydfid_train_001114.bmp,,0,True,a25cc55491b3dce3b194f64896f5a1f3693148ef98e93c52bae1e0719196555f,512,512,,,,,,,,,
train,CL3,ydfid/CL3/train/good/ydfid_train_001115.bmp,,0,True,893b43d06a46ce176641360ab3f08d0d7453ea9667762f72f130bf9fc4f1cbe6,512,512,,,,,,,,,
train,CL3,ydfid/CL3/train/good/ydfid_train_001116.bmp,,0,True,02171d1ff6e254246236c5664099b226cad3fddd701f4c0bfd87a52e9e606230,512,512,,,,,,,,,
train,CL3,ydfid/CL3/train/good/ydfid_train_001117.bmp,,0,True,bdc2d5c5368845a88bd2302dad593b8e3e88a4b82eb0ff343a3856c46607fab6,512,512,,,,,,,,,
train,CL3,ydfid/CL3/train/good/ydfid_train_001118.bmp,,0,True,20cdaf8bc26e43c559d9adbf1c3d59e1072b136e4170704439e63e3ab27deca8,512,512,,,,,,,,,
train,CL3,ydfid/CL3/train/good/ydfid_train_001119.bmp,,0,True,e2a948ec6d7538cb4d9721e976da4e287249884a899f80fff708fa9c5ff82790,512,512,,,,,,,,,
train,CL3,ydfid/CL3/train/good/ydfid_train_001120.bmp,,0,True,3eac80ea6e6b0bd83f19e5f87e93eede9b6ed1213f7aeecaf613d1ac206ff89d,512,512,,,,,,,,,
train,CL3,ydfid/CL3/train/good/ydfid_train_001121.bmp,,0,True,757a63298ea770379d1aafe72e39d3c3dcfd3714575ee0296d7bc6ef74ca6654,512,512,,,,,,,,,
train,CL3,ydfid/CL3/train/good/ydfid_train_001122.bmp,,0,True,d99882769ed70ebdf9e86676bf16321be39a81371cd066b955881b8e1e93ec34,512,512,,,,,,,,,
train,CL3,ydfid/CL3/train/good/ydfid_train_001123.bmp,,0,True,4ef52c73fc69c4e4f58b9ea62c6a73072a8c98b73c2e3322881a1c6a8d217552,512,512,,,,,,,,,
train,CL3,ydfid/CL3/train/good/ydfid_train_001124.bmp,,0,True,814441c962219d67e95b9e61660657dbb72177d561b02c58f3c324611802ef96,512,512,,,,,,,,,
train,CL3,ydfid/CL3/train/good/ydfid_train_001125.bmp,,0,True,2fcba5ae6957e69f043df38a54f099648f23d826affd08d755d996f2d32a09e3,512,512,,,,,,,,,
train,CL3,ydfid/CL3/train/good/ydfid_train_001126.bmp,,0,True,a875cbea1b0793f39e9d30a9bf06c1de0819fd9c9a7de929bc224bc1663362fe,512,512,,,,,,,,,
train,CL3,ydfid/CL3/train/good/ydfid_train_001127.bmp,,0,True,936e0d5e0f52b735ce01b6428039ecfd2aa3bb7303e87feddacfb6a14fd2118c,512,512,,,,,,,,,
train,CL3,ydfid/CL3/train/good/ydfid_train_001128.bmp,,0,True,917b660f746874ac80df47c6b660caa1e447d5d5cf3e79e3056e91c10f2f27bf,512,512,,,,,,,,,
train,CL3,ydfid/CL3/train/good/ydfid_train_001129.bmp,,0,True,36f58dc79debb6520a89daaefff7a359cd9800fbaa5f65ad59a99861b86e1da1,512,512,,,,,,,,,
train,CL3,ydfid/CL3/train/good/ydfid_train_001130.bmp,,0,True,88805ce174a1fd2bda5d3cc61eb1cd00ce25c655cc345cc4c8caa6bf90215972,512,512,,,,,,,,,
train,CL3,ydfid/CL3/train/good/ydfid_train_001131.bmp,,0,True,67cb92ee003317ef0b6d20ae80627b6fd5d7850f805e5004d3aefab25dea28dd,512,512,,,,,,,,,
train,CL3,ydfid/CL3/train/good/ydfid_train_001132.bmp,,0,True,8a26cc70e8917c1ea1333347e4d95d4ccebbe020f18af30757b433b8e3544c05,512,512,,,,,,,,,
train,CL3,ydfid/CL3/train/good/ydfid_train_001133.bmp,,0,True,d9e8773e63ec649a45bc93ea474101f18695ad9dbbbc534f1f3d0607cae29ce0,512,512,,,,,,,,,
train,CL3,ydfid/CL3/train/good/ydfid_train_001134.bmp,,0,True,95dc119b33eb457188d11b678e0352eede60fb717897a35c23bbd526ed1ca63d,512,512,,,,,,,,,
train,CL3,ydfid/CL3/train/good/ydfid_train_001135.bmp,,0,True,096a20cd1d239862b2cbee750c99d0ac92b55538e21c45501e379f8834025cb5,512,512,,,,,,,,,
train,CL3,ydfid/CL3/train/good/ydfid_train_001136.bmp,,0,True,9e6787590b83e2316a9589f951176e697296b1d6438e334f0d73cb6e1df22c01,512,512,,,,,,,,,
train,CL3,ydfid/CL3/train/good/ydfid_train_001137.bmp,,0,True,38f68b1bf0d7e0fc2891455f8a023ff9b614e891907c59150fc6432a3ec3b081,512,512,,,,,,,,,
train,CL3,ydfid/CL3/train/good/ydfid_train_001138.bmp,,0,True,b535087b89b46e555e3a180aeb1f8c8890dc5a68a3cfdc36841cefb2d6bbd07f,512,512,,,,,,,,,
train,CL3,ydfid/CL3/train/good/ydfid_train_001139.bmp,,0,True,01ad61990afe474aa4d12e0c8be1af13ce109a6a4246873b65c5f22039662e93,512,512,,,,,,,,,
train,CL3,ydfid/CL3/train/good/ydfid_train_001140.bmp,,0,True,40d643e82b1a8d5e20f19b74aa2dead093d5f7eecdacec59aec870381dd6f00f,512,512,,,,,,,,,
train,CL3,ydfid/CL3/train/good/ydfid_train_001141.bmp,,0,True,b776c603b8e3b1c961be4c9e705d519c1eba6feb17d92fb2eb747308abf46a2c,512,512,,,,,,,,,
train,CL3,ydfid/CL3/train/good/ydfid_train_001142.bmp,,0,True,1a81fbb281920cb7cbb08749d22838110e605612e6c048c7eec708a815be2c4c,512,512,,,,,,,,,
train,CL3,ydfid/CL3/train/good/ydfid_train_001143.bmp,,0,True,10439e74487ea8b45f983bc3172c5cf0fda0dbf151c8916466aa5fcee79cd215,512,512,,,,,,,,,
train,CL3,ydfid/CL3/train/good/ydfid_train_001144.bmp,,0,True,a5bf93726a54701ff01c6d8953e2fea21700d1eb178110a9e65b1e2bbeb13635,512,512,,,,,,,,,
train,CL3,ydfid/CL3/train/good/ydfid_train_001145.bmp,,0,True,fb3a65393a75a3a3238b7f30432d30755bdd5561658265295da766aec68d2c0a,512,512,,,,,,,,,
train,CL3,ydfid/CL3/train/good/ydfid_train_001146.bmp,,0,True,acaea50c7c106bf91daa44a49ef23938004821a0eb4c5a61857289bb2d2eae0b,512,512,,,,,,,,,
train,CL3,ydfid/CL3/train/good/ydfid_train_001147.bmp,,0,True,807864f68eb86980d86a0f0d718e808b4e07f45aa55e4f751c6a8cd67059e575,512,512,,,,,,,,,
train,CL3,ydfid/CL3/train/good/ydfid_train_001148.bmp,,0,True,2c96ab0b2ed808dc26848ea5ac081dd3c1abbf76b704585d84bd04e27c5c3933,512,512,,,,,,,,,
train,CL3,ydfid/CL3/train/good/ydfid_train_001149.bmp,,0,True,9d9d69c34c5531b3e7b5fb1e71196eb79982c5db00409b4762e9d547b07d092d,512,512,,,,,,,,,
train,CL3,ydfid/CL3/train/good/ydfid_train_001150.bmp,,0,True,7bbd61673a66e3104c495f54310b9d7a3f5ef6d0a33d410c6a09d2df0424f511,512,512,,,,,,,,,
train,CL3,ydfid/CL3/train/good/ydfid_train_001151.bmp,,0,True,041985885fb4c8b026b1d2341fb889193150d59d185a22dcca7138ebfd4304a7,512,512,,,,,,,,,
train,CL3,ydfid/CL3/train/good/ydfid_train_001152.bmp,,0,True,2d7d22cfdcbd610b8eb26929bd2b941a7fff30fc359df2e6729a599fd6f81d6b,512,512,,,,,,,,,
train,CL3,ydfid/CL3/train/good/ydfid_train_001153.bmp,,0,True,fffdce739d4c3e48ab137990d75f6b966b46a7a67f4d8c7a55110edbc8572b04,512,512,,,,,,,,,
train,CL3,ydfid/CL3/train/good/ydfid_train_001154.bmp,,0,True,f0579b0ec9cbef06f426283b5c0f435dc3d8831ae590d01bf8b2e552bd9de4aa,512,512,,,,,,,,,
train,CL3,ydfid/CL3/train/good/ydfid_train_001155.bmp,,0,True,3bbd5dc5cb05d8cd0561f379fe41c097ead75aa547e59fe20baf6f91313ebddc,512,512,,,,,,,,,
train,CL3,ydfid/CL3/train/good/ydfid_train_001156.bmp,,0,True,7f623490d926bce97d17992efa4ce3af4627547a7bd3700a638dd364b7b9d36c,512,512,,,,,,,,,
train,CL3,ydfid/CL3/train/good/ydfid_train_001157.bmp,,0,True,f4c8a0727281a98c932e4e7c266fe8ac09436476f1372b501f555b4ebc9b06a1,512,512,,,,,,,,,
train,CL3,ydfid/CL3/train/good/ydfid_train_001158.bmp,,0,True,452b6dc3b07372aebad13df8c624dabcbe91afe4c0846a2c18af7a2fdae3bf16,512,512,,,,,,,,,
train,CL3,ydfid/CL3/train/good/ydfid_train_001159.bmp,,0,True,94243f0602f401b3f269d1fe9a00cc55c23bfc4e1843ca9e5033678c35bcf6ee,512,512,,,,,,,,,
train,CL3,ydfid/CL3/train/good/ydfid_train_001160.bmp,,0,True,168c9b8d4052e8071811a31b7a15489d04b91934c64cc870d71ca09a790de50c,512,512,,,,,,,,,
train,CL3,ydfid/CL3/train/good/ydfid_train_001161.bmp,,0,True,abc3ff834092c0b1c01899404ec1e8214ace47aab14fd8e642ef768dd6ba4bc3,512,512,,,,,,,,,
train,CL3,ydfid/CL3/train/good/ydfid_train_001162.bmp,,0,True,7677426ae2d1b10d297b1317fe93201a5ce8cb1b8ba09eb1195190eb6a62f5bc,512,512,,,,,,,,,
train,CL3,ydfid/CL3/train/good/ydfid_train_001163.bmp,,0,True,aa02be55c507c113f8544c03eac3adb73a57320a5c9efb5f5406e7cd5964b68e,512,512,,,,,,,,,
train,CL3,ydfid/CL3/train/good/ydfid_train_001164.bmp,,0,True,5ea7cdc70ee630ca99b5d8d48781c3cbc22491bec66fbe4d226c5c93aacc75e8,512,512,,,,,,,,,
train,CL3,ydfid/CL3/train/good/ydfid_train_001165.bmp,,0,True,8b4a3d1e5ffcd4bcf8243418c9ec8771eeb6ba605c1ea6c7e3421471f5c03deb,512,512,,,,,,,,,
train,CL3,ydfid/CL3/train/good/ydfid_train_001166.bmp,,0,True,31a1dbdf7c730fb8b54b456bc1490a2ecce49bf0683a89eb54625d4b4e87b72d,512,512,,,,,,,,,
train,CL3,ydfid/CL3/train/good/ydfid_train_001167.bmp,,0,True,5010872f2bdd06ff9b76b7c4fcc2e128ec8eb1ee90bbb45bb8a377a725ce34c6,512,512,,,,,,,,,
train,CL3,ydfid/CL3/train/good/ydfid_train_001168.bmp,,0,True,3fc8888de029233f4e6f49fa6dc7763f05e8f150c1a7934427dea8768318e273,512,512,,,,,,,,,
train,CL3,ydfid/CL3/train/good/ydfid_train_001169.bmp,,0,True,8a43ee0327e8e63fee1ef23e97c0e5b08ae9264c8ba4e77c005fdb38acd64358,512,512,,,,,,,,,
train,CL3,ydfid/CL3/train/good/ydfid_train_001170.bmp,,0,True,63e1ef0d7af2510a518f1e838f05f0a9d71718838e2e8eccc9be296631466463,512,512,,,,,,,,,
train,CL3,ydfid/CL3/train/good/ydfid_train_001171.bmp,,0,True,589fabd3a3c3354b11ba7ad01ac2bff096653972980efc532f17404c004133ea,512,512,,,,,,,,,
train,CL3,ydfid/CL3/train/good/ydfid_train_001172.bmp,,0,True,abcbced2aeebb845170a375660af6dd4b320f6b205a19dec5451549a51673c2e,512,512,,,,,,,,,
train,CL3,ydfid/CL3/train/good/ydfid_train_001173.bmp,,0,True,8db9189e61d3944e1fd97fe765c69ee769da2c77a49d4557e8d61eec3a03d439,512,512,,,,,,,,,
train,CL3,ydfid/CL3/train/good/ydfid_train_001174.bmp,,0,True,b0070d5cbfe1aef4b8b86aec7d57b64e41528a56966a66f6cbecb5408750d87a,512,512,,,,,,,,,
train,CL3,ydfid/CL3/train/good/ydfid_train_001175.bmp,,0,True,6d7f98d49763000243d4bc529738424601bf8798aca001fc51fafdcaa45721a9,512,512,,,,,,,,,
train,CL3,ydfid/CL3/train/good/ydfid_train_001176.bmp,,0,True,999583b46a068788f08d3cc4f8b9a14d3c1392a2a19f398cddd1c70fdecd7576,512,512,,,,,,,,,
train,CL3,ydfid/CL3/train/good/ydfid_train_001177.bmp,,0,True,17a3acf414155c07c0db3e9387bbec50f0b32aa8259a2113e522de2a41987351,512,512,,,,,,,,,
train,CL3,ydfid/CL3/train/good/ydfid_train_001178.bmp,,0,True,fb20b8942addc12d87e0229f3838ca4d3b7166b70d9c58c7099bc4ec9d21da4d,512,512,,,,,,,,,
train,CL3,ydfid/CL3/train/good/ydfid_train_001179.bmp,,0,True,d2d6dbc274c433d13cce1c769a2afc8517d92454edb22891ec76924adee83c62,512,512,,,,,,,,,
train,CL3,ydfid/CL3/train/good/ydfid_train_001180.bmp,,0,True,e0be2c3bf4e0ef284f14c0af99201b20466c5778cf61dc9237bb6dbf3887531b,512,512,,,,,,,,,
train,CL3,ydfid/CL3/train/good/ydfid_train_001181.bmp,,0,True,14f847c4726222a7fbe0c0db8ea2da840fcb57bb6cff7de770014ddc6caa84b1,512,512,,,,,,,,,
train,CL3,ydfid/CL3/train/good/ydfid_train_001182.bmp,,0,True,1ed533ef2d7bcfcd85bee54f27b5efb4f2e62e98ac0e1ad77971e5c74a0ac727,512,512,,,,,,,,,
train,CL3,ydfid/CL3/train/good/ydfid_train_001183.bmp,,0,True,e6f11c74a67346da275998a6603539af5b9d16e4d8c709f1dd222e2a689b1679,512,512,,,,,,,,,
train,CL3,ydfid/CL3/train/good/ydfid_train_001184.bmp,,0,True,8cb0f9d807998793bb66aecdd8b88e37b4dd353b5f0656e90c99cdb0c63485c3,512,512,,,,,,,,,
train,CL3,ydfid/CL3/train/good/ydfid_train_001185.bmp,,0,True,9616e17a40b51bb74b0b10dd596e0770a07d121792384e27f3cee2158c9a57cf,512,512,,,,,,,,,
train,CL3,ydfid/CL3/train/good/ydfid_train_001186.bmp,,0,True,e2087fe3264a32a64757c470ae9af1060ce7616c9ed74b04745788ab613e2593,512,512,,,,,,,,,
train,CL3,ydfid/CL3/train/good/ydfid_train_001187.bmp,,0,True,ff9d93e1276c0a95112602f3107d37a673fad331457c69ac3a3f6d4927074db4,512,512,,,,,,,,,
train,CL3,ydfid/CL3/train/good/ydfid_train_001188.bmp,,0,True,6016abca37c31e994a4e5b82c076e36b6e190bf9081725d7cb29b1595ba2f5fe,512,512,,,,,,,,,
train,CL3,ydfid/CL3/train/good/ydfid_train_001189.bmp,,0,True,eed170bc5f8d5a0c168fb735df18e76169ef0a3a5febc16c24006740acff01fb,512,512,,,,,,,,,
train,CL3,ydfid/CL3/train/good/ydfid_train_001190.bmp,,0,True,6d7a73453e5c9274883869bd8d7e821ed6d69e8361334d2ddc991fd93cff723d,512,512,,,,,,,,,
train,CL3,ydfid/CL3/train/good/ydfid_train_001191.bmp,,0,True,c5a18ae254c432e632fdaf1d29abb4815a3a1498a0b53eb6e7dcac3bfe389b13,512,512,,,,,,,,,
train,CL3,ydfid/CL3/train/good/ydfid_train_001192.bmp,,0,True,3fc7961f4b044a1bcd5384b05eb8690b4fc8c6f9227d2032f9c4e8878435a930,512,512,,,,,,,,,
train,CL3,ydfid/CL3/train/good/ydfid_train_001193.bmp,,0,True,00dfec555f8886f0d53e22e8286ebbbbeaa7241d1184c249c223fcacf722f319,512,512,,,,,,,,,
train,CL3,ydfid/CL3/train/good/ydfid_train_001194.bmp,,0,True,13312b230cb4c7e475d0ee06e735598fc01c531b344e6fe6bb10c27fdc2d9ab1,512,512,,,,,,,,,
train,CL3,ydfid/CL3/train/good/ydfid_train_001195.bmp,,0,True,b448710bf25288c8835e85237d04c9b8345cc8b6c4da2ce6beae30a1691e71c8,512,512,,,,,,,,,
train,CL3,ydfid/CL3/train/good/ydfid_train_001196.bmp,,0,True,6e67bd0a5191af5e5edd60ae220dc0a2bd23bd4e93c0d16c85e380181e262686,512,512,,,,,,,,,
train,CL4,ydfid/CL4/train/good/ydfid_train_001298.bmp,,0,True,b55dcd9250113e13d946531a442cd37a52a908350c341649f78b64291d3f33d4,512,512,,,,,,,,,
train,CL4,ydfid/CL4/train/good/ydfid_train_001299.bmp,,0,True,4bb977d7640f52acf9abdb7b511d5ff65cf35b48d9b74709590bdc8f318d18db,512,512,,,,,,,,,
train,CL4,ydfid/CL4/train/good/ydfid_train_001300.bmp,,0,True,e3ae473a79fa6ecb0ce67339d2b8bba5d9b5fa9e2376c6156d160485a9d18a3f,512,512,,,,,,,,,
train,CL4,ydfid/CL4/train/good/ydfid_train_001301.bmp,,0,True,bf4f568949a79fd35513b4d07be88aaebf4ade380efc16aa8cbc622217247d73,512,512,,,,,,,,,
train,CL4,ydfid/CL4/train/good/ydfid_train_001302.bmp,,0,True,dc0d07c1d178a42880a43c6681a1e747bc5cf5077deee2a54cb9338150d4bf63,512,512,,,,,,,,,
train,CL4,ydfid/CL4/train/good/ydfid_train_001303.bmp,,0,True,721b413078169f5f840bcfc6d1d849540a1508a7f778aa8fae2d72015860cb9b,512,512,,,,,,,,,
train,CL4,ydfid/CL4/train/good/ydfid_train_001304.bmp,,0,True,8fc4f7ec9bf9a356fefb76214dd9cc90535fd9ebc4755273853b78bfb7209e36,512,512,,,,,,,,,
train,CL4,ydfid/CL4/train/good/ydfid_train_001305.bmp,,0,True,436380787a27082eff5a772656e29786dd1217108efc8f8f100bda6a98ecf600,512,512,,,,,,,,,
train,CL4,ydfid/CL4/train/good/ydfid_train_001306.bmp,,0,True,b4db925c136269a14c20c0153837f8ac582e7444f9eb546d059cb72141e0b07c,512,512,,,,,,,,,
train,CL4,ydfid/CL4/train/good/ydfid_train_001307.bmp,,0,True,8992441bf1ebc77c7ba5e4ce7fb6df3135b84f346b17c9cd33533eb0810b63bb,512,512,,,,,,,,,
train,CL4,ydfid/CL4/train/good/ydfid_train_001308.bmp,,0,True,59006adfa85ee3e4b8763094a5c9d3dfa360768d14fd71e16caab3ceaf1dd649,512,512,,,,,,,,,
train,CL4,ydfid/CL4/train/good/ydfid_train_001309.bmp,,0,True,e91c0e16ec80d703a7ccc2f98d80842c2848ffb0f8bf3b2c83f33c40ce60318c,512,512,,,,,,,,,
train,CL4,ydfid/CL4/train/good/ydfid_train_001310.bmp,,0,True,0fd107224e05c02f34adc45f1171b0f9c8f0b888869569d00696d5e6df2c865c,512,512,,,,,,,,,
train,CL4,ydfid/CL4/train/good/ydfid_train_001311.bmp,,0,True,8500831c3c1e85ed1dc13f33fcf65803d68c189f291dc0274192f1e8de5e41b7,512,512,,,,,,,,,
train,CL4,ydfid/CL4/train/good/ydfid_train_001312.bmp,,0,True,84b457430648075edf12488236ac090f13a6eb9b47c25217c008a644cff2f815,512,512,,,,,,,,,
train,CL4,ydfid/CL4/train/good/ydfid_train_001313.bmp,,0,True,462963951f1fc4301e356213cfbe61eebab2f6182c6b0894b12d0ff39481a5de,512,512,,,,,,,,,
train,CL4,ydfid/CL4/train/good/ydfid_train_001314.bmp,,0,True,bc5ed75d96755af55f16a5731696b5ca99e73ca1b6a55db60ac2a1f228ed6a55,512,512,,,,,,,,,
train,CL4,ydfid/CL4/train/good/ydfid_train_001315.bmp,,0,True,d4a1d0f291bdf03295179788031e958dd0f254f7314615ec677c1e576f24a5a0,512,512,,,,,,,,,
train,CL4,ydfid/CL4/train/good/ydfid_train_001316.bmp,,0,True,c4d28665dc63e7dc599377b4d3627cdc1cf67b6bce9623170612de270e6d25b1,512,512,,,,,,,,,
train,CL4,ydfid/CL4/train/good/ydfid_train_001317.bmp,,0,True,4f9f160615a67ee74cdb5ed1662721f29070eb97ff75d609c7259c66762316e5,512,512,,,,,,,,,
train,CL4,ydfid/CL4/train/good/ydfid_train_001318.bmp,,0,True,c1fd29650e2f49356510190d61e63b7a7692ba46b005a39b68fe525a24943d65,512,512,,,,,,,,,
train,CL4,ydfid/CL4/train/good/ydfid_train_001319.bmp,,0,True,3470ecc5cec0e00c7e565ab7cf8e67ce71626005b4aa54fbbc33c48a3140fc55,512,512,,,,,,,,,
train,CL4,ydfid/CL4/train/good/ydfid_train_001320.bmp,,0,True,0164ecf0225b09cd1f19b2a173c53917db6a8154b1b5f8917da077e60c1e1cf7,512,512,,,,,,,,,
train,CL4,ydfid/CL4/train/good/ydfid_train_001321.bmp,,0,True,c8bbc2fdd2a7fe3da1b89dd91eec0d39fa34e2f491715437ea1eb903270c28fa,512,512,,,,,,,,,
train,CL4,ydfid/CL4/train/good/ydfid_train_001322.bmp,,0,True,c061d893a387f6ca00f90bf912ac06da313768c2bf1e701fc73a18d5ef182db4,512,512,,,,,,,,,
train,CL4,ydfid/CL4/train/good/ydfid_train_001323.bmp,,0,True,147d0af56ce4ce03cfc6b7323bf1c92e2b38228f90e259994299fe043cde5e85,512,512,,,,,,,,,
train,CL4,ydfid/CL4/train/good/ydfid_train_001324.bmp,,0,True,6c67b63b5fcff20bb42081381d7b90d075a85e749ad32e0b259d241b212ac236,512,512,,,,,,,,,
train,CL4,ydfid/CL4/train/good/ydfid_train_001325.bmp,,0,True,444cf8496279aa1fda5a9609a08d0af04c62a8031b8fcfd77b68ca48506fad86,512,512,,,,,,,,,
train,CL4,ydfid/CL4/train/good/ydfid_train_001326.bmp,,0,True,71cb3f672a1e31583bc76a75a61a71efc1c39f8ecfb254fd95b5fddf82c4ccc4,512,512,,,,,,,,,
train,CL4,ydfid/CL4/train/good/ydfid_train_001327.bmp,,0,True,03c9770b461afd8595ac07b0347806aa1443e332e2a0ffe2ef7a4fcbf15f00bc,512,512,,,,,,,,,
train,CL4,ydfid/CL4/train/good/ydfid_train_001328.bmp,,0,True,73b071d239d1aecbae4cc091316b5016fc26e94cbd06f25f31b042cf19f996b1,512,512,,,,,,,,,
train,CL4,ydfid/CL4/train/good/ydfid_train_001329.bmp,,0,True,bf0c54336c38cd36db4d171e4ec636bd836b58be8f7521b1bd414ef100951aa0,512,512,,,,,,,,,
train,CL4,ydfid/CL4/train/good/ydfid_train_001330.bmp,,0,True,8555ef7d1022c51faddf5cbcbfc9daac9b446a8606ad13b264d4d6bfb505695f,512,512,,,,,,,,,
train,CL4,ydfid/CL4/train/good/ydfid_train_001331.bmp,,0,True,feda3c3e50c5fb7af62f31b27fb333a66e1072b7d17faa195d962929e9239892,512,512,,,,,,,,,
train,CL4,ydfid/CL4/train/good/ydfid_train_001332.bmp,,0,True,57dccb3d71e774e80436dac22b494e5bbafb9f37b5db801386ef0520f78f2c3a,512,512,,,,,,,,,
train,CL4,ydfid/CL4/train/good/ydfid_train_001333.bmp,,0,True,627d96a6aece6ef2bc5d1052cca674213684bee2e64611049715e3aae6b12398,512,512,,,,,,,,,
train,CL4,ydfid/CL4/train/good/ydfid_train_001334.bmp,,0,True,74c9abce0fa4e93601b139c664fbf53e85984574250243368fd4681de7643c79,512,512,,,,,,,,,
train,CL4,ydfid/CL4/train/good/ydfid_train_001335.bmp,,0,True,6cbb4fdc7032fb1b77964b0becf8380a47344d7750a60894e033e273de100627,512,512,,,,,,,,,
train,CL4,ydfid/CL4/train/good/ydfid_train_001336.bmp,,0,True,ed8298ec685ed6a66bd1fc5458662ebf622c4ec2ecad32c9381d9e01b3b1b36b,512,512,,,,,,,,,
train,CL4,ydfid/CL4/train/good/ydfid_train_001337.bmp,,0,True,e805f60c0266c20f7fb54a50bb924b4736c5bb4d7169da067aea2344e5a74113,512,512,,,,,,,,,
train,CL4,ydfid/CL4/train/good/ydfid_train_001338.bmp,,0,True,7e28b4dd0a4addc8822e5bd4fd8c023ef0c3ee24db09ce8f760475d4d2817a43,512,512,,,,,,,,,
train,CL4,ydfid/CL4/train/good/ydfid_train_001339.bmp,,0,True,e4af350943076d99a9004a65eb54baf0338b47271e33a36b112e42cf54261973,512,512,,,,,,,,,
train,CL4,ydfid/CL4/train/good/ydfid_train_001340.bmp,,0,True,7811a7db8f01ad4541ec68664681ff0058d7b61491f2d9aacce58378f325aa75,512,512,,,,,,,,,
train,CL4,ydfid/CL4/train/good/ydfid_train_001341.bmp,,0,True,813f53ef99054ffa857755ddb5d243424b6a94651ab56d21def72820a8f978c5,512,512,,,,,,,,,
train,CL4,ydfid/CL4/train/good/ydfid_train_001342.bmp,,0,True,a13510b9e5722a481ccc7c22e12afb7649d13dbb9fc998f3e3dbeda2221b3b35,512,512,,,,,,,,,
train,CL4,ydfid/CL4/train/good/ydfid_train_001343.bmp,,0,True,0a64f9be87e8549d001af772123ff4305ed4777b66a8619be355c216e9cee54d,512,512,,,,,,,,,
train,CL4,ydfid/CL4/train/good/ydfid_train_001344.bmp,,0,True,afb97037dfec7500009371b7676f49c117e72c287e40e8250eb1815baac3e18d,512,512,,,,,,,,,
train,CL4,ydfid/CL4/train/good/ydfid_train_001345.bmp,,0,True,e9ead879df89313c59eb046229400415302519fc2d6639939b37f3723ca7f2b0,512,512,,,,,,,,,
train,CL4,ydfid/CL4/train/good/ydfid_train_001346.bmp,,0,True,49f30a6e5a91533f2d96776173fbd06fe23b4aea4b2ef6b4c9fe658200594cc4,512,512,,,,,,,,,
train,CL4,ydfid/CL4/train/good/ydfid_train_001347.bmp,,0,True,fa4a99f402ad2c318b267a6f531ff4081a0d06fee1e0465bb67ca62dd7f738ed,512,512,,,,,,,,,
train,CL4,ydfid/CL4/train/good/ydfid_train_001348.bmp,,0,True,fdce774598809bbec1eeeea256312010a56aaa090f01f61e0a58d9185d9a3665,512,512,,,,,,,,,
train,CL4,ydfid/CL4/train/good/ydfid_train_001349.bmp,,0,True,535ff07a4309b832f517316e9cdb3c931361d83f1e385590e70bc32e3898ab49,512,512,,,,,,,,,
train,CL4,ydfid/CL4/train/good/ydfid_train_001350.bmp,,0,True,909befc8208ab0cd9d5aafff9d090c2ded80e7668a57050940027a6d13e8e328,512,512,,,,,,,,,
train,CL4,ydfid/CL4/train/good/ydfid_train_001351.bmp,,0,True,68550849c2aa0f0569c2fa383bd5027579ee0349f6ed6b5871b5d5e23926e244,512,512,,,,,,,,,
train,CL4,ydfid/CL4/train/good/ydfid_train_001352.bmp,,0,True,573c78bda8551ac4f2f3d26c86e9304bfcf5abf01809356d1cc9f0b0915888de,512,512,,,,,,,,,
train,CL4,ydfid/CL4/train/good/ydfid_train_001353.bmp,,0,True,e8276f5e647b747aeb73d157d7a324e118b3627d1f41c7554484c8099c5f0919,512,512,,,,,,,,,
train,CL4,ydfid/CL4/train/good/ydfid_train_001354.bmp,,0,True,17e696ed26d4f908be4bb8143d5291b822642fb4033f8dd921fffa0437e39694,512,512,,,,,,,,,
train,CL4,ydfid/CL4/train/good/ydfid_train_001355.bmp,,0,True,357d938dbafea72714c0fd4004cea3078fc82498740b0653c9eba6dfb2ba264f,512,512,,,,,,,,,
train,CL4,ydfid/CL4/train/good/ydfid_train_001356.bmp,,0,True,b2eaed9bfe805973f0d847b0a226aece5e47334c2efedb0d91932598c7495774,512,512,,,,,,,,,
train,CL4,ydfid/CL4/train/good/ydfid_train_001357.bmp,,0,True,dd578023959e29efffe4a9c2f2a2e29c3a7ad449ef12501730172c42f4972807,512,512,,,,,,,,,
train,CL4,ydfid/CL4/train/good/ydfid_train_001358.bmp,,0,True,14bcb5f922365e30136f85feb60137b1300e06f534c756917e09baa7d6c94e65,512,512,,,,,,,,,
train,CL4,ydfid/CL4/train/good/ydfid_train_001359.bmp,,0,True,a7bc3023f7ef4feedaa62b8fa9903e192868f74acd37c90eb547b9c447572ad6,512,512,,,,,,,,,
train,CL4,ydfid/CL4/train/good/ydfid_train_001360.bmp,,0,True,17afed1fa6f38b7f262f7e14d04a05e37a76cc8d717d8248f8b560a759f4d2d8,512,512,,,,,,,,,
train,CL4,ydfid/CL4/train/good/ydfid_train_001361.bmp,,0,True,63030a591be716fc5730de203adaf4cdc9b3fc0a8797756b50d94e0c0d9c91c6,512,512,,,,,,,,,
train,CL4,ydfid/CL4/train/good/ydfid_train_001362.bmp,,0,True,829748836833d07809efa6b7420bc0fc7971655135683e30561d137de0a7bcfd,512,512,,,,,,,,,
train,CL4,ydfid/CL4/train/good/ydfid_train_001363.bmp,,0,True,31a4892e0196a0102485cf471b42d441588716f13b947bd65935c0520e21f797,512,512,,,,,,,,,
train,CL4,ydfid/CL4/train/good/ydfid_train_001364.bmp,,0,True,b2712fd51a0069db98a0b2d300c26cce6806ff24a2c39146934ef566705b55a6,512,512,,,,,,,,,
train,CL4,ydfid/CL4/train/good/ydfid_train_001365.bmp,,0,True,6d373806f8217486e6f25e74cb7c935255a205455cd23f963ac7713bebe52759,512,512,,,,,,,,,
train,CL4,ydfid/CL4/train/good/ydfid_train_001366.bmp,,0,True,a3ce6707e50453a9dc3e87f45c227b3ed6f9cc4dcfd9663f5cd17a2b0ab010f3,512,512,,,,,,,,,
train,CL4,ydfid/CL4/train/good/ydfid_train_001367.bmp,,0,True,268ad4ed450ab8fe35adad5cd63b61354e21d9b0f2bcaac874443d8715c313a1,512,512,,,,,,,,,
train,CL4,ydfid/CL4/train/good/ydfid_train_001368.bmp,,0,True,99e23d247cf83107c02013f8731e1e061e164bfa125c71d694115b32502f70ef,512,512,,,,,,,,,
train,CL4,ydfid/CL4/train/good/ydfid_train_001369.bmp,,0,True,54d099d0615f273da6954d87f31f861c5b18fdc8215338c13634e8a5b8de250d,512,512,,,,,,,,,
train,CL4,ydfid/CL4/train/good/ydfid_train_001370.bmp,,0,True,1b942d9bb0c5f68ceb156b0988bae2775627d70d14c7a6c163fbd50ce4a2fc69,512,512,,,,,,,,,
train,CL4,ydfid/CL4/train/good/ydfid_train_001371.bmp,,0,True,6a185d104c6dc78d8fa9720e4cab2ee12e546478648e4a68385e113ccab10651,512,512,,,,,,,,,
train,CL4,ydfid/CL4/train/good/ydfid_train_001372.bmp,,0,True,843953ae2bd3767d2358f0d9d0b8dcc9d2068baf20e9ecb888adf46b39e588f6,512,512,,,,,,,,,
train,CL4,ydfid/CL4/train/good/ydfid_train_001373.bmp,,0,True,c70ceb29b0f0dfd5f8aecf8ae33a2f30aa232430f78456cdfa72b5b07fccb84b,512,512,,,,,,,,,
train,CL4,ydfid/CL4/train/good/ydfid_train_001374.bmp,,0,True,79003565019ba412674292baaae64c28eb0fb4cd992ac6941200e7c50c6eb02e,512,512,,,,,,,,,
train,CL4,ydfid/CL4/train/good/ydfid_train_001375.bmp,,0,True,e6b99fc8fe331e995952a100f1e1292ba10eb4363aaa90ea3174001fcf4a38fe,512,512,,,,,,,,,
train,CL4,ydfid/CL4/train/good/ydfid_train_001376.bmp,,0,True,1cc6bae0e90c6673cd4674e528c81f19b5859b0a05686127472f11834892d858,512,512,,,,,,,,,
train,CL4,ydfid/CL4/train/good/ydfid_train_001377.bmp,,0,True,7b4b71eaed95e987125a85af37298516e1c418858a9a341d565d58fbcd5a2e1f,512,512,,,,,,,,,
train,CL4,ydfid/CL4/train/good/ydfid_train_001378.bmp,,0,True,38e4d27bf7574a3c6fb71640ff612e700216a57e0424fb0edd24cd9bf6e836da,512,512,,,,,,,,,
train,CL4,ydfid/CL4/train/good/ydfid_train_001379.bmp,,0,True,2c90dde36c5aef65390a9e4c86825df29ff024c89c26f11741925793e37e6919,512,512,,,,,,,,,
train,CL4,ydfid/CL4/train/good/ydfid_train_001380.bmp,,0,True,27073a3259c5e64b4292e31e416b013a5ce9e4171b510c03ec0287a8033a15fd,512,512,,,,,,,,,
train,CL4,ydfid/CL4/train/good/ydfid_train_001381.bmp,,0,True,201e91f639c4f60981043d7e6be3015ed18480a02a9a0c80d03596fa9681623f,512,512,,,,,,,,,
train,CL4,ydfid/CL4/train/good/ydfid_train_001382.bmp,,0,True,ade7376f0dbd3743b6a3fafde279287170cbac37bfea38c53155270515bdd360,512,512,,,,,,,,,
train,CL4,ydfid/CL4/train/good/ydfid_train_001383.bmp,,0,True,79d6feba675d6ac1f7d2d69756966e59eced233ec61387ecc4392051822ac96c,512,512,,,,,,,,,
train,CL4,ydfid/CL4/train/good/ydfid_train_001384.bmp,,0,True,4234daabd5b34039b025bd7b0f1a617f9b9a39b8a6359c0727636d0a0f308370,512,512,,,,,,,,,
train,CL4,ydfid/CL4/train/good/ydfid_train_001385.bmp,,0,True,8d5b498b976ac93338393a702de23eed006a3a9f6ceb18afd6f4f65202f6a3b1,512,512,,,,,,,,,
train,CL4,ydfid/CL4/train/good/ydfid_train_001386.bmp,,0,True,c17c638699767086930e4c30c9941afc5606e6c7164d74cbad7dbb4caae8b7c2,512,512,,,,,,,,,
train,CL4,ydfid/CL4/train/good/ydfid_train_001387.bmp,,0,True,1f4005b75d8b004e6bf1741e8ad035af8d38456f9a57786b4e0ebe65b1447756,512,512,,,,,,,,,
train,CL4,ydfid/CL4/train/good/ydfid_train_001388.bmp,,0,True,1690af2771b7f58f37f4eee07dd971f74a39bb4d35caf01e145bea61fe6798b6,512,512,,,,,,,,,
train,CL4,ydfid/CL4/train/good/ydfid_train_001389.bmp,,0,True,b72285a911b2a29356009e1cadb95519e74aad40d1cd2e43f8219b2f41ac356c,512,512,,,,,,,,,
train,CL4,ydfid/CL4/train/good/ydfid_train_001390.bmp,,0,True,2b6f8a191d7ebb524e36fec2214bfcc869d60272ff42e1c6ee3910e992d8d06f,512,512,,,,,,,,,
train,CL4,ydfid/CL4/train/good/ydfid_train_001391.bmp,,0,True,f007a7c7fb8f2c38db1e41b94b10afd5cd65514480b3e8b0173d46308166ea08,512,512,,,,,,,,,
train,CL4,ydfid/CL4/train/good/ydfid_train_001392.bmp,,0,True,8e4757039c73687e499612fabd47e6a31522a705899db8236e34c542ba5077d1,512,512,,,,,,,,,
train,CL4,ydfid/CL4/train/good/ydfid_train_001393.bmp,,0,True,5f6a2a3c59d4551523cf7f2f285a9805ec2698c9e7f9efc7ea9b6c8cc4ab6eff,512,512,,,,,,,,,
train,CL4,ydfid/CL4/train/good/ydfid_train_001394.bmp,,0,True,7bbadcbd4b3c1b6ec5efcb0b58239c838d9d561cd330a8a9c9cde4d68daa315d,512,512,,,,,,,,,
train,CL4,ydfid/CL4/train/good/ydfid_train_001395.bmp,,0,True,1d3410f0814287fe3ef154d88e138ba8c227a72c25176d6b8a38b77cc2f9c262,512,512,,,,,,,,,
train,CL4,ydfid/CL4/train/good/ydfid_train_001396.bmp,,0,True,d592a91008c36e044a62ad9ee1adfcd3cdf7207252e18e020ab613aa9b00060b,512,512,,,,,,,,,
train,CL4,ydfid/CL4/train/good/ydfid_train_001397.bmp,,0,True,f6e37285216e661f697e1284758440d45b5f4007fa3419c942db732a666d8dda,512,512,,,,,,,,,
train,CL4,ydfid/CL4/train/good/ydfid_train_001398.bmp,,0,True,7830527053dd386738f44f50e0d196406e47448294b1563cb89e58adf00e4d18,512,512,,,,,,,,,
train,CL4,ydfid/CL4/train/good/ydfid_train_001399.bmp,,0,True,cab0cd4e1b4e18a751142cc12311adb4f3eafc1d7712e7c07a3c2a1956d7d112,512,512,,,,,,,,,
train,CL4,ydfid/CL4/train/good/ydfid_train_001400.bmp,,0,True,525ecfc1bd12d893c5589897ee8a36382545c865aad04c5f6f306cabc290aec1,512,512,,,,,,,,,
train,CL4,ydfid/CL4/train/good/ydfid_train_001401.bmp,,0,True,9d93b4c714a635083b9c7992f8bdb2d8278953294513d47ba2bbdcf8fcf0da40,512,512,,,,,,,,,
train,CL4,ydfid/CL4/train/good/ydfid_train_001402.bmp,,0,True,67bf1f9e77ea862d40a9a7a588420854a68f7fe321d2f159cfe561f8bb86fe08,512,512,,,,,,,,,
train,CL4,ydfid/CL4/train/good/ydfid_train_001403.bmp,,0,True,850da158078468804650d47663ce853b2a7d185508051d47369f4bd459d5cdfd,512,512,,,,,,,,,
train,CL4,ydfid/CL4/train/good/ydfid_train_001404.bmp,,0,True,611cbd67decd9d52e843c987fb0ba2beab1c480d25be4713a0eb5a2a494a720a,512,512,,,,,,,,,
train,CL4,ydfid/CL4/train/good/ydfid_train_001405.bmp,,0,True,b0f8121d24b87d831d8c121b1d7ea5ebc963be10f8b4e03d1b1453bd4c7df449,512,512,,,,,,,,,
train,CL4,ydfid/CL4/train/good/ydfid_train_001406.bmp,,0,True,97659e4b2402141f4d1937eff2c9b4060e00f5eda406016bf63e32c1180fbf5c,512,512,,,,,,,,,
train,CL4,ydfid/CL4/train/good/ydfid_train_001407.bmp,,0,True,80d44b40885c7b2ad4bc2a1f5503c96d2cf0cbdee1e4f00de414fc7832b74988,512,512,,,,,,,,,
train,CL4,ydfid/CL4/train/good/ydfid_train_001408.bmp,,0,True,7dee50419b2b5d54df8d6ca178aa6eddc12687c293218fb3597ece5a5c56f44a,512,512,,,,,,,,,
train,CL4,ydfid/CL4/train/good/ydfid_train_001409.bmp,,0,True,0fd9c56aa0933f1480873623e40abc3917d4b2960735c46d1ada740bf7786cbd,512,512,,,,,,,,,
train,CL4,ydfid/CL4/train/good/ydfid_train_001410.bmp,,0,True,2e651e334f621bbc26058c29ae43d92666054271b21bae77a59d3ee9eb2b6f50,512,512,,,,,,,,,
train,CL4,ydfid/CL4/train/good/ydfid_train_001411.bmp,,0,True,14e0c17891b1d7ac627c60a8b72243aab176d0370824f3433dcae6f09613bc32,512,512,,,,,,,,,
train,CL4,ydfid/CL4/train/good/ydfid_train_001412.bmp,,0,True,c3999d7254083502a1f916a5e4dc726f6476828c7cf2f627addc31419689eb13,512,512,,,,,,,,,
train,CL4,ydfid/CL4/train/good/ydfid_train_001413.bmp,,0,True,8466ea8f9e28c2efda13d08e88346fa54c6bda3ad54463bbf7c2bdfb5ac7eafe,512,512,,,,,,,,,
train,CL4,ydfid/CL4/train/good/ydfid_train_001414.bmp,,0,True,d094c0178e8a61b30648c98c9a8d2e0ae21d50957a1475369ce06aff3a475ca9,512,512,,,,,,,,,
train,CL4,ydfid/CL4/train/good/ydfid_train_001415.bmp,,0,True,32bcb940b6abb1629104ff769695375fe5aa206c5d0f204697d87af2917f3950,512,512,,,,,,,,,
train,CL4,ydfid/CL4/train/good/ydfid_train_001416.bmp,,0,True,ae756163a6a6b4cef64f014cca41a48bfc07fed1d3b9a65db388fc068148e2bf,512,512,,,,,,,,,
train,CL4,ydfid/CL4/train/good/ydfid_train_001417.bmp,,0,True,638a667e13c9fe69e9f96c7282cf273d35d7417b87999cabd4c0939e19dc5584,512,512,,,,,,,,,
train,CL4,ydfid/CL4/train/good/ydfid_train_001418.bmp,,0,True,f5d369a16410b99d9b0bc61158f06721d9d26f540e20b118f4e41d1687a2f1f1,512,512,,,,,,,,,
train,CL4,ydfid/CL4/train/good/ydfid_train_001419.bmp,,0,True,905a4186360d9de218870c2f88047a8a605b48717bbd4d9532bfac9258e10735,512,512,,,,,,,,,
train,CL4,ydfid/CL4/train/good/ydfid_train_001420.bmp,,0,True,a11fd7076b43218ff90ecea618c873bc19f934b51b6cee3cd1fa2f964d664039,512,512,,,,,,,,,
train,CL4,ydfid/CL4/train/good/ydfid_train_001421.bmp,,0,True,95cf9e8b5dce53d91fdad492ef55292698a1140a49e415d84b3811045857d880,512,512,,,,,,,,,
train,CL4,ydfid/CL4/train/good/ydfid_train_001422.bmp,,0,True,9528f8b7ff6111f863e572362bd037682aee0de9de9f93aecc92dad96e41121c,512,512,,,,,,,,,
train,CL4,ydfid/CL4/train/good/ydfid_train_001423.bmp,,0,True,ad5288970eeb52d5b26f5596521547c2a64ab61073189181882039bd1defac1a,512,512,,,,,,,,,
train,CL4,ydfid/CL4/train/good/ydfid_train_001424.bmp,,0,True,6ff39e3352214646bf77f5833e058b86d67909f1c38a62f71ad9ea385123e5ca,512,512,,,,,,,,,
train,CL4,ydfid/CL4/train/good/ydfid_train_001425.bmp,,0,True,5bc58d9a5f0d2234b5a221e69bfe68badfee76e965018d9a26eb264a4ea97787,512,512,,,,,,,,,
train,CL4,ydfid/CL4/train/good/ydfid_train_001426.bmp,,0,True,57679bb346a1c9c1de3aa24f812c36527fad7860ce54275669089020d72fbc51,512,512,,,,,,,,,
train,CL4,ydfid/CL4/train/good/ydfid_train_001427.bmp,,0,True,7162e8e79721db4f845ae6594a5f490940676e658af470d2a3bbef0859ad24bc,512,512,,,,,,,,,
train,CL4,ydfid/CL4/train/good/ydfid_train_001428.bmp,,0,True,e28ab8c50cb7b7e45ebd6e915fb001278d7c4e583544a98a4fd6d4a35864061b,512,512,,,,,,,,,
train,CL4,ydfid/CL4/train/good/ydfid_train_001429.bmp,,0,True,7c48f756abd84e72ab4788b67c4e8825767f660b22942d6477429f303739e0b4,512,512,,,,,,,,,
train,CL4,ydfid/CL4/train/good/ydfid_train_001430.bmp,,0,True,6363b257edef2f902c7331d34272b4db2be71a612120fc0c8a7a0fcd754865b9,512,512,,,,,,,,,
train,CL4,ydfid/CL4/train/good/ydfid_train_001431.bmp,,0,True,6de8e63d76e5718fe935567814a8064f110410ca78d20afadb6c98f35bc20df8,512,512,,,,,,,,,
train,CL4,ydfid/CL4/train/good/ydfid_train_001432.bmp,,0,True,22d0f4f520c27d9d5fbdb11a1e3f3164441a4fe40048e055f5b9b45b7864973f,512,512,,,,,,,,,
train,CL4,ydfid/CL4/train/good/ydfid_train_001433.bmp,,0,True,e9a51712bf48261e4452a232532a8c2c4b838e7b40c69699f395b3a800fee7d8,512,512,,,,,,,,,
train,CL4,ydfid/CL4/train/good/ydfid_train_001434.bmp,,0,True,699ffafbdbaebc7fbb6f58c1e6a17ea3f803232a0e6db2a13d30424973272f34,512,512,,,,,,,,,
train,CL4,ydfid/CL4/train/good/ydfid_train_001435.bmp,,0,True,96fff9339f250bc75e06a5af1b6b070dd7defda6f75920ccb77271bc5340f743,512,512,,,,,,,,,
train,CL4,ydfid/CL4/train/good/ydfid_train_001436.bmp,,0,True,be432cdc417e401efdffd36f8307640b970958bc130677be20d68238f2c74012,512,512,,,,,,,,,
train,CL4,ydfid/CL4/train/good/ydfid_train_001437.bmp,,0,True,3297b3ef4b1bbbbea01e4dbf7f1d85df41adf992a302e66c37ee5508c7db9b3d,512,512,,,,,,,,,
train,CL4,ydfid/CL4/train/good/ydfid_train_001438.bmp,,0,True,8b051bef87d751ae963273cacbc6370013fcfe876cad6eb5d3c6a35731e12c8c,512,512,,,,,,,,,
train,CL4,ydfid/CL4/train/good/ydfid_train_001439.bmp,,0,True,3ad495499cde7933e52cde2faa94ee0d3d1e220e491d6476e2cbf416a460bc7e,512,512,,,,,,,,,
train,CL4,ydfid/CL4/train/good/ydfid_train_001440.bmp,,0,True,646f733b76245df2eaadf1f8ecde9f92bfdd665201a05baeffcac70d2eadc7b8,512,512,,,,,,,,,
train,CL4,ydfid/CL4/train/good/ydfid_train_001441.bmp,,0,True,1984ce10c1cc2fb32a3f106bce7ca44920c358f268935c645142189e1805387c,512,512,,,,,,,,,
train,CL4,ydfid/CL4/train/good/ydfid_train_001442.bmp,,0,True,a25f0448b85f7ce54a4a7fd3242659f2413eb613f42e9f65e9906d00f30e9be6,512,512,,,,,,,,,
train,CL4,ydfid/CL4/train/good/ydfid_train_001443.bmp,,0,True,da360bd875b87af9015171490a130f3509c83c6db0ab469d8eb1f47ee0d9fa46,512,512,,,,,,,,,
train,CL4,ydfid/CL4/train/good/ydfid_train_001444.bmp,,0,True,989be6f98be5bb6f0bd9eb85934658cf68a7ab9c9e04fa6bad0f5f019bd4f501,512,512,,,,,,,,,
train,CL4,ydfid/CL4/train/good/ydfid_train_001445.bmp,,0,True,aedbc0503e7286e8dc01ea376e59f1f9c0842454e7b2f0ef3f7984f22f28f215,512,512,,,,,,,,,
train,CL4,ydfid/CL4/train/good/ydfid_train_001446.bmp,,0,True,d59fe6d773e2fb601d81b103e220c199bba576c28c6322e79232f045923c84bf,512,512,,,,,,,,,
train,CL4,ydfid/CL4/train/good/ydfid_train_001447.bmp,,0,True,7ad787e7a96bdbec64ce3eeab150bc636de528cdbe37f61e509483ecccb74cb7,512,512,,,,,,,,,
train,CL4,ydfid/CL4/train/good/ydfid_train_001448.bmp,,0,True,113496b6459736eddd5c89927b3675d8c3dde58842cf04f7459dc93ea00e2476,512,512,,,,,,,,,
train,CL4,ydfid/CL4/train/good/ydfid_train_001449.bmp,,0,True,409e485b310dab587bfc7040a9ddaa312e7090783e1a83c411fcdd85d873dbee,512,512,,,,,,,,,
train,CL4,ydfid/CL4/train/good/ydfid_train_001450.bmp,,0,True,4a2b6d1fbbf8cd41d7f0051c413213fb72e06bc6f8dfb5a9edf77f4d633c5307,512,512,,,,,,,,,
train,CL4,ydfid/CL4/train/good/ydfid_train_001451.bmp,,0,True,63d673ae895b58f8b5721b41fde5cd65f530a6fc7f1c9a6e6efa1222faa3e664,512,512,,,,,,,,,
train,CL4,ydfid/CL4/train/good/ydfid_train_001452.bmp,,0,True,93f4494ecb8212d7abab5ea108c40af39bac947c7802b09bc6eef7abb23f0465,512,512,,,,,,,,,
train,CL4,ydfid/CL4/train/good/ydfid_train_001453.bmp,,0,True,e77005c5b02b5658f281ce1f0aa10fcc63bdfaaa7d65ec7f6bec995a1e13cbff,512,512,,,,,,,,,
train,CL4,ydfid/CL4/train/good/ydfid_train_001454.bmp,,0,True,0e21991f66cee75b53fa8fbc86932dd79afa5368de2c6558c47bd31e4ff38b14,512,512,,,,,,,,,
train,CL4,ydfid/CL4/train/good/ydfid_train_001455.bmp,,0,True,9ced47dcf052c8b404cd60f02c31f56dd0956296702002d66234d5acd0809e51,512,512,,,,,,,,,
train,CL4,ydfid/CL4/train/good/ydfid_train_001456.bmp,,0,True,56177174a7b7c1359c1da8001194f3203babd2d8939c54a28be56f3a28bcf627,512,512,,,,,,,,,
train,CL4,ydfid/CL4/train/good/ydfid_train_001457.bmp,,0,True,9f341f855043e7b8ab659909c722c2fcf8ccf70b99f936ee3a9d295d637d0917,512,512,,,,,,,,,
train,CL4,ydfid/CL4/train/good/ydfid_train_001458.bmp,,0,True,0b012710d58129d7cc6d3610aa6d3eaa3e19a187bb1202e8cc1d2c9a67cd3da2,512,512,,,,,,,,,
train,CL4,ydfid/CL4/train/good/ydfid_train_001459.bmp,,0,True,9f54833e51b722f8fd6d116dce76168ea63be76501b8d58a7f1f54fa0da43a8b,512,512,,,,,,,,,
train,CL4,ydfid/CL4/train/good/ydfid_train_001460.bmp,,0,True,c53ae833f2c0f97c0020273e5d41be6acbd58f9fed31ae92ee7225af611878d1,512,512,,,,,,,,,
train,CL4,ydfid/CL4/train/good/ydfid_train_001461.bmp,,0,True,bc5c03fb52242da5c85d34b1fd540e08c441d91784afe8f942dc1b3f4555cbe5,512,512,,,,,,,,,
train,CL4,ydfid/CL4/train/good/ydfid_train_001462.bmp,,0,True,416ae9d92904e062d71fa270ec94d6d1f50644be1258cdbfa4e99dee8307a1ec,512,512,,,,,,,,,
train,CL4,ydfid/CL4/train/good/ydfid_train_001463.bmp,,0,True,602e6c4de970e67470fc4f37f6ca8a9f78bfa17670c6e46a211ca24fb408d247,512,512,,,,,,,,,
train,SL1,ydfid/SL1/train/good/ydfid_train_001642.bmp,,0,True,d0554575ce32b026bd6d851b36cdcbebae59d95c900eda21910b7551129d304c,512,512,,,,,,,,,
train,SL1,ydfid/SL1/train/good/ydfid_train_001643.bmp,,0,True,32cd4c5e94b55343cdfa1e4c8d2f7689011f6651603bc5fd56b767195cd89563,512,512,,,,,,,,,
train,SL1,ydfid/SL1/train/good/ydfid_train_001644.bmp,,0,True,b789ef4c4225c612be9895eef1ea5027cda25ec07aaa3697d457969058ceadbf,512,512,,,,,,,,,
train,SL1,ydfid/SL1/train/good/ydfid_train_001645.bmp,,0,True,d554bcaa56427343a9dc21116206a1e02e224507a4163802a356877d3b18cd9a,512,512,,,,,,,,,
train,SL1,ydfid/SL1/train/good/ydfid_train_001646.bmp,,0,True,0c748803ff0971420fcea96a94e3d7b7af5cb1d76ea77bde71eefcd3cc423eb1,512,512,,,,,,,,,
train,SL1,ydfid/SL1/train/good/ydfid_train_001647.bmp,,0,True,6c878cc208ff66c54c5d35f92b38efee4df45a5851483cdd6c4f90022b174fee,512,512,,,,,,,,,
train,SL1,ydfid/SL1/train/good/ydfid_train_001648.bmp,,0,True,a0f345a4d709a08c978a6bce1f16e108c9e00ee8d658c2f63772d539da36c9cc,512,512,,,,,,,,,
train,SL1,ydfid/SL1/train/good/ydfid_train_001649.bmp,,0,True,f535878288e1e22eaeba2cc96abc70a3dd5351624c0d5563504db3d600f176f0,512,512,,,,,,,,,
train,SL1,ydfid/SL1/train/good/ydfid_train_001650.bmp,,0,True,83816970edcda3088ce5dd8fb9f4ee000c7950916cb276441a150a2e1b829bbb,512,512,,,,,,,,,
train,SL1,ydfid/SL1/train/good/ydfid_train_001651.bmp,,0,True,f695b3c42e94e7740dcdff51992e2ed4636aa55a2f7f836e3b62ba2b30ff9d51,512,512,,,,,,,,,
train,SL1,ydfid/SL1/train/good/ydfid_train_001652.bmp,,0,True,cb193a0b5bec1ee8a0212d85f09081019bf1280a6a88e38627546fff26b770df,512,512,,,,,,,,,
train,SL1,ydfid/SL1/train/good/ydfid_train_001653.bmp,,0,True,f724ce118d077635ded31959801318dea16e685e906125cedfd47f2bc486a0f5,512,512,,,,,,,,,
train,SL1,ydfid/SL1/train/good/ydfid_train_001654.bmp,,0,True,1a1c6eaa6144eeb288e4bbf8e2f08b7597d5b2352f1b39df9da9a4c6c7d25d02,512,512,,,,,,,,,
train,SL1,ydfid/SL1/train/good/ydfid_train_001655.bmp,,0,True,57ac7add050851ff03eb0f258407a487b4100683e7e620c15d71df979932eafe,512,512,,,,,,,,,
train,SL1,ydfid/SL1/train/good/ydfid_train_001656.bmp,,0,True,366dcef245c8fbc0b9ce0bf4900272e479e10665c98f7d62769bd3d0c04e023a,512,512,,,,,,,,,
train,SL1,ydfid/SL1/train/good/ydfid_train_001657.bmp,,0,True,1944601964ea83fee7ba108c5ca6710561bb26001808c113b624571ec1809796,512,512,,,,,,,,,
train,SL1,ydfid/SL1/train/good/ydfid_train_001658.bmp,,0,True,b65f7c61ea7a9e7f3efc63e573deeb94c3962c671ff2302728679c85b5b0dd27,512,512,,,,,,,,,
train,SL1,ydfid/SL1/train/good/ydfid_train_001659.bmp,,0,True,0c6c1c15363e5337ed65e9bf2aee3129b3207896865b5bc409af7312b9f2037f,512,512,,,,,,,,,
train,SL1,ydfid/SL1/train/good/ydfid_train_001660.bmp,,0,True,155735a45aea15497bfc3bd4c43d7349a154e730a55eaf491ca76d7508c9eca1,512,512,,,,,,,,,
train,SL1,ydfid/SL1/train/good/ydfid_train_001661.bmp,,0,True,2521239234a6826b2a43ec840334affbf4c0090cb8905345fb6c81b4091ba9d8,512,512,,,,,,,,,
train,SL1,ydfid/SL1/train/good/ydfid_train_001662.bmp,,0,True,c23e32bbfb87ca9c2874992cf748083fc700e23059dd62ed068c5d74d081ea3a,512,512,,,,,,,,,
train,SL1,ydfid/SL1/train/good/ydfid_train_001663.bmp,,0,True,7ce67e1670d6718b950dcad6993aad589103f4381c4b807c9e6f4f412ccac73f,512,512,,,,,,,,,
train,SL1,ydfid/SL1/train/good/ydfid_train_001664.bmp,,0,True,6c100bfb07a78e30d3252cf06b45dc9a64ad95ff2b972e075023244c6a3a9901,512,512,,,,,,,,,
train,SL1,ydfid/SL1/train/good/ydfid_train_001665.bmp,,0,True,b94934e5eb86393c683e6875b837fd0194d05a411b28f39739e8dd3e5ea3f72c,512,512,,,,,,,,,
train,SL1,ydfid/SL1/train/good/ydfid_train_001666.bmp,,0,True,bae11dd9d7cf9123047176dc918dc88998b228b6dfd1da8ab8b608956dd0eaaa,512,512,,,,,,,,,
train,SL1,ydfid/SL1/train/good/ydfid_train_001667.bmp,,0,True,48c99907ec5b000cfb82c6e8ea017703b59acfd8cd14a780768a3f36bb9cf929,512,512,,,,,,,,,
train,SL1,ydfid/SL1/train/good/ydfid_train_001668.bmp,,0,True,1930364d9c5edd157f4dd645f2dd629e1be6c8b9f3881cdada457e3675d5fb41,512,512,,,,,,,,,
train,SL1,ydfid/SL1/train/good/ydfid_train_001669.bmp,,0,True,4ad32809a72205d83dd3c2253b5eda6e8a5d8d9342009c9dcfbf1977f114e9d8,512,512,,,,,,,,,
train,SL1,ydfid/SL1/train/good/ydfid_train_001670.bmp,,0,True,a12ce31ee99ff49df5d02c79da0977dacf780700da8a09116cca6a19e5669b04,512,512,,,,,,,,,
train,SL1,ydfid/SL1/train/good/ydfid_train_001671.bmp,,0,True,1b58b2e43096766a73ecd02dfb4dea3ae5e248ccae3169ad4342657a0d2c1ea2,512,512,,,,,,,,,
train,SL1,ydfid/SL1/train/good/ydfid_train_001672.bmp,,0,True,653c4658add6afbac38fc36c3dbdde402a0672da3bb5c73cf0aee863b3f4f076,512,512,,,,,,,,,
train,SL1,ydfid/SL1/train/good/ydfid_train_001673.bmp,,0,True,06ae49789f0fed8f34a4c4260a27634a37599ac04655a61e0182cdf6709df288,512,512,,,,,,,,,
train,SL1,ydfid/SL1/train/good/ydfid_train_001674.bmp,,0,True,b290bf21a90a5e8451a04c391b1fbf34d5a757a6e99097f21da212a7d69ec1d1,512,512,,,,,,,,,
train,SL1,ydfid/SL1/train/good/ydfid_train_001675.bmp,,0,True,df421883f7cc2f2513b4f8d011c237a49f51030e9559393e66222f74fca138fb,512,512,,,,,,,,,
train,SL1,ydfid/SL1/train/good/ydfid_train_001676.bmp,,0,True,27724f268faf056eafe6a75eed704946cd2b1b7cdff63ec230da41df4ba46f8f,512,512,,,,,,,,,
train,SL1,ydfid/SL1/train/good/ydfid_train_001677.bmp,,0,True,7b59604389a85a1bb58ac0d77906e271210a7eae28594914bd0eb5ea067d2355,512,512,,,,,,,,,
train,SL1,ydfid/SL1/train/good/ydfid_train_001678.bmp,,0,True,c0374b13f699b43a02c12bee49a1d7e0f3a06bf3cd23605a693e256f91415703,512,512,,,,,,,,,
train,SL1,ydfid/SL1/train/good/ydfid_train_001679.bmp,,0,True,19f540e2c62454299842b08eb32e6e0f1426ce9d8da2b63c1fc4b4669e99b5dd,512,512,,,,,,,,,
train,SL1,ydfid/SL1/train/good/ydfid_train_001680.bmp,,0,True,4e9c027be7e2c77d3ee406596a38473e340f6724d1be55126fdb55fad0517081,512,512,,,,,,,,,
train,SL1,ydfid/SL1/train/good/ydfid_train_001681.bmp,,0,True,c7a0a709377790223a8e7e6d4a2b9db031c02ee95154391da6359af593230d5d,512,512,,,,,,,,,
train,SL1,ydfid/SL1/train/good/ydfid_train_001682.bmp,,0,True,9d9830661da2cbca7ec9d676fc1d5e37ecce3bac63b19be68f504eec4975da9d,512,512,,,,,,,,,
train,SL1,ydfid/SL1/train/good/ydfid_train_001683.bmp,,0,True,cd71c7bc2abcb9d624e95a3b5af1b0f88c4bd3bcc6a4276b8b827ef28ac67422,512,512,,,,,,,,,
train,SL1,ydfid/SL1/train/good/ydfid_train_001684.bmp,,0,True,9065fd02baa458a2317db2636da0e25a7f14eae4df61d5ebe436d06388f5e7e7,512,512,,,,,,,,,
train,SL1,ydfid/SL1/train/good/ydfid_train_001685.bmp,,0,True,b517c8b1b9df239d135b494c029c9446d5a3c20643fca7f5fa84a47739b9ffc0,512,512,,,,,,,,,
train,SL1,ydfid/SL1/train/good/ydfid_train_001686.bmp,,0,True,d5df051c1843f583ec289f1f06995e97fcc326d046083a2e52695a62352a70ee,512,512,,,,,,,,,
train,SL1,ydfid/SL1/train/good/ydfid_train_001687.bmp,,0,True,beedf7a16daacfc375a3af1d5b24122aa74e3c0e6123d44b6fbeb9f81508e00a,512,512,,,,,,,,,
train,SL1,ydfid/SL1/train/good/ydfid_train_001688.bmp,,0,True,c62a34118474cd53c4a6fc480367a77a73de9469629602afc4390967b6572cca,512,512,,,,,,,,,
train,SL1,ydfid/SL1/train/good/ydfid_train_001689.bmp,,0,True,b5496ebf55873badd1df9fd8b645feb2f17d8d6e8969cacd1761f602a838e597,512,512,,,,,,,,,
train,SL1,ydfid/SL1/train/good/ydfid_train_001690.bmp,,0,True,54fa599f817d836374441f588f0754d31917a2e8fd05f39c7e802faee8a5bfd6,512,512,,,,,,,,,
train,SL1,ydfid/SL1/train/good/ydfid_train_001691.bmp,,0,True,7063281c396526e6d1387ccb414ecdd23206f3f996423c567a90ecf7f41520b9,512,512,,,,,,,,,
train,SL1,ydfid/SL1/train/good/ydfid_train_001692.bmp,,0,True,e5522edba3804c3278f7c1d31461d15afac745e4872feb234a7fe19de20a421f,512,512,,,,,,,,,
train,SL1,ydfid/SL1/train/good/ydfid_train_001693.bmp,,0,True,25a42f5038abcd2b13aac07ff20ffda8631718c880bff1b3f8d914520b6d9978,512,512,,,,,,,,,
train,SL1,ydfid/SL1/train/good/ydfid_train_001694.bmp,,0,True,e804938de8c998d89f3ac732ef118874c29ecc7b2dfdb14629851562861e477d,512,512,,,,,,,,,
train,SL1,ydfid/SL1/train/good/ydfid_train_001695.bmp,,0,True,d79611a2b76dd6c57c60f67a10c6dd00509e2231fe333d30f5c1dc2d51889bfd,512,512,,,,,,,,,
train,SL1,ydfid/SL1/train/good/ydfid_train_001696.bmp,,0,True,32b3e2cbf993a3a9d102919a060c7e674ca8e5f1e432848aec8822ef5bd5a416,512,512,,,,,,,,,
train,SL1,ydfid/SL1/train/good/ydfid_train_001697.bmp,,0,True,89fc1acc2dd6a759d9ad59325e2c21a5067ea61d9e4bfc5a0f998368fc871031,512,512,,,,,,,,,
train,SL1,ydfid/SL1/train/good/ydfid_train_001698.bmp,,0,True,7d0e858669a7b79e20684a5ed7d9fd543da3a7622827c289a4a91418bbd8cbc4,512,512,,,,,,,,,
train,SL1,ydfid/SL1/train/good/ydfid_train_001699.bmp,,0,True,6a8a4f0cc0e54394dfdf8a757458181cc5a7f12539c661b7a3b92336294206ce,512,512,,,,,,,,,
train,SL1,ydfid/SL1/train/good/ydfid_train_001700.bmp,,0,True,99ef7a2fe3e3dcf75d2d6540a219bb4a3e9e29f040bc038f5671a03300f50ddf,512,512,,,,,,,,,
train,SL1,ydfid/SL1/train/good/ydfid_train_001701.bmp,,0,True,4dcc83e222b15a0312747346d2d83bf2b4c3679c4d6feacbb1b2cffe3d4c156e,512,512,,,,,,,,,
train,SL1,ydfid/SL1/train/good/ydfid_train_001702.bmp,,0,True,a0c76b5071a44e755690b6a768f86800643f5cbbdfebc909d6153f81b8ff11ea,512,512,,,,,,,,,
train,SL1,ydfid/SL1/train/good/ydfid_train_001703.bmp,,0,True,d8e4f4061be1e94e7d65ab88eed4efbd25740afd9d0dcc12f3a0d6e3df481516,512,512,,,,,,,,,
train,SL1,ydfid/SL1/train/good/ydfid_train_001704.bmp,,0,True,eac378dae931200745a6f39c0b515b3a078bb5fe5745ee75fd96c6ad6034aefe,512,512,,,,,,,,,
train,SL1,ydfid/SL1/train/good/ydfid_train_001705.bmp,,0,True,a2981d286281ebe93c05f365cd51d9f925e5a81445c95b099d90c0b458830695,512,512,,,,,,,,,
train,SL1,ydfid/SL1/train/good/ydfid_train_001706.bmp,,0,True,55ebcadb5797495dec0a193ccb467a563aeb9084def95f694c2ee84a907a2721,512,512,,,,,,,,,
train,SL1,ydfid/SL1/train/good/ydfid_train_001707.bmp,,0,True,5fe623f6175d7ab1eaa7424dc66957b663f37881949e1bcfdf9aee4b48e99490,512,512,,,,,,,,,
train,SL1,ydfid/SL1/train/good/ydfid_train_001708.bmp,,0,True,38e90a2ba81e432716ca842818934a1cd64be7089d68a35c936bf3d892247286,512,512,,,,,,,,,
train,SL1,ydfid/SL1/train/good/ydfid_train_001709.bmp,,0,True,08a6354fbbbe18ac30725cf9348379fe7c7665bcb9e8dab03fdd41d9634abdfa,512,512,,,,,,,,,
train,SL1,ydfid/SL1/train/good/ydfid_train_001710.bmp,,0,True,d5660bb2ff15e1eeb4b29d60faa0614bd211df285ce57f988fcd9a303c935bfd,512,512,,,,,,,,,
train,SL1,ydfid/SL1/train/good/ydfid_train_001711.bmp,,0,True,6f53de78f2e3e9961b2cdbaeafd96e469de7cda5a899b6b7725f5eff9bb781b2,512,512,,,,,,,,,
train,SL1,ydfid/SL1/train/good/ydfid_train_001712.bmp,,0,True,b9247d1c5bc2fbff93c8155050b64fccddeb71bccaa647f9b13af3083a4c8d46,512,512,,,,,,,,,
train,SL1,ydfid/SL1/train/good/ydfid_train_001713.bmp,,0,True,8e0d0b1219b13d2b19d620fd04c686f4659b5252470a57b259c50c01d6cc0abb,512,512,,,,,,,,,
train,SL1,ydfid/SL1/train/good/ydfid_train_001714.bmp,,0,True,55391aa41ad72323f97a05f0fe7d9c2e5600cb31a3b34e289c06db1d408baf96,512,512,,,,,,,,,
train,SL1,ydfid/SL1/train/good/ydfid_train_001715.bmp,,0,True,acc718bca2e5a4ff27fdc7022fd113f08d8476fc836c2ddd2e60a65428a57ec8,512,512,,,,,,,,,
train,SL1,ydfid/SL1/train/good/ydfid_train_001716.bmp,,0,True,be7326cd1a97a93dc03052758000c11b79350a74ae68b3e5f287ad558a3704c3,512,512,,,,,,,,,
train,SL1,ydfid/SL1/train/good/ydfid_train_001717.bmp,,0,True,5eeebcaf2fd0d4a150ce1dfdc4e6d291f2354c69a870b92efda3d52e77b2fd02,512,512,,,,,,,,,
train,SL1,ydfid/SL1/train/good/ydfid_train_001718.bmp,,0,True,a038e1683d2383350ee0a3edfe1c274cd92d45172810ff28a5b7b19260a35ac0,512,512,,,,,,,,,
train,SL1,ydfid/SL1/train/good/ydfid_train_001719.bmp,,0,True,129a8b5dee4cde7c56b3d2ffe8c67942be64ad53065d3829ba320652a985e48f,512,512,,,,,,,,,
train,SL1,ydfid/SL1/train/good/ydfid_train_001720.bmp,,0,True,77dbf35889f7bde4a4c11fcdde69dafc740a600bffbb803cb92da1d86b9c48c3,512,512,,,,,,,,,
train,SL1,ydfid/SL1/train/good/ydfid_train_001721.bmp,,0,True,b247c72f412b92ce4401793ed07af46b636d6385b0f1479e34526caaaa2b597c,512,512,,,,,,,,,
train,SL1,ydfid/SL1/train/good/ydfid_train_001722.bmp,,0,True,ff7960c992b274e727c5b697549c387fa3936aa23c5977e8fe244bbae81a5ec1,512,512,,,,,,,,,
train,SL1,ydfid/SL1/train/good/ydfid_train_001723.bmp,,0,True,3da3549ede7933b37364f753c870b8979de4b3272b00c1aed97ce4f2f0c57f4c,512,512,,,,,,,,,
train,SL1,ydfid/SL1/train/good/ydfid_train_001724.bmp,,0,True,a5081d94c610c1d728ef4e33175d0994856419744951e1bfcdaa16a5347df7d0,512,512,,,,,,,,,
train,SL1,ydfid/SL1/train/good/ydfid_train_001725.bmp,,0,True,33c2c5d971d02046522e2d238d765f8b9614fba77b9c74a9cf2248b7b1baf64f,512,512,,,,,,,,,
train,SL1,ydfid/SL1/train/good/ydfid_train_001726.bmp,,0,True,dee21ec048416e6c5df1307ef10586987acc6f415dfbb1dc1a4fd78384a4bb10,512,512,,,,,,,,,
train,SL1,ydfid/SL1/train/good/ydfid_train_001727.bmp,,0,True,1170f723a368d3e882b39707abb2b3dcbffce86f85971bc06126700f3a7c6d0f,512,512,,,,,,,,,
train,SL1,ydfid/SL1/train/good/ydfid_train_001728.bmp,,0,True,9c06a4b463425b6cdd1a761dbf31693853ed1f6ec21f579eb0cef92db8fdcb66,512,512,,,,,,,,,
train,SL1,ydfid/SL1/train/good/ydfid_train_001729.bmp,,0,True,3f62f0efbea31df96e7d83d705f9919d13ad53a6bef209aa67187fbbaa8eb2a5,512,512,,,,,,,,,
train,SL1,ydfid/SL1/train/good/ydfid_train_001730.bmp,,0,True,b7b6ae0bd64b20ff62ecbba3bee74967b550f396280ece09c11485713c148c5c,512,512,,,,,,,,,
train,SL1,ydfid/SL1/train/good/ydfid_train_001731.bmp,,0,True,9599dd9cbe4bcaf6a3aa5aa7baa9d2844fa9d1764fb990a46dace1a671e529b0,512,512,,,,,,,,,
train,SL1,ydfid/SL1/train/good/ydfid_train_001732.bmp,,0,True,55c42f65118545391c23204a0534dad8ae1106c67adffcf30bc364f9d2415d43,512,512,,,,,,,,,
train,SL1,ydfid/SL1/train/good/ydfid_train_001733.bmp,,0,True,fe08f5e6fc6a85c22f42c105fc10bbdd695aae0256265f337f3eb98ad0179b39,512,512,,,,,,,,,
train,SL1,ydfid/SL1/train/good/ydfid_train_001734.bmp,,0,True,c6510274f4e7a5f2038b8fcaf84b6ff8198f65c67701af945c1aa148f0dd958d,512,512,,,,,,,,,
train,SL1,ydfid/SL1/train/good/ydfid_train_001735.bmp,,0,True,b10c6c5ca45b52528341b4f3d46c88e49050c5c3f674f8b088122188f0fa8db1,512,512,,,,,,,,,
train,SL1,ydfid/SL1/train/good/ydfid_train_001736.bmp,,0,True,8729170b2556c141ac27b7ca333401c57b01474f1230e226e63fca36f2010a54,512,512,,,,,,,,,
train,SL1,ydfid/SL1/train/good/ydfid_train_001737.bmp,,0,True,50890b890d96bcf3c61f4feeac70bed786846a6d58b687f0a2115835d3585220,512,512,,,,,,,,,
train,SL1,ydfid/SL1/train/good/ydfid_train_001738.bmp,,0,True,4d6682768ecee7e9d6d8e2e11c21933184487976b9e52e4cb4f4773f7024949a,512,512,,,,,,,,,
train,SL1,ydfid/SL1/train/good/ydfid_train_001739.bmp,,0,True,067b0bd9d1b1a16a8ad563c718d67be242d5ec0b5d3f3592ad5e9b65deff257b,512,512,,,,,,,,,
train,SL1,ydfid/SL1/train/good/ydfid_train_001740.bmp,,0,True,742be8da8fb2a2f200b337066ce56d01c6a09daa8345560ed2522f8c39f8253f,512,512,,,,,,,,,
train,SL1,ydfid/SL1/train/good/ydfid_train_001741.bmp,,0,True,8ffa9bf17b4c2286b73d06e3a7720893bef91b473b280105102d46da3dc4b5e4,512,512,,,,,,,,,
train,SL1,ydfid/SL1/train/good/ydfid_train_001742.bmp,,0,True,7062c3fa76cb8254f1e4e381f51683fdfe253dc334b36831508d421927d12b9f,512,512,,,,,,,,,
train,SL1,ydfid/SL1/train/good/ydfid_train_001743.bmp,,0,True,1d7aaf4a90a9be7aaf228ad079c97d34e966648176fd58208c152dc49ef3917a,512,512,,,,,,,,,
train,SL1,ydfid/SL1/train/good/ydfid_train_001744.bmp,,0,True,5428970bbdfff9024524609d0392193d901c9770cf9ad765b1c46b548115ca5c,512,512,,,,,,,,,
train,SL1,ydfid/SL1/train/good/ydfid_train_001745.bmp,,0,True,48e17ad70f315c271fafb80f9bda47a2f822edb7007b40a0fb85509100c3b886,512,512,,,,,,,,,
train,SL1,ydfid/SL1/train/good/ydfid_train_001746.bmp,,0,True,f38d9dab9567af8242abdbc9814fcca8ba6c2868cccc7b94d5a1c0c5574d2f2d,512,512,,,,,,,,,
train,SL1,ydfid/SL1/train/good/ydfid_train_001747.bmp,,0,True,1814797d163d4f5086ee2e626a6b28d8fbd4413e9f4b15fafb029a2d067c531c,512,512,,,,,,,,,
train,SL1,ydfid/SL1/train/good/ydfid_train_001748.bmp,,0,True,63105eb70ce6f339cf31d47a0091e85f0db62d243ff9d94d0a484c1c6330cd7f,512,512,,,,,,,,,
train,SL1,ydfid/SL1/train/good/ydfid_train_001749.bmp,,0,True,367181680919cbb2057c5b1a162d7930bb4ed1c685121ced4e555cc0986256f5,512,512,,,,,,,,,
train,SL1,ydfid/SL1/train/good/ydfid_train_001750.bmp,,0,True,9f1465f02e34744a49f9081e7df2fd385d8bee5c0afc9b12e7f68b3ea6f85537,512,512,,,,,,,,,
train,SL1,ydfid/SL1/train/good/ydfid_train_001751.bmp,,0,True,717c80e44126a90f009fe640fc643ea5f0c5ab5f6aac02b1800022456158675f,512,512,,,,,,,,,
train,SL1,ydfid/SL1/train/good/ydfid_train_001752.bmp,,0,True,7f19177c481bee375fcc2995ce0daccb25f7ca3b1c959b3aa4e2e99a74de28d1,512,512,,,,,,,,,
train,SL1,ydfid/SL1/train/good/ydfid_train_001753.bmp,,0,True,422987334125f0e91f48f2b95f7b36721a8cf9a40b862a519aeaefce00bc501c,512,512,,,,,,,,,
train,SL1,ydfid/SL1/train/good/ydfid_train_001754.bmp,,0,True,2bc51923697629ec1ed3400e0d71db473963b5de5227ba12fbb3dfe277def231,512,512,,,,,,,,,
train,SL1,ydfid/SL1/train/good/ydfid_train_001755.bmp,,0,True,0870e5d4fde528cd10181ab69562e57725bdeeb07ba4ee760bafa74878ca369a,512,512,,,,,,,,,
train,SL1,ydfid/SL1/train/good/ydfid_train_001756.bmp,,0,True,0ebe43800ea09c21f2aa12f9bf1972497703e428e6e0dedc3b20003b6c5800bd,512,512,,,,,,,,,
train,SL1,ydfid/SL1/train/good/ydfid_train_001757.bmp,,0,True,7339bd47616674735a3864854a12b26392541f81a4557a0e8524292f9b94c157,512,512,,,,,,,,,
train,SL1,ydfid/SL1/train/good/ydfid_train_001758.bmp,,0,True,5bfb2810a530612a3143f12f3bccd06563d3242344b08d3ae810394238d5daaa,512,512,,,,,,,,,
train,SL1,ydfid/SL1/train/good/ydfid_train_001759.bmp,,0,True,0413991223fb6339f7bb8578049ecc76bbd5bb427079655e4a83ed5e0ab04d62,512,512,,,,,,,,,
train,SL1,ydfid/SL1/train/good/ydfid_train_001760.bmp,,0,True,c5ff9fb3b11df1d85daf05885560a434c1a8d4f289e09b4632d91cf275f3fbfe,512,512,,,,,,,,,
train,SL1,ydfid/SL1/train/good/ydfid_train_001761.bmp,,0,True,dbe348c9063e5303802534880c275f9649c4c491f7ac0d0a04e97a8889823d5d,512,512,,,,,,,,,
train,SL1,ydfid/SL1/train/good/ydfid_train_001762.bmp,,0,True,fdf384b3f9044f236c21f6d2bcfd9323c3e1679755910b500b8a4ec4f87045c5,512,512,,,,,,,,,
train,SL1,ydfid/SL1/train/good/ydfid_train_001763.bmp,,0,True,76ddcfc4702c2f6e6e49085fa8abd0d225ee021504e346acbd5183a6989cc0dc,512,512,,,,,,,,,
train,SL1,ydfid/SL1/train/good/ydfid_train_001764.bmp,,0,True,6b9714fd6dcef330edb3375550b6a0e11febd1f80695075ee2df8d6899bac1a6,512,512,,,,,,,,,
train,SL1,ydfid/SL1/train/good/ydfid_train_001765.bmp,,0,True,cba9d4191c8fbd173e20d32f1b9a6e14d76033d5b2659d31b25c7affd17c240f,512,512,,,,,,,,,
train,SL1,ydfid/SL1/train/good/ydfid_train_001766.bmp,,0,True,d7cdc81727e7564290b07224d7048a35c475154bf30d1d9eec7825e7c5e2ac7b,512,512,,,,,,,,,
train,SL1,ydfid/SL1/train/good/ydfid_train_001767.bmp,,0,True,36a478b7a185aff4f368ab26ed4e186c99a6b21ef4b9c10dc5e250b634f40ba5,512,512,,,,,,,,,
train,SL1,ydfid/SL1/train/good/ydfid_train_001768.bmp,,0,True,9be023cf1ac455a965a4867d45509a3399739d0924653dbf43d74a8540ceaf73,512,512,,,,,,,,,
train,SL1,ydfid/SL1/train/good/ydfid_train_001769.bmp,,0,True,bc16c0fb38bf9db2d8b612abb65e99554742f1431782ca0b99a9b03a37aa6060,512,512,,,,,,,,,
train,SL1,ydfid/SL1/train/good/ydfid_train_001770.bmp,,0,True,f48b169c2fad920bdc404c72348d03b597090870a00e3d899bfb96c32b12f445,512,512,,,,,,,,,
train,SL1,ydfid/SL1/train/good/ydfid_train_001771.bmp,,0,True,e8e8d3268926faa3161cec7ab2d4156066b889b69641498eba5089acef1c46da,512,512,,,,,,,,,
train,SL1,ydfid/SL1/train/good/ydfid_train_001772.bmp,,0,True,de09b1532c27e1532bca51fda4e6ebb4aeb2ff01fb97c75b6c46408bd0e7f1ff,512,512,,,,,,,,,
train,SL1,ydfid/SL1/train/good/ydfid_train_001773.bmp,,0,True,1c7d263599f3991dd4402f455b9a1f83def45f11b66f99f80dbebd542646ba90,512,512,,,,,,,,,
train,SL1,ydfid/SL1/train/good/ydfid_train_001774.bmp,,0,True,e3876fc29a675236e6929200b2598d2bb00727a14f79c8de7e1d5990d9566de2,512,512,,,,,,,,,
train,SL1,ydfid/SL1/train/good/ydfid_train_001775.bmp,,0,True,23208ce4d0cea133e5e325f907393784828f5a97b8ad3e0ad7f14ce28ddd6716,512,512,,,,,,,,,
train,SL1,ydfid/SL1/train/good/ydfid_train_001776.bmp,,0,True,b74cb0ce5d232837bcb9eeee57275ef46cc60f0894755ae45b8748e0244068f5,512,512,,,,,,,,,
train,SL1,ydfid/SL1/train/good/ydfid_train_001777.bmp,,0,True,0afd320274d63d58c6f9290d39e8eb2eedbc2c516cf8085a4c97062ac72beab9,512,512,,,,,,,,,
train,SL1,ydfid/SL1/train/good/ydfid_train_001778.bmp,,0,True,94e9e05fa784e54c8be6e979071eb965a2cdb1fe57d21111b1b27e4f09d5bc78,512,512,,,,,,,,,
train,SL1,ydfid/SL1/train/good/ydfid_train_001779.bmp,,0,True,e3467b00867914a87392d8d8f05a408da9a05dd8634bf9d743a2e5f0932e5edf,512,512,,,,,,,,,
train,SL1,ydfid/SL1/train/good/ydfid_train_001780.bmp,,0,True,b5f55fd5884861ba65621adcf1a200890fc4da308bec52d888e4c363f70a3cc0,512,512,,,,,,,,,
train,SL1,ydfid/SL1/train/good/ydfid_train_001781.bmp,,0,True,b481959d1251192712622b0d55de985c3166054a042b2b832354fe0b7a2453d2,512,512,,,,,,,,,
train,SL1,ydfid/SL1/train/good/ydfid_train_001782.bmp,,0,True,0b0ce56d781b8b674fb338c5707715f8df59b8f9b1498bf702a849b2b07953c8,512,512,,,,,,,,,
train,SL1,ydfid/SL1/train/good/ydfid_train_001783.bmp,,0,True,e83c71ebdf1b811f0a931e1e56fff98aa3b093873b1bba47baa51f51d7c8b1eb,512,512,,,,,,,,,
train,SL1,ydfid/SL1/train/good/ydfid_train_001784.bmp,,0,True,d93c028be22a579ff56f4a58f40587d9d4dd3ce431651569902cc7c7e471a9df,512,512,,,,,,,,,
train,SL1,ydfid/SL1/train/good/ydfid_train_001785.bmp,,0,True,0bb2b4a48e64cfbfe7f7855ddd1758ce243fafa06e944a04534247600a23b0cc,512,512,,,,,,,,,
train,SL1,ydfid/SL1/train/good/ydfid_train_001786.bmp,,0,True,cbc4b98468b1ed1e2cab58b4509ee47657997418d974b9e6d1ff49d34ad67005,512,512,,,,,,,,,
train,SL1,ydfid/SL1/train/good/ydfid_train_001787.bmp,,0,True,c980908993dc5c1178b55ea5504d740a35131be76bd08a04d25d114a69d856b4,512,512,,,,,,,,,
train,SL1,ydfid/SL1/train/good/ydfid_train_001788.bmp,,0,True,2f67b9daf9572a0f83f5d998e86831dc4b2b18a51dbd68fb495021bf5ddc21e5,512,512,,,,,,,,,
train,SL1,ydfid/SL1/train/good/ydfid_train_001789.bmp,,0,True,73f52f380bd82490e397942528412d0bbb21e2fbe15647d9248327a13153e2f1,512,512,,,,,,,,,
train,SL1,ydfid/SL1/train/good/ydfid_train_001790.bmp,,0,True,ed22cb769744d5d3c33c420e6032a90bbf417b0dcd99e866707cf8779805926e,512,512,,,,,,,,,
train,SL1,ydfid/SL1/train/good/ydfid_train_001791.bmp,,0,True,6c665eaed93527df47f7d4cea7160b58091fcf3c5f625d0ffee08ef6f1333aa6,512,512,,,,,,,,,
train,SL1,ydfid/SL1/train/good/ydfid_train_001792.bmp,,0,True,7ac9280052a9a90e241ee1a32dbc0dd0ab578210ea1b44d41def70d89f7ef6de,512,512,,,,,,,,,
train,SL1,ydfid/SL1/train/good/ydfid_train_001793.bmp,,0,True,0f5437276124721a34bd9bc827a76ae6729e1616e158d0eb87dfcdd83bcf2fb8,512,512,,,,,,,,,
train,SL1,ydfid/SL1/train/good/ydfid_train_001794.bmp,,0,True,77a41ea74ccad135c92a3b2a17d3a637530d30c47118e411614f68a84b135921,512,512,,,,,,,,,
train,SL1,ydfid/SL1/train/good/ydfid_train_001795.bmp,,0,True,9a4bdf9443b5be5214f7f6a1cd6dea33529cc7176d8f98f7a8916d85e9fc3ba0,512,512,,,,,,,,,
train,SL1,ydfid/SL1/train/good/ydfid_train_001796.bmp,,0,True,37d94420f587bfc5d019bfb7fdf7255bd0b0bd6e5f86357045c13b63917b4098,512,512,,,,,,,,,
train,SL1,ydfid/SL1/train/good/ydfid_train_001797.bmp,,0,True,00a7eecc3cc36fe87acdc893172e4abaa7f5b3a1daaa09385c15bf7a59908029,512,512,,,,,,,,,
train,SL1,ydfid/SL1/train/good/ydfid_train_001798.bmp,,0,True,ce8b517aa2b7855eeee6b8f7bf5ba00317d3b55221187ab0e27bcc232d5c515d,512,512,,,,,,,,,
train,SL1,ydfid/SL1/train/good/ydfid_train_001799.bmp,,0,True,2231582a587ef71002b71aaf328341dd4246c5e0f43b92f874da0d780613ed2a,512,512,,,,,,,,,
train,SL1,ydfid/SL1/train/good/ydfid_train_001800.bmp,,0,True,c4b7f5c4b7efea4a69c8b43b85b91409e59ff1bf310f332bfbb17c989263270b,512,512,,,,,,,,,
train,SL1,ydfid/SL1/train/good/ydfid_train_001801.bmp,,0,True,c635b7d22183a57f89f053251cf2fe29d4573ddf5e0f7434227e0ab12bbdef7a,512,512,,,,,,,,,
train,SL1,ydfid/SL1/train/good/ydfid_train_001802.bmp,,0,True,eaf6a5a21b649ec0d1b07c8ac8dd71071d2c83f5943c47006e8a4c688d1ea3ec,512,512,,,,,,,,,
train,SL1,ydfid/SL1/train/good/ydfid_train_001803.bmp,,0,True,88a3f5124cffb674f9c1831b16b99b94b16b3ca9e8dad0554c279684d4e56d61,512,512,,,,,,,,,
train,SL1,ydfid/SL1/train/good/ydfid_train_001804.bmp,,0,True,0caa7a2d60de1b629479e688bf5f0b3b87f54dc4e862d745b359fd80876b320a,512,512,,,,,,,,,
train,SL1,ydfid/SL1/train/good/ydfid_train_001805.bmp,,0,True,09ecc83fb505ba689e392da3e8e065ff4af6032001297c7c4e188fac493fe117,512,512,,,,,,,,,
train,SL1,ydfid/SL1/train/good/ydfid_train_001806.bmp,,0,True,e5e47e0d4dbe48102ab7b868b4fee543de3c8a36a7d32d36728c055a8dc50d38,512,512,,,,,,,,,
train,SL1,ydfid/SL1/train/good/ydfid_train_001807.bmp,,0,True,5cd3484faebc98ea8a6d46383b0bbe2219f2936d0a358fac38b28e003eae5c4c,512,512,,,,,,,,,
train,SL1,ydfid/SL1/train/good/ydfid_train_001808.bmp,,0,True,7c9072566dd175ade9ed28535bb9dafec38fb04c2348d0df5669d62dafd47315,512,512,,,,,,,,,
train,SL1,ydfid/SL1/train/good/ydfid_train_001809.bmp,,0,True,ab8df4ab7d565591006017e6aea453a1e1b66025464e33a105094f16215bef22,512,512,,,,,,,,,
train,SL1,ydfid/SL1/train/good/ydfid_train_001810.bmp,,0,True,9e103bf43884825583ab9f12ca5ef69f1b6ade628876633501e9ace09266a887,512,512,,,,,,,,,
train,SL1,ydfid/SL1/train/good/ydfid_train_001811.bmp,,0,True,2de0eb75ab12a960fd1ca1dec2e42872dc57341ddab553dce92be6e178da4f01,512,512,,,,,,,,,
train,SL1,ydfid/SL1/train/good/ydfid_train_001812.bmp,,0,True,a3836adc72d8c05240654cccea595c2b307a1d33755659fc88d0378c102c123f,512,512,,,,,,,,,
train,SL1,ydfid/SL1/train/good/ydfid_train_001813.bmp,,0,True,d34ac6e579c4fd7b028899fe453bb184dea292455b684fcfb96dfc494ca45352,512,512,,,,,,,,,
train,SL1,ydfid/SL1/train/good/ydfid_train_001814.bmp,,0,True,db395ef43e4cb5d72f694def9a9762a0698d8a841abbce424e63ed4c16f93172,512,512,,,,,,,,,
train,SL1,ydfid/SL1/train/good/ydfid_train_001815.bmp,,0,True,75561031ad6c5df42d6567ce8c94aaf577d743c54163bfe067e5fc8d0318229c,512,512,,,,,,,,,
train,SL1,ydfid/SL1/train/good/ydfid_train_001816.bmp,,0,True,1e36861ecd58f1e34b931b41f05cdbd789627cde4bb2e4e087f9f50ef0089542,512,512,,,,,,,,,
train,SL1,ydfid/SL1/train/good/ydfid_train_001817.bmp,,0,True,7485a89cd66e3c12bace4388019900bfb19e94aea7adde276891d5d1decba40b,512,512,,,,,,,,,
train,SL1,ydfid/SL1/train/good/ydfid_train_001818.bmp,,0,True,3d79bd379e318b384300413d9dda2063efc7909597e158d4b291f6b3c4d3fbe1,512,512,,,,,,,,,
train,SL1,ydfid/SL1/train/good/ydfid_train_001819.bmp,,0,True,5ec3352dafe8bc7ab668b9846437a485a018dde4768fadc4feb2ce8eeb7fed02,512,512,,,,,,,,,
train,SL1,ydfid/SL1/train/good/ydfid_train_001820.bmp,,0,True,940a5acbb61012750a6bb8e43fee656e8f66019b52583a85b2d07b4791264957,512,512,,,,,,,,,
train,SL1,ydfid/SL1/train/good/ydfid_train_001821.bmp,,0,True,71325a70e98712635c5cd53a1147adc3b1c8ace7ab429fef6392c829d73c48e3,512,512,,,,,,,,,
train,SL1,ydfid/SL1/train/good/ydfid_train_001822.bmp,,0,True,27bc1c82422bd7e5f25d04877b592977f35c720b81644d583256cd786dd69659,512,512,,,,,,,,,
train,SL1,ydfid/SL1/train/good/ydfid_train_001823.bmp,,0,True,00aaf85c2c13de8008483247dbc5108d4fb2952006e51bdacb29ba1d1a6c01a9,512,512,,,,,,,,,
train,SL1,ydfid/SL1/train/good/ydfid_train_001824.bmp,,0,True,a755699e1cd0ea8e25b7f9cb688bd43c16b1765cc330f1a3d0121553896ffd4c,512,512,,,,,,,,,
train,SL1,ydfid/SL1/train/good/ydfid_train_001825.bmp,,0,True,d0c44ed088ba3d8e6fd059ee87c9bb4c3f0034f15164898448467e152b2b91b6,512,512,,,,,,,,,
train,SL1,ydfid/SL1/train/good/ydfid_train_001826.bmp,,0,True,39ae09e4f12462ebb333fa64b0c07f48b9ade60b694edca5745c28685c75a08e,512,512,,,,,,,,,
train,SL1,ydfid/SL1/train/good/ydfid_train_001827.bmp,,0,True,47aa696c27b688c286fb8abbedb8b1ca3c0653de9669fadc609fb8835630ec56,512,512,,,,,,,,,
train,SL1,ydfid/SL1/train/good/ydfid_train_001828.bmp,,0,True,9b4b278d65b522b90838ee0f137924365286c66a7ccf462ec61aac9300d1cc4d,512,512,,,,,,,,,
train,SL1,ydfid/SL1/train/good/ydfid_train_001829.bmp,,0,True,834ab3e0679dc1423b507e380533004525e5c7d1d0ac138bf34f9253721a605c,512,512,,,,,,,,,
train,SL1,ydfid/SL1/train/good/ydfid_train_001830.bmp,,0,True,d910e6ffd8ffec2b6339e21deea13f846911ccd6bfa61b7a828aca567a62e70d,512,512,,,,,,,,,
train,SL1,ydfid/SL1/train/good/ydfid_train_001831.bmp,,0,True,8c5ab20074c2596c7560d986db21aa8087223d8a2675dae8996c60f8ae75a4cf,512,512,,,,,,,,,
train,SL1,ydfid/SL1/train/good/ydfid_train_001832.bmp,,0,True,76364531529f7cb62c9cefa8c738112ed6979da1cbf84e088d4a6b9a8d3f0ca0,512,512,,,,,,,,,
train,SL1,ydfid/SL1/train/good/ydfid_train_001833.bmp,,0,True,b58d6d5394bf577a0b0d758fa7e952ec2d847ad33f2c4351cd6b2dc1e0cb09e0,512,512,,,,,,,,,
train,SL1,ydfid/SL1/train/good/ydfid_train_001834.bmp,,0,True,b6eaff2d2fc3d42fea14ea42b55d73a7b84b4d2c3403846e3a716a0d43db7eac,512,512,,,,,,,,,
train,SL1,ydfid/SL1/train/good/ydfid_train_001835.bmp,,0,True,94a655e6da83021061d13e2ebcc69932225e1918acb915a4cc0c30a7958c4f86,512,512,,,,,,,,,
train,SL1,ydfid/SL1/train/good/ydfid_train_001836.bmp,,0,True,c1ab10acfdcfed10248a08989b4e890639fec3156c70fde959a0d3c1be45a828,512,512,,,,,,,,,
train,SL1,ydfid/SL1/train/good/ydfid_train_001837.bmp,,0,True,65f9b421ab47566faf229623570ad49c54a37158db55e05a35c925fdf456d05e,512,512,,,,,,,,,
train,SL1,ydfid/SL1/train/good/ydfid_train_001838.bmp,,0,True,a7de51d6b681fbc287603d711c2a50f9919dea68651a989f764145b64ed043ce,512,512,,,,,,,,,
train,SL1,ydfid/SL1/train/good/ydfid_train_001839.bmp,,0,True,c89fab4185bb74262bf70a126a20c53c64331896178c027d045e51b456328a78,512,512,,,,,,,,,
train,SL1,ydfid/SL1/train/good/ydfid_train_001840.bmp,,0,True,946287ffcaec3d8284d985862423d52b91f446b8db47ebbaf5b0c0ddd86f4194,512,512,,,,,,,,,
train,SL1,ydfid/SL1/train/good/ydfid_train_001841.bmp,,0,True,5131a627f2f4a0c7ec2bf9145a44df0eaf629843bb75d91ece5e73e7aa9a4634,512,512,,,,,,,,,
train,SL1,ydfid/SL1/train/good/ydfid_train_001842.bmp,,0,True,92f6ba8a2af27d7fbfbfeef2e9bba572a711f47a3e48e3e7a94b7a48d64c30e4,512,512,,,,,,,,,
train,SL1,ydfid/SL1/train/good/ydfid_train_001843.bmp,,0,True,9902c403c05f09fa46d64cd250ba16247017819f8aff4a43a42a7d34fc75e1e8,512,512,,,,,,,,,
train,SL1,ydfid/SL1/train/good/ydfid_train_001844.bmp,,0,True,96e1a11ff5fb3186034309fac087a723de25f95ea2879c5e51931d06b0aa6997,512,512,,,,,,,,,
train,SL1,ydfid/SL1/train/good/ydfid_train_001845.bmp,,0,True,6cf8cf56d97210ef1d7d7ca44a75a0a6fecc16663f550d9fcabc189ccaa10892,512,512,,,,,,,,,
train,SL1,ydfid/SL1/train/good/ydfid_train_001846.bmp,,0,True,a4b61bc80aa1e74af0b3075244230c91c782a3f35043dcf79769958eef977ef6,512,512,,,,,,,,,
train,SL1,ydfid/SL1/train/good/ydfid_train_001847.bmp,,0,True,186e08287d69769a4b38ea89641d7d9aabb4aa2ab20e0fb3bd3a162ddc9f9d88,512,512,,,,,,,,,
train,SL1,ydfid/SL1/train/good/ydfid_train_001848.bmp,,0,True,300273e4aca00ca8ce70f78c5e92c21909f55d77f4f16546f9a9cb026e3eeb1c,512,512,,,,,,,,,
train,SL1,ydfid/SL1/train/good/ydfid_train_001849.bmp,,0,True,1e91b23522befefeb9bbda5a77a9a0038b940ee957bfdc25f49850e0bf22bf06,512,512,,,,,,,,,
train,SL1,ydfid/SL1/train/good/ydfid_train_001850.bmp,,0,True,1f829e5d706aa6d7ae748a01842968d303c9d57d0511fc887db3ab390a327403,512,512,,,,,,,,,
train,SL1,ydfid/SL1/train/good/ydfid_train_001851.bmp,,0,True,8084633b215b0f758b2ca7b281f511cc30286e40497892ce0aee5df85912fc87,512,512,,,,,,,,,
train,SL1,ydfid/SL1/train/good/ydfid_train_001852.bmp,,0,True,19d2bb2ae237c312e762bd23a9774a3752300ad4d803c31824ce7244b35c029d,512,512,,,,,,,,,
train,SL1,ydfid/SL1/train/good/ydfid_train_001853.bmp,,0,True,c7eff2a099c1691a2411ba045c715d8d73b456aa32ff1c53172822a74d00a2d5,512,512,,,,,,,,,
train,SL1,ydfid/SL1/train/good/ydfid_train_001854.bmp,,0,True,db3a2fac8b0efe8a70a2bfbac5d2e376f0df7ceb387be039fb2c2c2425af13d8,512,512,,,,,,,,,
train,SL1,ydfid/SL1/train/good/ydfid_train_001855.bmp,,0,True,adb3c8fad46bca8d23564abe2e9461df6729b03f350c88ad795869fad9458585,512,512,,,,,,,,,
train,SL1,ydfid/SL1/train/good/ydfid_train_001856.bmp,,0,True,c8c98e51c3b12c6c62ee235be1bcd43222ab614bef56d24a0bc46fca99650aa1,512,512,,,,,,,,,
train,SL1,ydfid/SL1/train/good/ydfid_train_001857.bmp,,0,True,e9c8029dddb672b9d6c23cf20ff92990e88cc5b7a6a4f6388532a19a8ef0706b,512,512,,,,,,,,,
train,SL1,ydfid/SL1/train/good/ydfid_train_001858.bmp,,0,True,7cac333d3e4c585935fdd90a6a39a00d03aaf648ed3bdb44fe1ddbe85a4d2964,512,512,,,,,,,,,
train,SL1,ydfid/SL1/train/good/ydfid_train_001859.bmp,,0,True,23c5117bd8c4ea9564813d8feb23a2e4a025d3f3e8af1a29b62c8d24ff6307f5,512,512,,,,,,,,,
train,SL1,ydfid/SL1/train/good/ydfid_train_001860.bmp,,0,True,ad543a711f959ac27e434b94cf62d8df2e225e8c6acffac79900bef7558e3cf9,512,512,,,,,,,,,
train,SL1,ydfid/SL1/train/good/ydfid_train_001861.bmp,,0,True,ac0875d2ddc92ec3121753d3cd3ec182bf8ab18357f3074af27747bc26b3b721,512,512,,,,,,,,,
train,SL1,ydfid/SL1/train/good/ydfid_train_001862.bmp,,0,True,09d59ceebff4a46be44e36a9792b47f4f889312c455fbe81d983391fd349e843,512,512,,,,,,,,,
train,SL1,ydfid/SL1/train/good/ydfid_train_001863.bmp,,0,True,872172996f464613eb5fd87ec95b603a839467910445637ceb3c6f688b449616,512,512,,,,,,,,,
train,SL1,ydfid/SL1/train/good/ydfid_train_001864.bmp,,0,True,eefc2ffe9b99bbfb6653ad43bc2e16c58d365aa325be43ab88bca6362bc58b8b,512,512,,,,,,,,,
train,SL1,ydfid/SL1/train/good/ydfid_train_001865.bmp,,0,True,054be94046610523b85d9bf0cfb5f05e4e8308627f8b385568bd57d873f21f09,512,512,,,,,,,,,
train,SL1,ydfid/SL1/train/good/ydfid_train_001866.bmp,,0,True,d5f0015ff2f72735b13c9eb63ed7d4943e5009ee652d1f75dda619d86d9f5739,512,512,,,,,,,,,
train,SL1,ydfid/SL1/train/good/ydfid_train_001867.bmp,,0,True,fabe0710229b7c7a510b0f833c849b54edc0c304d726d41f6ff57cd4cfb11659,512,512,,,,,,,,,
train,SL1,ydfid/SL1/train/good/ydfid_train_001868.bmp,,0,True,aa772b129a5d6bffe6b5c48497d135db360df6b60685102ab817f308d959b40b,512,512,,,,,,,,,
train,SL1,ydfid/SL1/train/good/ydfid_train_001869.bmp,,0,True,a7810740188a4ac5f78a5896f22367ec59e6ed47d72ef4be749bcab7c483c13d,512,512,,,,,,,,,
train,SL1,ydfid/SL1/train/good/ydfid_train_001870.bmp,,0,True,a152598f6a63ec190e566dd30dbeb93661361a2662dd9a7b7950f10b8e67f2b7,512,512,,,,,,,,,
train,SL1,ydfid/SL1/train/good/ydfid_train_001871.bmp,,0,True,f44663a35a249eeb7d4243fd67c405d0381c6ed1ea7bebbe809bb0ce36b6f100,512,512,,,,,,,,,
train,SL1,ydfid/SL1/train/good/ydfid_train_001872.bmp,,0,True,1c026845732f87880bea2695689206aff5e203d485ef4557f97342e452cc9ed0,512,512,,,,,,,,,
train,SL1,ydfid/SL1/train/good/ydfid_train_001873.bmp,,0,True,f4d9650e2c2bbba47da7f5d927f066b171c8eecb7b4587958a13120b34420af7,512,512,,,,,,,,,
train,SL1,ydfid/SL1/train/good/ydfid_train_001874.bmp,,0,True,8200ca9e267829cb66d28133a8df2551852ef6fc194e2ae7e75586fdfd6a603f,512,512,,,,,,,,,
train,SL1,ydfid/SL1/train/good/ydfid_train_001875.bmp,,0,True,ac7f9c7b329cfb0763e563313d52d76af2ac00758d82a928dc198a8377caed41,512,512,,,,,,,,,
train,SL1,ydfid/SL1/train/good/ydfid_train_001876.bmp,,0,True,5fc8e94843977717b1e79ecc78a7f95f76ded502e6bfedceaed78d6970a67f5b,512,512,,,,,,,,,
train,SL1,ydfid/SL1/train/good/ydfid_train_001877.bmp,,0,True,b70e8636423b28e888279a3cee56663966dceed1abe57182b40563fe5013702c,512,512,,,,,,,,,
train,SL1,ydfid/SL1/train/good/ydfid_train_001878.bmp,,0,True,2bfb56bcb5e81048188daf874fff4704a59d4e6bcdde60db5d496efbdbc331a5,512,512,,,,,,,,,
train,SL1,ydfid/SL1/train/good/ydfid_train_001879.bmp,,0,True,053411c047c8915871d67754731a25b05f775b2c80041366d722d49c43e0e09a,512,512,,,,,,,,,
train,SL1,ydfid/SL1/train/good/ydfid_train_001880.bmp,,0,True,8b4b74e89ebe56b9752ffffcf510e074c0839c5719ceb06c203c5f7cdbcb6c42,512,512,,,,,,,,,
train,SL1,ydfid/SL1/train/good/ydfid_train_001881.bmp,,0,True,0d2eefea12690a050cc28dd7b7d3dc2cf5e41bb869e2f56708a72af7c8bb5cd7,512,512,,,,,,,,,
train,SL1,ydfid/SL1/train/good/ydfid_train_001882.bmp,,0,True,eaf622463ddd49dac7dd8442a4fc2ed38553a883c539633b781016282e35921a,512,512,,,,,,,,,
train,SL1,ydfid/SL1/train/good/ydfid_train_001883.bmp,,0,True,251f9cb98643907449e0f2851dbe7119bf1718a8b72ec07da5a740ef8ff4938e,512,512,,,,,,,,,
train,SL1,ydfid/SL1/train/good/ydfid_train_001884.bmp,,0,True,c98026cfa9c598ea4d964ebfb93a49bce667cc6261409e41ebc29252f35d1819,512,512,,,,,,,,,
train,SL1,ydfid/SL1/train/good/ydfid_train_001885.bmp,,0,True,c7d82f60530d900a5dfcb1201879e9c5313ec52f35622ee2dcedea419ce905c2,512,512,,,,,,,,,
train,SL1,ydfid/SL1/train/good/ydfid_train_001886.bmp,,0,True,581c2c962de09f30f0af502e254bea3e80fc93a136f5c8803b70b883719ba3f1,512,512,,,,,,,,,
train,SL1,ydfid/SL1/train/good/ydfid_train_001887.bmp,,0,True,4f8449147a80345bfb0ec99f90a0bd9a27765f42dcafa43ac7bfaa429ffa1eed,512,512,,,,,,,,,
train,SL1,ydfid/SL1/train/good/ydfid_train_001888.bmp,,0,True,87c38a68fd68245dd14f76fac76e1d5193f2f245410347d474c9d55efa3d2a83,512,512,,,,,,,,,
train,SL1,ydfid/SL1/train/good/ydfid_train_001889.bmp,,0,True,b4f9d6163ced7d501d97f1bde3a46ac730a5ddbd9392ae2f75ad367ca42a2c91,512,512,,,,,,,,,
train,SL1,ydfid/SL1/train/good/ydfid_train_001890.bmp,,0,True,5716cbcc1c561290b210e06400dbad402061b716ecd8c70bb4afaa3dee9432b5,512,512,,,,,,,,,
train,SL1,ydfid/SL1/train/good/ydfid_train_001891.bmp,,0,True,a57ec281e78fdb500ba1cbaa26533bc8ed4a0027771457557e360727490c0508,512,512,,,,,,,,,
train,SL1,ydfid/SL1/train/good/ydfid_train_001892.bmp,,0,True,b809fa90ec2c40f5f42f4b1a156a02447515c31193ad1e86dfeeda4f25bc8147,512,512,,,,,,,,,
train,SL1,ydfid/SL1/train/good/ydfid_train_001893.bmp,,0,True,ab143efa6daabf9222419fe95f4f9a4602398e96555184049b402dd1f5574ae7,512,512,,,,,,,,,
train,SL1,ydfid/SL1/train/good/ydfid_train_001894.bmp,,0,True,d44c2cd61293b16a6f847bf25c86bb1b058090ce0a9e230251d669ac85b6b9c4,512,512,,,,,,,,,
train,SL1,ydfid/SL1/train/good/ydfid_train_001895.bmp,,0,True,4c6ed9ab586b5de6f7827c824aa448b987920c307d0ce309dd1e1a4069a89a1b,512,512,,,,,,,,,
train,SL1,ydfid/SL1/train/good/ydfid_train_001896.bmp,,0,True,5aea27d0d706983586feabf35933f516059ab953cd63f8a612b46231acf6f311,512,512,,,,,,,,,
train,SL1,ydfid/SL1/train/good/ydfid_train_001897.bmp,,0,True,fc7b7ec4a5d943f0a1ab9acc21b4061d63e02a92a1d4e3ba55b9f579e68cdada,512,512,,,,,,,,,
train,SL1,ydfid/SL1/train/good/ydfid_train_001898.bmp,,0,True,958517d35771948cfacd594665e80e7bd15d36aad00f22826e8bf40533ce6d27,512,512,,,,,,,,,
train,SL1,ydfid/SL1/train/good/ydfid_train_001899.bmp,,0,True,f5e8b055297385f2686fbc6aef4a1489ca4b2e9e2462f85b68730f435cec7a07,512,512,,,,,,,,,
train,SL1,ydfid/SL1/train/good/ydfid_train_001900.bmp,,0,True,f679e7f54e601fdff1a6858117bf05549f06893b7904f0136ad1e83dbb02910a,512,512,,,,,,,,,
train,SL1,ydfid/SL1/train/good/ydfid_train_001901.bmp,,0,True,c98ed9f2339447ff649609e2b0f218081a36959f404f3f4b3bea997c0ae1243d,512,512,,,,,,,,,
train,SL1,ydfid/SL1/train/good/ydfid_train_001902.bmp,,0,True,b94c9807746c540cdb0dcbddcddc1fe08df1fc717243916ab4a0cad4f6f05a80,512,512,,,,,,,,,
train,SL1,ydfid/SL1/train/good/ydfid_train_001903.bmp,,0,True,f1f26375e8517073d3f813adbb9f1a2c24f54085b4625567c4ff2b16cacd9cc8,512,512,,,,,,,,,
train,SL1,ydfid/SL1/train/good/ydfid_train_001904.bmp,,0,True,58ec91e38b527fa7798e527da6e3c4089e5554e4adc1f59d067fedc6312b1f66,512,512,,,,,,,,,
train,SL1,ydfid/SL1/train/good/ydfid_train_001905.bmp,,0,True,0fde40faf9689f19e6a9cb7b852ea17f507e47bf48420880cadd94ba700b05c6,512,512,,,,,,,,,
train,SL1,ydfid/SL1/train/good/ydfid_train_001906.bmp,,0,True,684fe2464076cceda5508ac036fc446017b035a345ba5ba29426101c679f4367,512,512,,,,,,,,,
train,SL1,ydfid/SL1/train/good/ydfid_train_001907.bmp,,0,True,6f18981a78cbeeff35dc2969835e5093a893cdf92b14cacd297c968dd7151c05,512,512,,,,,,,,,
train,SL1,ydfid/SL1/train/good/ydfid_train_001908.bmp,,0,True,c881e33aa695fd43e1c5125646c75364336bfa00d02aaed0ff1984b09f884f1e,512,512,,,,,,,,,
train,SL1,ydfid/SL1/train/good/ydfid_train_001909.bmp,,0,True,6e84fa42c28e499e17b0f3893c3c07d405e1c00665597ae2bb459c91f9b44876,512,512,,,,,,,,,
train,SL1,ydfid/SL1/train/good/ydfid_train_001910.bmp,,0,True,38e90a2ba81e432716ca842818934a1cd64be7089d68a35c936bf3d892247286,512,512,,,,,,,,,
train,SL1,ydfid/SL1/train/good/ydfid_train_001911.bmp,,0,True,dcf4f22a7c3d08bbc918c87dcd016c2671051d28320f6175fe6bf256b5cdc616,512,512,,,,,,,,,
train,SL1,ydfid/SL1/train/good/ydfid_train_001912.bmp,,0,True,35d21633b4ac2cae213f871075144e53a8f6c750767eeb4a21adbe4b6c0d1036,512,512,,,,,,,,,
train,SL1,ydfid/SL1/train/good/ydfid_train_001913.bmp,,0,True,40d27248ee1133d3b35de4ce417b26c5ed99eb7ddd5cfd0b3ebe2aa4f381876d,512,512,,,,,,,,,
train,SL1,ydfid/SL1/train/good/ydfid_train_001914.bmp,,0,True,a60938ccc54fe578348902e34ba7713e5d53e6766a78d420bcf0346ac1125ab6,512,512,,,,,,,,,
train,SL1,ydfid/SL1/train/good/ydfid_train_001915.bmp,,0,True,1690b5bed5f4e1d3beeae595f2742139ba12924bd75bb3336962c7534437a6a5,512,512,,,,,,,,,
train,SL1,ydfid/SL1/train/good/ydfid_train_001916.bmp,,0,True,2194350a3d149c955c0f65eeb520028b23ba6d835e2a41163e6f032a2886564c,512,512,,,,,,,,,
train,SL1,ydfid/SL1/train/good/ydfid_train_001917.bmp,,0,True,400172c23a66d7e86a71a432bac06098eb5b405803ebc61792dfdad71a7a613e,512,512,,,,,,,,,
train,SL1,ydfid/SL1/train/good/ydfid_train_001918.bmp,,0,True,e5eefe33e1713af98915e808350718163b147a489ca6a0e143f0955ca7a5c4e4,512,512,,,,,,,,,
train,SL1,ydfid/SL1/train/good/ydfid_train_001919.bmp,,0,True,19d2bb2ae237c312e762bd23a9774a3752300ad4d803c31824ce7244b35c029d,512,512,,,,,,,,,
train,SL1,ydfid/SL1/train/good/ydfid_train_001920.bmp,,0,True,80a5ee1e22745d746e32766b58363fbedb38a715056d6fd13dade8e55d1e0a5a,512,512,,,,,,,,,
train,SL1,ydfid/SL1/train/good/ydfid_train_001921.bmp,,0,True,815fd84a604d24de464714b8c26398ede99d44461f78d30357d8717fc03ed0be,512,512,,,,,,,,,
train,SL1,ydfid/SL1/train/good/ydfid_train_001922.bmp,,0,True,45cf8a8aff170e926898dd38166962bf048ab9267d13bb97cd5fa71ff7adf412,512,512,,,,,,,,,
train,SL1,ydfid/SL1/train/good/ydfid_train_001923.bmp,,0,True,f2e5ff6075fa4bfcff3663abb878d844cac9eac7f886cb845e682bd0b940d3de,512,512,,,,,,,,,
train,SL1,ydfid/SL1/train/good/ydfid_train_001924.bmp,,0,True,9f5ceb9545c3a70c209c2435bf3afa1cc4da1fdc2dbb7cab5f8359ffd5c7c03f,512,512,,,,,,,,,
train,SL1,ydfid/SL1/train/good/ydfid_train_001925.bmp,,0,True,c0b782268b73bb0666f2b11ce92728778a50830a3ea4f9ef5d90d9521d6dc9e3,512,512,,,,,,,,,
train,SL1,ydfid/SL1/train/good/ydfid_train_001926.bmp,,0,True,ad110ee3f2a057d20717d4668cdaba7397b084248f297a4b762ecabfee4834af,512,512,,,,,,,,,
train,SL1,ydfid/SL1/train/good/ydfid_train_001927.bmp,,0,True,a21155d8fe308e403c87c2d1cb4626b910011c61f562ccf3d5ffa97c510c879f,512,512,,,,,,,,,
train,SL1,ydfid/SL1/train/good/ydfid_train_001928.bmp,,0,True,3d44cbd687139c324a335f669b0ff316f2fe7eb28ed2bf3a978f36c774133c41,512,512,,,,,,,,,
train,SL1,ydfid/SL1/train/good/ydfid_train_001929.bmp,,0,True,56cfb8edc961d93bf278496cfa7727237ed8f083e14cc2f2e97d110d4351254a,512,512,,,,,,,,,
train,SL1,ydfid/SL1/train/good/ydfid_train_001930.bmp,,0,True,8a21e556bd2ded1cb985d6fea111d6891eb012d2e64d7b175aeea4afe7a63fc0,512,512,,,,,,,,,
train,SL1,ydfid/SL1/train/good/ydfid_train_001931.bmp,,0,True,34661a22183544b246082888a7492aae3ff2c2e845d005bc827d4ca0cf96a497,512,512,,,,,,,,,
train,SL1,ydfid/SL1/train/good/ydfid_train_001932.bmp,,0,True,d1fa874d417b174e29d36a8589d6e6e8f4ebaa939a37edd910804e47a70284cf,512,512,,,,,,,,,
train,SL1,ydfid/SL1/train/good/ydfid_train_001933.bmp,,0,True,896518af23235c0c9145eb332225239091327e62fbd06194134072fa6690d55d,512,512,,,,,,,,,
train,SL1,ydfid/SL1/train/good/ydfid_train_001934.bmp,,0,True,497235dfc03725de6c8f3e7373c241d7b39fe743b7fcba28990e8098f84b8b59,512,512,,,,,,,,,
train,SL1,ydfid/SL1/train/good/ydfid_train_001935.bmp,,0,True,9f332149b9dd8a948307839d6a755c6115060c2757e3d6e74c18d7d7c0a82831,512,512,,,,,,,,,
train,SL1,ydfid/SL1/train/good/ydfid_train_001936.bmp,,0,True,25b8b4c156bb9472649725432330d99c58f750f1b1a9ac425bd2316b5a613e61,512,512,,,,,,,,,
train,SL1,ydfid/SL1/train/good/ydfid_train_001937.bmp,,0,True,7f1052171465f6dfdc1508bd23cde74ae11f6d2f23544f481c3aab44dd2316d1,512,512,,,,,,,,,
train,SL1,ydfid/SL1/train/good/ydfid_train_001938.bmp,,0,True,ab1c9b5a379cab9e8ee98f0fa4cd62368b3ea48e8e8d7a7f9aaf442c10b24d29,512,512,,,,,,,,,
train,SL1,ydfid/SL1/train/good/ydfid_train_001939.bmp,,0,True,6b7cb0c67cb5ec13ec74c58a910a5d7378409db5f6e0b26153d378dd9cd8be41,512,512,,,,,,,,,
train,SL1,ydfid/SL1/train/good/ydfid_train_001940.bmp,,0,True,12e97ee65b6859e0a3b48802ee2dead4c9d6f806183da986c7fff253e18fdc2f,512,512,,,,,,,,,
train,SL1,ydfid/SL1/train/good/ydfid_train_001941.bmp,,0,True,8a7721a831f927c9fbc9343e292d16bfdc082e65a89f952c98ea548a9f8c3687,512,512,,,,,,,,,
train,SL1,ydfid/SL1/train/good/ydfid_train_001942.bmp,,0,True,65817977c5806ac8cca77e77998dd360f7129a1913deeae50be3861be911bdeb,512,512,,,,,,,,,
train,SL1,ydfid/SL1/train/good/ydfid_train_001943.bmp,,0,True,d1fa874d417b174e29d36a8589d6e6e8f4ebaa939a37edd910804e47a70284cf,512,512,,,,,,,,,
train,SL1,ydfid/SL1/train/good/ydfid_train_001944.bmp,,0,True,398262bbf2137dd0a985e9326dd722355900478c86bcf20d04ebf3e6e6b65d36,512,512,,,,,,,,,
train,SL1,ydfid/SL1/train/good/ydfid_train_001945.bmp,,0,True,4f6f1c33aa1317f4849b64122a0a06519c6c15b514cd00f39699974d19e99a54,512,512,,,,,,,,,
train,SL1,ydfid/SL1/train/good/ydfid_train_001946.bmp,,0,True,709cc7aeb29b68b2a7e7acb66fd6afb21b24c42e5f6f46b2146ad73695ec2533,512,512,,,,,,,,,
train,SL1,ydfid/SL1/train/good/ydfid_train_001947.bmp,,0,True,b01efc46e486d490d3c74b24e8aba5fd6be938ccd7efff1d663bf77c1d5446f0,512,512,,,,,,,,,
train,SL1,ydfid/SL1/train/good/ydfid_train_001948.bmp,,0,True,94db4f335faae6fe541b9a6247d8bde219f461c7ed06534b3b3c6c01399716c6,512,512,,,,,,,,,
train,SL1,ydfid/SL1/train/good/ydfid_train_001949.bmp,,0,True,2f5f3e9b8f2a1ca4c81ccd370f32afe3cc94c870ac09a5a42a2443647a083915,512,512,,,,,,,,,
train,SL1,ydfid/SL1/train/good/ydfid_train_001950.bmp,,0,True,4ab8087bd03955970ecbda10f5e7d5a03a3b87e43dab4034b6f4c7f57d6b6b79,512,512,,,,,,,,,
train,SL1,ydfid/SL1/train/good/ydfid_train_001951.bmp,,0,True,42b49cd7dae83360ac2c1ccdb74a6bbce85007c3f511d9d1d9b7a81b43ffd448,512,512,,,,,,,,,
train,SL1,ydfid/SL1/train/good/ydfid_train_001952.bmp,,0,True,74afb2058a7633397672249d9a5ed644ad2bf613533757795cea83deda644bd8,512,512,,,,,,,,,
train,SL1,ydfid/SL1/train/good/ydfid_train_001953.bmp,,0,True,0ebf29a52b7ef269b64c7f955f487f75c24084af5a5ab5e1806c052aea0cff66,512,512,,,,,,,,,
train,SL1,ydfid/SL1/train/good/ydfid_train_001954.bmp,,0,True,74758843a3716d2c30e362df54e0d1bfe681961e795cab060bfe2ba00df0729a,512,512,,,,,,,,,
train,SL1,ydfid/SL1/train/good/ydfid_train_001955.bmp,,0,True,03372975dfd5dce518dda74b42b6e696a480b1ceeda176071ee47068f2146d7e,512,512,,,,,,,,,
train,SL1,ydfid/SL1/train/good/ydfid_train_001956.bmp,,0,True,dee6c1df920e176cf0a609ccce7f45ad735106b496e4b9ed91ae32b3133db6bc,512,512,,,,,,,,,
train,SL1,ydfid/SL1/train/good/ydfid_train_001957.bmp,,0,True,80948599b6b435c02baf28066c82ee4e00dbf6932902f561b49931be0f4bf0e1,512,512,,,,,,,,,
train,SL1,ydfid/SL1/train/good/ydfid_train_001958.bmp,,0,True,89e6ca4ad5ddda261adb764df39fef589f28616749fca0898991c91b3f4fe3e5,512,512,,,,,,,,,
train,SL1,ydfid/SL1/train/good/ydfid_train_001959.bmp,,0,True,316cad6fbfa6918546979c991ddf01d96b271d784468bcefbd8ff60354b0b7dd,512,512,,,,,,,,,
train,SL1,ydfid/SL1/train/good/ydfid_train_001960.bmp,,0,True,7026d7ca37dfae5566289d7e76b50c8a932ef0eb05c0bda4f97a3e57ddfe5dba,512,512,,,,,,,,,
train,SL1,ydfid/SL1/train/good/ydfid_train_001961.bmp,,0,True,59cb4dfb140fcbd4b7e8603060728f37732a9181a0fae47e5580c694b6de9c70,512,512,,,,,,,,,
train,SL1,ydfid/SL1/train/good/ydfid_train_001962.bmp,,0,True,11737fd1121293083c2cbce48196ad17eaf0a57b7d818d8115c2d63524a3f3d2,512,512,,,,,,,,,
train,SL1,ydfid/SL1/train/good/ydfid_train_001963.bmp,,0,True,575806c1cb73571d9e2c5a6d6a12d7b7ac3a52b52788a28a53bd2acf5b1fccf2,512,512,,,,,,,,,
train,SL1,ydfid/SL1/train/good/ydfid_train_001964.bmp,,0,True,8c94739119ee26d10d3ffd1777c7fbfc7c55164f9ded7a49ee76dda2872d4fe4,512,512,,,,,,,,,
train,SL1,ydfid/SL1/train/good/ydfid_train_001965.bmp,,0,True,c65134bc6f39665b1344125d2fbb55356fb94d9c141fb17fe1414505a014e49b,512,512,,,,,,,,,
train,SL1,ydfid/SL1/train/good/ydfid_train_001966.bmp,,0,True,682b4aafb4831da794161e216b9aa224a61cc0833bce61490efda6149bfa789b,512,512,,,,,,,,,
train,SL1,ydfid/SL1/train/good/ydfid_train_001967.bmp,,0,True,ecd19279327f8c4997054db877b906da3e9cb5852ebd570a6dee539d30298745,512,512,,,,,,,,,
train,SL1,ydfid/SL1/train/good/ydfid_train_001968.bmp,,0,True,6d107b7c1601467fc98bd8df334345d147f76e02e9786b3de16c18d24f125f0e,512,512,,,,,,,,,
train,SL1,ydfid/SL1/train/good/ydfid_train_001969.bmp,,0,True,989910c7185d3d626bf422239791bbbd987da0fb5c64d2d47b837d5b82e82bfb,512,512,,,,,,,,,
train,SL1,ydfid/SL1/train/good/ydfid_train_001970.bmp,,0,True,54d60357101099013557bfd19bc7b53ab2ac3dc7d1460ff81d35dc4c1d6e75bb,512,512,,,,,,,,,
train,SL1,ydfid/SL1/train/good/ydfid_train_001971.bmp,,0,True,b4618fdbec2da5765e7eea8825fbad0e1cacaf4c51ad9764e5d42f33f5804e2c,512,512,,,,,,,,,
train,SL1,ydfid/SL1/train/good/ydfid_train_001972.bmp,,0,True,053a6566dee23746550a23c0ebdc74b5a1621144fc2688abcdd3e0399f6f143c,512,512,,,,,,,,,
train,SL1,ydfid/SL1/train/good/ydfid_train_001973.bmp,,0,True,fe473aae8e0b6456b080be6d1fa071169cd1466b7698889c280b136237eccffb,512,512,,,,,,,,,
train,SL1,ydfid/SL1/train/good/ydfid_train_001974.bmp,,0,True,a60a71e4044f1211aeae43a205ab5b9e8a233e350e2c3eece6bba25a49106e3f,512,512,,,,,,,,,
train,SL1,ydfid/SL1/train/good/ydfid_train_001975.bmp,,0,True,d04509a0ba57e0a6b4b8ab2f463f7ac37f2fdc866176cc677c054f63acd40e50,512,512,,,,,,,,,
train,SL1,ydfid/SL1/train/good/ydfid_train_001976.bmp,,0,True,f4f400de96bc5ce2ec4b4eee61fcb3df817ea761cd232c2bc73b93db81904fa5,512,512,,,,,,,,,
train,SL1,ydfid/SL1/train/good/ydfid_train_001977.bmp,,0,True,47883e0df6a3fe5e9c24812a96ec56c6f2b4c83893bba83c479eca696fc3e53f,512,512,,,,,,,,,
train,SL1,ydfid/SL1/train/good/ydfid_train_001978.bmp,,0,True,0f0610e090f0eee1979b34042b66336b7471ebb230f7ae80ee28048ec5b5dc51,512,512,,,,,,,,,
train,SL1,ydfid/SL1/train/good/ydfid_train_001979.bmp,,0,True,b7c96ffd5877aa4db425d6ac611a3c33ccde2c5c0a2deb47f3dda6f0037ceaed,512,512,,,,,,,,,
train,SL1,ydfid/SL1/train/good/ydfid_train_001980.bmp,,0,True,602234cca3beadd707fe1994c007c7245aed3570aed506e40502c182c85f86d5,512,512,,,,,,,,,
train,SL1,ydfid/SL1/train/good/ydfid_train_001981.bmp,,0,True,3a814eadccf7f81d910931464e5d0796c5bdbe3a4eec9e5b44f8d4a92cc4fdbd,512,512,,,,,,,,,
train,SL1,ydfid/SL1/train/good/ydfid_train_001982.bmp,,0,True,55f45299c0481e1c25150b011be5d6964249c7b83ac0ad67f90290106dbacdb4,512,512,,,,,,,,,
train,SL1,ydfid/SL1/train/good/ydfid_train_001983.bmp,,0,True,748c6dbaeb2611cad6cadd39c644a5af4681a71146d61d101e8e2133d1b8c876,512,512,,,,,,,,,
train,SL1,ydfid/SL1/train/good/ydfid_train_001984.bmp,,0,True,10dbf4aafdb9db189dd3c5804e121679c99b44808a7f25134b3a890c6a38823d,512,512,,,,,,,,,
train,SL1,ydfid/SL1/train/good/ydfid_train_001985.bmp,,0,True,58e3555b39f79ff1e7a9915e4f195a3c7f59a0d96460f916d6e601a361e5fc64,512,512,,,,,,,,,
train,SL1,ydfid/SL1/train/good/ydfid_train_001986.bmp,,0,True,61a99c1ee47134eb6948711e85a51d6cbed973737ff275dd95e91fdd862eebe0,512,512,,,,,,,,,
train,SL1,ydfid/SL1/train/good/ydfid_train_001987.bmp,,0,True,293b491d67c4453d7fb9a9866ad510f46299e4cf73bdb35969e56d5ad301635a,512,512,,,,,,,,,
train,SL1,ydfid/SL1/train/good/ydfid_train_001988.bmp,,0,True,a2fe1f8350662ac22e48c0af13458d34525312c8ab97ab252a395d4a83164930,512,512,,,,,,,,,
train,SL1,ydfid/SL1/train/good/ydfid_train_001989.bmp,,0,True,2b17c1a791f9e110f869696a4d9a573543443c807edfbd5d383f929bbd06f916,512,512,,,,,,,,,
train,SL1,ydfid/SL1/train/good/ydfid_train_001990.bmp,,0,True,620f856bfde804e41747c7fde54ac280e4771cd27e44dc38829b3e913076b1bb,512,512,,,,,,,,,
train,SL1,ydfid/SL1/train/good/ydfid_train_001991.bmp,,0,True,2db14efa4c89f65ba8abef8cd30a68715646c627f7d6990237102bf15a34820c,512,512,,,,,,,,,
train,SL1,ydfid/SL1/train/good/ydfid_train_001992.bmp,,0,True,d6272bcf1314b320c8c209b1f1df72b20174df800a3c0939934d553434a9c5af,512,512,,,,,,,,,
train,SL1,ydfid/SL1/train/good/ydfid_train_001993.bmp,,0,True,2f36f8169b47a3bbfbf6d2ab20338fdb5fbecb41525a4f22de6768fbe1a09cc5,512,512,,,,,,,,,
train,SL1,ydfid/SL1/train/good/ydfid_train_001994.bmp,,0,True,2728ff5238566a7e6efb7508f51f94570df3751c60228bdd73ecf3103dbb18fc,512,512,,,,,,,,,
train,SL1,ydfid/SL1/train/good/ydfid_train_001995.bmp,,0,True,25db83e4570b6611c384cf9a9f6f8082aea559626d6e2805c2aafac5706aff45,512,512,,,,,,,,,
train,SL1,ydfid/SL1/train/good/ydfid_train_001996.bmp,,0,True,4d857edb387437b8b3a1c0fca393f069c761dfd2cd9864b2f4377478d7722b87,512,512,,,,,,,,,
train,SL1,ydfid/SL1/train/good/ydfid_train_001997.bmp,,0,True,1b6e58ee90bf62255e95963f73031df4764fe7b3c39aef8ae0d4683f50e4be2c,512,512,,,,,,,,,
train,SL1,ydfid/SL1/train/good/ydfid_train_001998.bmp,,0,True,c43660c46a047b87fe8d36f79de1c7146ffb0d206b2c4d1d5f70ae869468150d,512,512,,,,,,,,,
train,SL1,ydfid/SL1/train/good/ydfid_train_001999.bmp,,0,True,1ecc2e25bd44729c48f937e9846b4b717f2adda56695488ed5c1a83b38d64116,512,512,,,,,,,,,
train,SL1,ydfid/SL1/train/good/ydfid_train_002000.bmp,,0,True,17c90f640af62ee28c48bd9afaa19dac43bec32ad7024c9793c6a8de19d71abd,512,512,,,,,,,,,
train,SL1,ydfid/SL1/train/good/ydfid_train_002001.bmp,,0,True,102df0300e38a1031f14023fd64e3e9481b58e2e12955a5825af9e01077892fe,512,512,,,,,,,,,
train,SL1,ydfid/SL1/train/good/ydfid_train_002002.bmp,,0,True,eaa69a36ff734896bbeda05b2b54b2b101a57bd8aead0d2780e0c79159beed99,512,512,,,,,,,,,
train,SL1,ydfid/SL1/train/good/ydfid_train_002003.bmp,,0,True,7c45f27e17d8562f42231724a0c1276ebb1d91a40ea7ff3abf95f88189a55323,512,512,,,,,,,,,
train,SL1,ydfid/SL1/train/good/ydfid_train_002004.bmp,,0,True,9083169b3b87de2562b93dd944c8443c05a08995feadec4da15e6c83dda763d3,512,512,,,,,,,,,
train,SL1,ydfid/SL1/train/good/ydfid_train_002005.bmp,,0,True,db5dc635e7b99753fc64c14b1419805b017ed3680f222207ac45f7cb680476ef,512,512,,,,,,,,,
train,SL1,ydfid/SL1/train/good/ydfid_train_002006.bmp,,0,True,b50cae679031a91973220d03b668bf7042d9a6629e8b3e72bd86440cae13db70,512,512,,,,,,,,,
train,SL1,ydfid/SL1/train/good/ydfid_train_002007.bmp,,0,True,24a9fdb313a92ae54dea60c7f0153b0e82742c67a62cd0d897a170e8a33aa1ab,512,512,,,,,,,,,
train,SL1,ydfid/SL1/train/good/ydfid_train_002008.bmp,,0,True,d6b88a01e1ce039aa0c5225962fe2419ae2416a0b699ff3ace9e1d83a2be2773,512,512,,,,,,,,,
train,SL1,ydfid/SL1/train/good/ydfid_train_002009.bmp,,0,True,3a0cabfc806d301e6084b465032c83a895244b0bd16517573e9fb8ef7aaec1e6,512,512,,,,,,,,,
train,SL1,ydfid/SL1/train/good/ydfid_train_002010.bmp,,0,True,40697498330dea86161816f0e2cfd866cb2f8401cb3e02e32d17fc004ee54a7a,512,512,,,,,,,,,
train,SL1,ydfid/SL1/train/good/ydfid_train_002011.bmp,,0,True,46ac5b143b006ce861c7e735f93d7bc5a249b7965a6681c09cd350a991afc359,512,512,,,,,,,,,
train,SL1,ydfid/SL1/train/good/ydfid_train_002012.bmp,,0,True,d19a1ffa4d72c7f6dd89918e73709f37a12ed84a1ceb8fdb9a663d152b516874,512,512,,,,,,,,,
train,SL1,ydfid/SL1/train/good/ydfid_train_002013.bmp,,0,True,a5081d94c610c1d728ef4e33175d0994856419744951e1bfcdaa16a5347df7d0,512,512,,,,,,,,,
train,SL1,ydfid/SL1/train/good/ydfid_train_002014.bmp,,0,True,85c9960ae5a07a9f67480c25087411e8fd408e1c23eb6a00f65ef5c1bc243904,512,512,,,,,,,,,
train,SL1,ydfid/SL1/train/good/ydfid_train_002015.bmp,,0,True,6e9a76709a48c2896f838b2e12c9b6571a772ecbf2097c02300044e120f15b16,512,512,,,,,,,,,
train,SL1,ydfid/SL1/train/good/ydfid_train_002016.bmp,,0,True,63d8efa8c825e8d0ef11eac99910944a5b10366bcd48ecc1c3c45bb9cb1bcbd4,512,512,,,,,,,,,
train,SL1,ydfid/SL1/train/good/ydfid_train_002017.bmp,,0,True,c56cbd5b231b058e02bb89640eab126b55adad0739dee74e90c3940bb1326f5d,512,512,,,,,,,,,
train,SL1,ydfid/SL1/train/good/ydfid_train_002018.bmp,,0,True,a1a1b2dd87c27d7093eb51dc811ceb680591d2f58aafcb8e48d7810320c555d4,512,512,,,,,,,,,
train,SL1,ydfid/SL1/train/good/ydfid_train_002019.bmp,,0,True,85e1b35d4fcb566956bfdd9e2fc314d00e20f29f3426d80f9dbc47b7f859900b,512,512,,,,,,,,,
train,SL1,ydfid/SL1/train/good/ydfid_train_002020.bmp,,0,True,c872445f41e5b8068cbff42127b5cd00dd408558745f1d2e4a697a0438c5b325,512,512,,,,,,,,,
train,SL1,ydfid/SL1/train/good/ydfid_train_002021.bmp,,0,True,face14d5844ef4b090860aede385724619f46a3ce8156fb51ed3120e83af2734,512,512,,,,,,,,,
train,SL1,ydfid/SL1/train/good/ydfid_train_002022.bmp,,0,True,a4f9d93afbb1665630d295af499d3a59871718b1b2a1e3500e3ac6d3e4c5c953,512,512,,,,,,,,,
train,SL1,ydfid/SL1/train/good/ydfid_train_002023.bmp,,0,True,b75af5729444b1bbd2774aabd6045b505286ed3750eefa1376ab10b4b4552aef,512,512,,,,,,,,,
train,SL1,ydfid/SL1/train/good/ydfid_train_002024.bmp,,0,True,908aae1607a29f2b2e3003fa4d204c9c0b2da29f29a9bc4b2a035258c348db7a,512,512,,,,,,,,,
train,SL1,ydfid/SL1/train/good/ydfid_train_002025.bmp,,0,True,c81bdfb112b89cde66b9910ca01e27ad5835b45a98ae1542b0410fdf2820fc9c,512,512,,,,,,,,,
train,SL1,ydfid/SL1/train/good/ydfid_train_002026.bmp,,0,True,ae9ac4244ce639a6e45ef7d7f735da861108b7dc8d91302d933bfb519664b634,512,512,,,,,,,,,
train,SL1,ydfid/SL1/train/good/ydfid_train_002027.bmp,,0,True,e38a8cea113c904f3a76e7c19ec10da37fdbf72f2666b1ce1f8d7d0ab0588ba5,512,512,,,,,,,,,
train,SL1,ydfid/SL1/train/good/ydfid_train_002028.bmp,,0,True,b7edf98594e3af05eacb0dd92da7a12741d1cd646631fd91fc9da71353ecc374,512,512,,,,,,,,,
train,SL1,ydfid/SL1/train/good/ydfid_train_002029.bmp,,0,True,4d97dd11602d9acb73363f5c0394378b79e2b458380bcefa3d504fa2ac425f94,512,512,,,,,,,,,
train,SL1,ydfid/SL1/train/good/ydfid_train_002030.bmp,,0,True,cf3a08d02d6e1f83922dcfd38372d87ffbef2f2d15de3343e45d5afc64fa11b9,512,512,,,,,,,,,
train,SL1,ydfid/SL1/train/good/ydfid_train_002031.bmp,,0,True,5582e98fbd1affecf3fc7bac2ac77416337835352a508c8a303093570e0a71eb,512,512,,,,,,,,,
train,SL1,ydfid/SL1/train/good/ydfid_train_002032.bmp,,0,True,460d5e65f29759a7e46d8c84a2a17afdf660abf021ea1b5a75b5356848f281c6,512,512,,,,,,,,,
train,SL1,ydfid/SL1/train/good/ydfid_train_002033.bmp,,0,True,43ac189bebd430feb93a198c33efa80c5cdff84bea4fb31a9ab041d48841fe64,512,512,,,,,,,,,
train,SL1,ydfid/SL1/train/good/ydfid_train_002034.bmp,,0,True,a18b85aa5787ce8c281da7b42d0194eb5e3b001f6bf2b020a1c475d0aa2b645c,512,512,,,,,,,,,
train,SL1,ydfid/SL1/train/good/ydfid_train_002035.bmp,,0,True,c7f7ca75a903950c0c283d7ed195327483454c074397201522a93dd3e54f2c1d,512,512,,,,,,,,,
train,SL1,ydfid/SL1/train/good/ydfid_train_002036.bmp,,0,True,a392dc7d6e9656f0bf43661ae1ee3807dee3ee77a6b2baa9e1b2c8e63a12865b,512,512,,,,,,,,,
train,SL1,ydfid/SL1/train/good/ydfid_train_002037.bmp,,0,True,cc93999b9b5020f762fbb911dbe73cd4e1192ec2e0701972e0dae87b46d8d873,512,512,,,,,,,,,
train,SL1,ydfid/SL1/train/good/ydfid_train_002038.bmp,,0,True,998f1de82de98c5c86f5be8aaf58aba007ef38d3fbedbbff59877962ee04e6c0,512,512,,,,,,,,,
train,SL1,ydfid/SL1/train/good/ydfid_train_002039.bmp,,0,True,ad26edb1b9598a79a18f4071f379757bde6a9a9f49d0067585613b894c89c366,512,512,,,,,,,,,
train,SL1,ydfid/SL1/train/good/ydfid_train_002040.bmp,,0,True,4ab8087bd03955970ecbda10f5e7d5a03a3b87e43dab4034b6f4c7f57d6b6b79,512,512,,,,,,,,,
train,SL1,ydfid/SL1/train/good/ydfid_train_002041.bmp,,0,True,599ef6448a6fb1332b658bb01be40272cfb86a2ec037c6d8d7fc1bfcf958e8a7,512,512,,,,,,,,,
train,SL1,ydfid/SL1/train/good/ydfid_train_002042.bmp,,0,True,4f8cf272e4f6a8fcce6f855af158ebef463e28e6baed2010e15df6c6fc158eef,512,512,,,,,,,,,
train,SL1,ydfid/SL1/train/good/ydfid_train_002043.bmp,,0,True,0fb08b52bf8af94c3dc6cd01f93c84b6a81ca8abf651595b2e368df1eded67dd,512,512,,,,,,,,,
train,SL1,ydfid/SL1/train/good/ydfid_train_002044.bmp,,0,True,d7ef4301c2f2a2c7b44e94302c331dbc880b12ceb99dfcc2f6e58160f379eb8e,512,512,,,,,,,,,
train,SL1,ydfid/SL1/train/good/ydfid_train_002045.bmp,,0,True,a9fa033e854dca244252e788f4f87956203eb376c45e8ab3d10a928059b16bca,512,512,,,,,,,,,
train,SL1,ydfid/SL1/train/good/ydfid_train_002046.bmp,,0,True,e240e5738f7cfd6bcd9397bae3a7ea83b21c2b1ce424ee26edd1707b155d90f5,512,512,,,,,,,,,
train,SL1,ydfid/SL1/train/good/ydfid_train_002047.bmp,,0,True,522e5cdda7dc4e2bd36868f9020626177000420eb6c0dc17a23454ad5d8f64ef,512,512,,,,,,,,,
train,SL1,ydfid/SL1/train/good/ydfid_train_002048.bmp,,0,True,67671a6a8125e0c0566eb9259711188bdb5dbdc2c3691bd8a70b4bc96a8e8aaa,512,512,,,,,,,,,
train,SL1,ydfid/SL1/train/good/ydfid_train_002049.bmp,,0,True,855216ae17563f4263185a96a027be16d93b5d37dbabd8068c889a70f075e06b,512,512,,,,,,,,,
train,SL1,ydfid/SL1/train/good/ydfid_train_002050.bmp,,0,True,9bd50ad850dda565450a244d2834cfc57e6b266cd0537efdf472e9166f6436e1,512,512,,,,,,,,,
train,SL1,ydfid/SL1/train/good/ydfid_train_002051.bmp,,0,True,116131fc7cea6cb28d744206c7e56027cd2353be271924e6ee0b29627df86a6b,512,512,,,,,,,,,
train,SL1,ydfid/SL1/train/good/ydfid_train_002052.bmp,,0,True,b3600d9b6d8573211ac35be67ce4fd775f77bb79f70703fb30c866a175767445,512,512,,,,,,,,,
train,SL1,ydfid/SL1/train/good/ydfid_train_002053.bmp,,0,True,0f4d3ea6cb9bda122fa641e4e2fc13e94215fd764f733321dcdbd5e5773587fb,512,512,,,,,,,,,
train,SL1,ydfid/SL1/train/good/ydfid_train_002054.bmp,,0,True,45c0505c74444eb36d8141eb7fe9dfb0df7d093d546d56774e0c16bcb878f982,512,512,,,,,,,,,
train,SL1,ydfid/SL1/train/good/ydfid_train_002055.bmp,,0,True,30594603ccd49870b6aeee3f21e911b1eb356f1006f897fd47788faf5b01d9a3,512,512,,,,,,,,,
train,SL1,ydfid/SL1/train/good/ydfid_train_002056.bmp,,0,True,e5ec073a134884233b5a1ba98727bc300bc552a1c798f819c63bfea1589b5278,512,512,,,,,,,,,
train,SL1,ydfid/SL1/train/good/ydfid_train_002057.bmp,,0,True,c629ff3f5161a3278fee5f1043b7f0ca8348865cea7322f1ab685e2785dd20aa,512,512,,,,,,,,,
train,SL1,ydfid/SL1/train/good/ydfid_train_002058.bmp,,0,True,da1690ef1979165e6ef2b1d2145125c854bb3b60d0363dc29c531edb79bf1adb,512,512,,,,,,,,,
train,SL1,ydfid/SL1/train/good/ydfid_train_002059.bmp,,0,True,43a2ff9018c831bd312c4fa38b10757d332575f8c6dabf354e514d4fb9bfa266,512,512,,,,,,,,,
train,SL1,ydfid/SL1/train/good/ydfid_train_002060.bmp,,0,True,d7450c059281b4523c3a7f216b1a1b2f67268619ec2c7ba755f0b8228c943749,512,512,,,,,,,,,
train,SL1,ydfid/SL1/train/good/ydfid_train_002061.bmp,,0,True,fefc583e5345c46d61305e548c0980d8dfb9a36f40f81693334a78cc2dc5861b,512,512,,,,,,,,,
train,SL1,ydfid/SL1/train/good/ydfid_train_002062.bmp,,0,True,39396929a3fca04daca38a2b024d6726c56397d03b0de2715433cac968816b31,512,512,,,,,,,,,
train,SL1,ydfid/SL1/train/good/ydfid_train_002063.bmp,,0,True,8c0aec77166ca006e90b2475f053d28a17d095c3e71ec87dd69c6b3499ced04f,512,512,,,,,,,,,
train,SL1,ydfid/SL1/train/good/ydfid_train_002064.bmp,,0,True,ea92d64aae02c063101f41f6e0b9562efe7645e63bded09b3774bcead3464753,512,512,,,,,,,,,
train,SL1,ydfid/SL1/train/good/ydfid_train_002065.bmp,,0,True,995f66cb52c7ea814ebe853faabf1c08d0da08082ff14992abf1a7ec0fd01410,512,512,,,,,,,,,
train,SL1,ydfid/SL1/train/good/ydfid_train_002066.bmp,,0,True,13f9ab5d07d1b7a986a79f46017ed4f720c58e3870804ffe0df20662f3a6b8e9,512,512,,,,,,,,,
train,SL1,ydfid/SL1/train/good/ydfid_train_002067.bmp,,0,True,8c7753e177121711c8af5289d39ed6edc9b7f79e679c0daa4263d24e908b2738,512,512,,,,,,,,,
train,SL1,ydfid/SL1/train/good/ydfid_train_002068.bmp,,0,True,d021f00a1d36bc1b7540ea1f84160b9cdee17fb138c61cb3e3dab5198d334ccd,512,512,,,,,,,,,
train,SL1,ydfid/SL1/train/good/ydfid_train_002069.bmp,,0,True,5e2aafc5db49d8811701c9f366907f42711dec4a9c02a6905d8b5c5c61fbd480,512,512,,,,,,,,,
train,SL1,ydfid/SL1/train/good/ydfid_train_002070.bmp,,0,True,6b99cbc5808c1ab335cb3c8b744d855b00c6e3373d785fb4fb576c6e89cc156d,512,512,,,,,,,,,
train,SL1,ydfid/SL1/train/good/ydfid_train_002071.bmp,,0,True,c25cb0c441b30b84f95b3cb256d333cf559a0e6ddb3da54a08cdc96f7c780d84,512,512,,,,,,,,,
train,SL1,ydfid/SL1/train/good/ydfid_train_002072.bmp,,0,True,58ff238d46037481ff386d13f628315e1fb2d35a70bfab34e20108f12b613052,512,512,,,,,,,,,
train,SL1,ydfid/SL1/train/good/ydfid_train_002073.bmp,,0,True,ff086dd564bfa5dd907637fd6f1a846d6de4fabccb3c892bb6e24e9c9ea2c9b1,512,512,,,,,,,,,
train,SL1,ydfid/SL1/train/good/ydfid_train_002074.bmp,,0,True,226d5b1eb9ed9a08ff115b14ddd4fcf8d9c9c03012044950e320ff862a3ef97f,512,512,,,,,,,,,
train,SL1,ydfid/SL1/train/good/ydfid_train_002075.bmp,,0,True,ebed23fb436e18c8a70384e9f48d32434c36c2ceff31dc7f5df2d5d19240f1b5,512,512,,,,,,,,,
train,SL1,ydfid/SL1/train/good/ydfid_train_002076.bmp,,0,True,2ae30485f0a89b6d04a75f2a8535d19707f3692c540b3cf9585994807294f08d,512,512,,,,,,,,,
train,SL1,ydfid/SL1/train/good/ydfid_train_002077.bmp,,0,True,a61a8453482dda21044a0719e5b2791e144bd83c2f9ca7f00049574f89cd6e50,512,512,,,,,,,,,
train,SL1,ydfid/SL1/train/good/ydfid_train_002078.bmp,,0,True,ec92c3255c59e344a4232f1ab7b2ab64e1d182c958323040612bfbecb6cec1f5,512,512,,,,,,,,,
train,SL1,ydfid/SL1/train/good/ydfid_train_002079.bmp,,0,True,b0480f1ee3f340952ec25d6e8a9415cbea6d1b01bae0e608159e164ff73361f9,512,512,,,,,,,,,
train,SL1,ydfid/SL1/train/good/ydfid_train_002080.bmp,,0,True,1c6c31f5396695ca165b772dae8d463d30251cd5c67d391eabdc7440c1ab544a,512,512,,,,,,,,,
train,SL1,ydfid/SL1/train/good/ydfid_train_002081.bmp,,0,True,e7d824aa2ff6aedfeca27bc20222e6676edd242a94dfa093668d111d300cfaad,512,512,,,,,,,,,
train,SL1,ydfid/SL1/train/good/ydfid_train_002082.bmp,,0,True,b8fcefca4d98a4a42f9174f4aea193f4bc7ce6d2211f02fd5ce2e2fa64a30a65,512,512,,,,,,,,,
train,SL1,ydfid/SL1/train/good/ydfid_train_002083.bmp,,0,True,58f687d5b6224c904573fb151d04f944e51e3ab08fc3007672b50da2427f5460,512,512,,,,,,,,,
train,SL1,ydfid/SL1/train/good/ydfid_train_002084.bmp,,0,True,e288c91d2a0541ad0ede13613379142483e51d53cadcf32c2f5f61d361620ee9,512,512,,,,,,,,,
train,SL1,ydfid/SL1/train/good/ydfid_train_002085.bmp,,0,True,ccb07f953d5444e47628db921a9113ca6b7fe43fb776658987708834f2baadce,512,512,,,,,,,,,
train,SL1,ydfid/SL1/train/good/ydfid_train_002086.bmp,,0,True,0e734c64e344bd1eb8b1733b6a0758f0986e6cca16323d9906df18e280246c9d,512,512,,,,,,,,,
train,SL1,ydfid/SL1/train/good/ydfid_train_002087.bmp,,0,True,33c2c5d971d02046522e2d238d765f8b9614fba77b9c74a9cf2248b7b1baf64f,512,512,,,,,,,,,
train,SL1,ydfid/SL1/train/good/ydfid_train_002088.bmp,,0,True,8ab0a601aaa14c28c0eb27e1140821761de0721b2932d90bbccabf0269e753fc,512,512,,,,,,,,,
train,SL1,ydfid/SL1/train/good/ydfid_train_002089.bmp,,0,True,4aa22c0829a70bfc82257660f1e878edb988d40f109f5d7d56f2c7b3584f8b1e,512,512,,,,,,,,,
train,SL1,ydfid/SL1/train/good/ydfid_train_002090.bmp,,0,True,dd47c06488b2def35d52c736b9d063b53a67b74d3eb151ac665db25fc431fe97,512,512,,,,,,,,,
train,SL1,ydfid/SL1/train/good/ydfid_train_002091.bmp,,0,True,db993b3240379577b05c2f18be57b1c3643982b6d6d41c9bc93d5d7659fc2688,512,512,,,,,,,,,
train,SL1,ydfid/SL1/train/good/ydfid_train_002092.bmp,,0,True,bc91e83a24b9686562b0a02c0596c31008b4de877d7be4deb3a72e8c8a2dac6b,512,512,,,,,,,,,
train,SL1,ydfid/SL1/train/good/ydfid_train_002093.bmp,,0,True,9efae50ae79da6592e373506b3ced40cab27adeb3307c98f41e64c6783d6c008,512,512,,,,,,,,,
train,SL1,ydfid/SL1/train/good/ydfid_train_002094.bmp,,0,True,7211a0b4ef918b47a0d37411cd8c07a7f5cf52b75e2020f61965725142836393,512,512,,,,,,,,,
train,SL1,ydfid/SL1/train/good/ydfid_train_002095.bmp,,0,True,625474b96d3b7907022fb5a21879b35735973410fc22030aedec51b91b37546e,512,512,,,,,,,,,
train,SL1,ydfid/SL1/train/good/ydfid_train_002096.bmp,,0,True,6e8614075b5503a49361aec194e2d6dc7c40b138d8ac9f25eab21f0d4f02ddee,512,512,,,,,,,,,
train,SL1,ydfid/SL1/train/good/ydfid_train_002097.bmp,,0,True,d404cc1d307bd570aa684218a7bdeb81bc826711163c8fa5c61e9cb70bde5457,512,512,,,,,,,,,
train,SL1,ydfid/SL1/train/good/ydfid_train_002098.bmp,,0,True,7e2e2ecc1d269bc992f4134fd4718e4f4659b8cca0bdb3d6196b98f38772eecb,512,512,,,,,,,,,
train,SL1,ydfid/SL1/train/good/ydfid_train_002099.bmp,,0,True,718af5f491a645c0b38bb0f53170001a3f670b296b2929c44210ad5bd870f142,512,512,,,,,,,,,
train,SL1,ydfid/SL1/train/good/ydfid_train_002100.bmp,,0,True,e245714b2081cefb7dd6c5ffc1bd47e98357fc3cec2f7861533bb9fcc4ad43e6,512,512,,,,,,,,,
train,SL1,ydfid/SL1/train/good/ydfid_train_002101.bmp,,0,True,c5e96645295996f8fb8dd9a89456aa35057c3ee2040fceb8b2a8c3872ec06e2a,512,512,,,,,,,,,
train,SL1,ydfid/SL1/train/good/ydfid_train_002102.bmp,,0,True,fa9bce5c702ece9a396e8b30b17f7eb500a199c43b30fa7cf7f978d01feb7ac5,512,512,,,,,,,,,
train,SL1,ydfid/SL1/train/good/ydfid_train_002103.bmp,,0,True,cd6074ad28a3252ba94b344acc7ab1fc452a853c64aad7cef4effc10124b76ba,512,512,,,,,,,,,
train,SL1,ydfid/SL1/train/good/ydfid_train_002104.bmp,,0,True,73f52f380bd82490e397942528412d0bbb21e2fbe15647d9248327a13153e2f1,512,512,,,,,,,,,
train,SL1,ydfid/SL1/train/good/ydfid_train_002105.bmp,,0,True,56f65111f828a091b69b38d572296c97c1707a2c38cf9a17fbdcf89da3857c15,512,512,,,,,,,,,
train,SL1,ydfid/SL1/train/good/ydfid_train_002106.bmp,,0,True,6c878cc208ff66c54c5d35f92b38efee4df45a5851483cdd6c4f90022b174fee,512,512,,,,,,,,,
train,SL1,ydfid/SL1/train/good/ydfid_train_002107.bmp,,0,True,a7e27e569ff010ce9e38c79cde2773d9bcbbfca08310be4c6d57ad2650d3aa96,512,512,,,,,,,,,
train,SL1,ydfid/SL1/train/good/ydfid_train_002108.bmp,,0,True,9f332149b9dd8a948307839d6a755c6115060c2757e3d6e74c18d7d7c0a82831,512,512,,,,,,,,,
train,SL1,ydfid/SL1/train/good/ydfid_train_002109.bmp,,0,True,05d62cb202ff8080d8619977e63c6f95783979fb653bac629e15fae5cdeef282,512,512,,,,,,,,,
train,SL1,ydfid/SL1/train/good/ydfid_train_002110.bmp,,0,True,a79f58bc86a79373e9e40fecc5c5be6fe99d6f7bdffe4f0da467f90ebd13b806,512,512,,,,,,,,,
train,SL1,ydfid/SL1/train/good/ydfid_train_002111.bmp,,0,True,90b18b707b366134573f4b8b899265c3d98b153f3ee31be1c401c487d0a8976b,512,512,,,,,,,,,
train,SL1,ydfid/SL1/train/good/ydfid_train_002112.bmp,,0,True,fe784dde7d2be0b76948b5858d43a082b259af6b555e9a9aa1a79dd90df442c6,512,512,,,,,,,,,
train,SL1,ydfid/SL1/train/good/ydfid_train_002113.bmp,,0,True,a51e9b7edc2d4c59029744743d96af648b83e9f5decb9f86b8ede96de51adbe9,512,512,,,,,,,,,
train,SL1,ydfid/SL1/train/good/ydfid_train_002114.bmp,,0,True,6e9248e50c79690a739af2933de39bf2b8c688e0c1acf22fca173aa1ca674a63,512,512,,,,,,,,,
train,SL1,ydfid/SL1/train/good/ydfid_train_002115.bmp,,0,True,6557a2ddc821c3f10da05a4bf772f40fa9500cd5d31a2076c4b8a8fee79e3743,512,512,,,,,,,,,
train,SL1,ydfid/SL1/train/good/ydfid_train_002116.bmp,,0,True,dd47c06488b2def35d52c736b9d063b53a67b74d3eb151ac665db25fc431fe97,512,512,,,,,,,,,
train,SL1,ydfid/SL1/train/good/ydfid_train_002117.bmp,,0,True,e97f780132283e5a7e0569a8bcd2157fd390658a4537f88551132526bf4fd2b3,512,512,,,,,,,,,
train,SL1,ydfid/SL1/train/good/ydfid_train_002118.bmp,,0,True,3a71e07f74e3649a73b0d06c0a43ca660a7677e45abb8c542a865c2e3b64e35e,512,512,,,,,,,,,
train,SL1,ydfid/SL1/train/good/ydfid_train_002119.bmp,,0,True,f9c22d82116995ed5a6fab32954fb0da524f1243a70a27d9ef383dff35b6d016,512,512,,,,,,,,,
train,SL1,ydfid/SL1/train/good/ydfid_train_002120.bmp,,0,True,22fcb3b82c1b4c19ff60b31f33382910b279f57fbe2620862ce65e5f4c093a02,512,512,,,,,,,,,
train,SL1,ydfid/SL1/train/good/ydfid_train_002121.bmp,,0,True,91dbf487efbfdc565c0e946c137830d469db9e5fbb81f6afbb823bb249a36f2a,512,512,,,,,,,,,
train,SL1,ydfid/SL1/train/good/ydfid_train_002122.bmp,,0,True,68d2f303bad7a98d7e66129fccee8ef3ae6fb92396d4316a47e806a35cda3dfa,512,512,,,,,,,,,
train,SL1,ydfid/SL1/train/good/ydfid_train_002123.bmp,,0,True,2a3b299e768c6b1eb5a2b5baed1fb93ceb84812677524a2967a827f8fbf4840c,512,512,,,,,,,,,
train,SL10,ydfid/SL10/train/good/ydfid_train_002621.bmp,,0,True,b504a8beab97ec59566a89138fdb57e997198745e0ef13199511405fc16ca9a1,512,512,,,,,,,,,
train,SL10,ydfid/SL10/train/good/ydfid_train_002622.bmp,,0,True,a2ee994f2096fd5feb3add84248d6e35f8ae80fb3b79f9ad1360d667d2fa338f,512,512,,,,,,,,,
train,SL10,ydfid/SL10/train/good/ydfid_train_002623.bmp,,0,True,00158cc611a55db9d0eb9ed13b6a467235ee7678e929ee7f6a538c31a2e30550,512,512,,,,,,,,,
train,SL10,ydfid/SL10/train/good/ydfid_train_002624.bmp,,0,True,0d096befecc92eac40d770b6e9e372cc1524b818ec95a9f0aaadc54c4a27f2f3,512,512,,,,,,,,,
train,SL10,ydfid/SL10/train/good/ydfid_train_002625.bmp,,0,True,f4236a78512dd5b938662aadd505851f8a15707d31414d6fb4d54dfa4d70a9b1,512,512,,,,,,,,,
train,SL10,ydfid/SL10/train/good/ydfid_train_002626.bmp,,0,True,71d694e9b96ef27b2b55928128ffd43f91219398c23d055b8ceefff936e3f853,512,512,,,,,,,,,
train,SL10,ydfid/SL10/train/good/ydfid_train_002627.bmp,,0,True,fa3febbb510a0a16dfb600d3d0bf2c340cef2c8ecc74b656a4ddfa6a20930910,512,512,,,,,,,,,
train,SL10,ydfid/SL10/train/good/ydfid_train_002628.bmp,,0,True,d85db75e074ba1f100b7791ca77f9704b567477afce88bb1de405abdfab67844,512,512,,,,,,,,,
train,SL10,ydfid/SL10/train/good/ydfid_train_002629.bmp,,0,True,c21815b8a67ea5d1ff36722cad07209cef2cec4eed2d5a6a5330bac0a8db9c2a,512,512,,,,,,,,,
train,SL10,ydfid/SL10/train/good/ydfid_train_002630.bmp,,0,True,b77eee246e1ee16b4dd13d783c913a6983cf34709b33bb2563cced8c02fd755f,512,512,,,,,,,,,
train,SL10,ydfid/SL10/train/good/ydfid_train_002631.bmp,,0,True,990863dba3a8f2af6ae5b3ce385ac7a833411c0ae7e69218c19437196ef62260,512,512,,,,,,,,,
train,SL10,ydfid/SL10/train/good/ydfid_train_002632.bmp,,0,True,c4f6dfdfbe5f45c30a70faa03afd9ea557113bb857ac898d426724053d4259f3,512,512,,,,,,,,,
train,SL10,ydfid/SL10/train/good/ydfid_train_002633.bmp,,0,True,4c6439ce083fb7d2d4cf456aced002e7e4c54053c2ee72e4ff54813d17b7c3d1,512,512,,,,,,,,,
train,SL10,ydfid/SL10/train/good/ydfid_train_002634.bmp,,0,True,04e0d44c4fcf324191ac5f983ff722baf856a0ea8c21603a44b8434e10479341,512,512,,,,,,,,,
train,SL10,ydfid/SL10/train/good/ydfid_train_002635.bmp,,0,True,dc2b98a23cd8af8477796750f603235b7bcc77f4336b7d725d62e36d274b603e,512,512,,,,,,,,,
train,SL10,ydfid/SL10/train/good/ydfid_train_002636.bmp,,0,True,a49ae7021a8a644c03fa008a93d7c17fe6e12420cc1d5d86b7aa9e695af3cdc7,512,512,,,,,,,,,
train,SL10,ydfid/SL10/train/good/ydfid_train_002637.bmp,,0,True,a26d71d9a30921b6ac842eacfd034a06c3ca5edf1a4e17a66343d86084c3ebe4,512,512,,,,,,,,,
train,SL10,ydfid/SL10/train/good/ydfid_train_002638.bmp,,0,True,af9cddadbb0830a99313d32bcba10194b81cc3c1cf38d7e75edbaae4d0dd6715,512,512,,,,,,,,,
train,SL10,ydfid/SL10/train/good/ydfid_train_002639.bmp,,0,True,1507dc944c72fbf122ad863d9306e2190a11ed4139e49814e965f30b21b9d5af,512,512,,,,,,,,,
train,SL10,ydfid/SL10/train/good/ydfid_train_002640.bmp,,0,True,89ec80ad4e4f763604f371848a3fb4b8622fa61ccc8a9868dcd64810d10157da,512,512,,,,,,,,,
train,SL10,ydfid/SL10/train/good/ydfid_train_002641.bmp,,0,True,93896ef0e5ca7dbc783c4b94b8eeddb7161ae154ba7bbbcfbb1d6221ce525e2b,512,512,,,,,,,,,
train,SL10,ydfid/SL10/train/good/ydfid_train_002642.bmp,,0,True,5aefee7ef6f01a21eec6663c24fa676149d0095a60e4c6980db625410b576d59,512,512,,,,,,,,,
train,SL10,ydfid/SL10/train/good/ydfid_train_002643.bmp,,0,True,2338a310f6edfab42722172bbf8c047469d4f8ea7d2e1b7829d02bf5fc11cc11,512,512,,,,,,,,,
train,SL10,ydfid/SL10/train/good/ydfid_train_002644.bmp,,0,True,9b90c28a53853da4265b857092e5c515927e15c4af2dd6317cf75a044b57537d,512,512,,,,,,,,,
train,SL10,ydfid/SL10/train/good/ydfid_train_002645.bmp,,0,True,98fc2a0ee5dde412e209c5e572a563ea8412e9eeae0d094546b185e39364fce6,512,512,,,,,,,,,
train,SL10,ydfid/SL10/train/good/ydfid_train_002646.bmp,,0,True,a42332e0f26f7ad3ce8a6a80aa5731fea2b40fb3d5529b9c2a706eab7bb25f18,512,512,,,,,,,,,
train,SL10,ydfid/SL10/train/good/ydfid_train_002647.bmp,,0,True,3611b0fab9f56804f2fa5c21c81468a802e6fd3c73dd18dee34ae37d873088b5,512,512,,,,,,,,,
train,SL10,ydfid/SL10/train/good/ydfid_train_002648.bmp,,0,True,b8d0e0cd7303726e494466daf1057a5d12027815efc8ec6c19421b34b054ad93,512,512,,,,,,,,,
train,SL10,ydfid/SL10/train/good/ydfid_train_002649.bmp,,0,True,20d4f5b9edae093529ad568efe7c400b044911d915d728818466909d5d89a930,512,512,,,,,,,,,
train,SL10,ydfid/SL10/train/good/ydfid_train_002650.bmp,,0,True,55fa36484675db6d17de19ec71b0dbcacf064a9c567fb6aa627baf059bb822d7,512,512,,,,,,,,,
train,SL10,ydfid/SL10/train/good/ydfid_train_002651.bmp,,0,True,e08a745e172afeafb2d81b9e469c9d456a834c11f35cec36233a6d154a563b35,512,512,,,,,,,,,
train,SL10,ydfid/SL10/train/good/ydfid_train_002652.bmp,,0,True,cd88010438c5575093f2e02c5cdb295360209bf9f4ad44cf1e452a44b0b33833,512,512,,,,,,,,,
train,SL10,ydfid/SL10/train/good/ydfid_train_002653.bmp,,0,True,154942bf8a468ff241d84a3b2d271505372434cec9e99a3d5a0e32ae49ead9ec,512,512,,,,,,,,,
train,SL10,ydfid/SL10/train/good/ydfid_train_002654.bmp,,0,True,9cad3eb8e97c4ec31eb24e57a5a247c9ce4629e87cf1735d0fab61ba507d6268,512,512,,,,,,,,,
train,SL10,ydfid/SL10/train/good/ydfid_train_002655.bmp,,0,True,91d1485f1b167ec22e0a633f5c2e43447594c45f330eff3e2d83663d77e887b3,512,512,,,,,,,,,
train,SL10,ydfid/SL10/train/good/ydfid_train_002656.bmp,,0,True,329729aab83a3d8e594fdaf74b0f75433bf80cfbe0ddec267a5d7947f06c820e,512,512,,,,,,,,,
train,SL10,ydfid/SL10/train/good/ydfid_train_002657.bmp,,0,True,3637564cba25ea12c44352df3f347d22c4278f45893580ce364ecb6198c45cb8,512,512,,,,,,,,,
train,SL10,ydfid/SL10/train/good/ydfid_train_002658.bmp,,0,True,072f0a05276008d25337e62d39466409f62358c087153718dfa16f0a8a3726e7,512,512,,,,,,,,,
train,SL10,ydfid/SL10/train/good/ydfid_train_002659.bmp,,0,True,73b818c794f4331d7caf6e9f1182a655d49a710f19ae171d917aa9e3f27ec26b,512,512,,,,,,,,,
train,SL10,ydfid/SL10/train/good/ydfid_train_002660.bmp,,0,True,5e68b7df5ef221f6191f5d404df7937a708886964c19bcfab504592a29434a00,512,512,,,,,,,,,
train,SL10,ydfid/SL10/train/good/ydfid_train_002661.bmp,,0,True,2e2c69878ebded8e23dd77a696c2305c49f57a863ab5b37851f12cb8063c263e,512,512,,,,,,,,,
train,SL10,ydfid/SL10/train/good/ydfid_train_002662.bmp,,0,True,4187d05783b53b3cd098960eb5ad57469ef583df674890dab87f7a45dbe0a5a0,512,512,,,,,,,,,
train,SL10,ydfid/SL10/train/good/ydfid_train_002663.bmp,,0,True,2a84622f9c628d5c3034889e3dbe6cd1c91fb9a7b74215cc63166209f40fe0fa,512,512,,,,,,,,,
train,SL10,ydfid/SL10/train/good/ydfid_train_002664.bmp,,0,True,1167c8de3e4a08948545887fdc09ab387f1e8c1b5e1cc19fe9bf073ebbc6daa3,512,512,,,,,,,,,
train,SL10,ydfid/SL10/train/good/ydfid_train_002665.bmp,,0,True,d01c248c9d9e09d67e63fe23ec1ffb032c3adccab597e38463591340e4873bb3,512,512,,,,,,,,,
train,SL10,ydfid/SL10/train/good/ydfid_train_002666.bmp,,0,True,5e2e6ef49e0138900217c2a0de1dd56f459370f060d3d96d12cf0fcdc0aa7368,512,512,,,,,,,,,
train,SL10,ydfid/SL10/train/good/ydfid_train_002667.bmp,,0,True,2198d5fa76a76af41ae852a6cc47103d9db08e8e03d3307ed195ede3932b74d4,512,512,,,,,,,,,
train,SL10,ydfid/SL10/train/good/ydfid_train_002668.bmp,,0,True,f1862db949a42b3c0a596acbbb92deb402753c0d73ffeff7e6df3215dd33e6c0,512,512,,,,,,,,,
train,SL10,ydfid/SL10/train/good/ydfid_train_002669.bmp,,0,True,5a524999518cb2ba7d9d41bf98b7d9abd7db286c8c071487c3b4b53153c5c4d0,512,512,,,,,,,,,
train,SL10,ydfid/SL10/train/good/ydfid_train_002670.bmp,,0,True,63b8ed07e986745d85e55be1f2af9db4041aae1d2a3a2212ef8ec47549a96a66,512,512,,,,,,,,,
train,SL10,ydfid/SL10/train/good/ydfid_train_002671.bmp,,0,True,8462a8d3d5080ef2ce9c31bf51a59bafcac2f82b66b35c85ba712fa2f74c58f4,512,512,,,,,,,,,
train,SL10,ydfid/SL10/train/good/ydfid_train_002672.bmp,,0,True,b067d4ea85cb06d081d4feff4088b1c9252a20ce35da5f9482a77f0a9d227fb9,512,512,,,,,,,,,
train,SL10,ydfid/SL10/train/good/ydfid_train_002673.bmp,,0,True,804cb250d0910f06c574e85065c32f3fb49657eade84650689ba42f5488a0200,512,512,,,,,,,,,
train,SL10,ydfid/SL10/train/good/ydfid_train_002674.bmp,,0,True,a770060500fc7e978300e4781c47b64afd150a970161aff03d97fa194f36ede2,512,512,,,,,,,,,
train,SL10,ydfid/SL10/train/good/ydfid_train_002675.bmp,,0,True,a074db7aa4180cbfbe4d56508b6de1a6c51bb18a9085696c7e060dd7564b6cf7,512,512,,,,,,,,,
train,SL10,ydfid/SL10/train/good/ydfid_train_002676.bmp,,0,True,66f919bf23ff80fcbbedeaea39237f64aa4fb7a0f39926a4566f619ac68b35ef,512,512,,,,,,,,,
train,SL10,ydfid/SL10/train/good/ydfid_train_002677.bmp,,0,True,948aee66c7c0ae5d38f985951a6f4f51634bbf6eca8295670219c49a3f2c7cb7,512,512,,,,,,,,,
train,SL10,ydfid/SL10/train/good/ydfid_train_002678.bmp,,0,True,1c7defdd8e95fd1cb83c0b60250613658103bbbf0f7806499e5658b3cf3b1072,512,512,,,,,,,,,
train,SL10,ydfid/SL10/train/good/ydfid_train_002679.bmp,,0,True,d3293bdbf4aff88f7744ce325b8e0f036fdd28f3aa4af15fec8d566bf18e9e87,512,512,,,,,,,,,
train,SL10,ydfid/SL10/train/good/ydfid_train_002680.bmp,,0,True,e7641ecb0ae949216d7d313af864d22048dac771358a37e208fde9267bc731db,512,512,,,,,,,,,
train,SL10,ydfid/SL10/train/good/ydfid_train_002681.bmp,,0,True,dd0c172a1d1da27b4eae94dafc5f4a5b0ee624a10ba061a7bbbc42528281fbbe,512,512,,,,,,,,,
train,SL10,ydfid/SL10/train/good/ydfid_train_002682.bmp,,0,True,87f09256d114da5fb25a89c3c865740f796537c7cb8569e24f34f8a09cc9a78c,512,512,,,,,,,,,
train,SL10,ydfid/SL10/train/good/ydfid_train_002683.bmp,,0,True,7eb143f5854316e4d6608858223fcb2bfbbaf4368c2aa39f9c21b86d4496e071,512,512,,,,,,,,,
train,SL10,ydfid/SL10/train/good/ydfid_train_002684.bmp,,0,True,3b89ee6df62676b3ee936163048fd48996632c9a7203cd8f7207f9478d753039,512,512,,,,,,,,,
train,SL10,ydfid/SL10/train/good/ydfid_train_002685.bmp,,0,True,e58b6ae80a937bb0a4807d9abf1130853476ed6983cfa0a5954c09342d8fcf7b,512,512,,,,,,,,,
train,SL10,ydfid/SL10/train/good/ydfid_train_002686.bmp,,0,True,ef49d49878b51487c45563c71cd4ac7fe167797ee52c2dfe254d850d6747fc80,512,512,,,,,,,,,
train,SL10,ydfid/SL10/train/good/ydfid_train_002687.bmp,,0,True,c99e284b82f38cfab6c7ecfce2805109dc85020f1ef14803d77975868352ade5,512,512,,,,,,,,,
train,SL10,ydfid/SL10/train/good/ydfid_train_002688.bmp,,0,True,b68e3b4fa46c68122d2a900f57dd38f4010379e1ad5e3fce01350137c35c7866,512,512,,,,,,,,,
train,SL10,ydfid/SL10/train/good/ydfid_train_002689.bmp,,0,True,f5ec43496594ac51e29382a7d281f96987d47ec8169b1935843de8a630add4d5,512,512,,,,,,,,,
train,SL10,ydfid/SL10/train/good/ydfid_train_002690.bmp,,0,True,7d0333caa94ce9b98a2e8ebd1e096e60eb3a8b57195fc91f7b2dc4bf0f5ca119,512,512,,,,,,,,,
train,SL10,ydfid/SL10/train/good/ydfid_train_002691.bmp,,0,True,b7c6886fccca24323a22cff757650a5d92237d5c36458424183161323d43f183,512,512,,,,,,,,,
train,SL10,ydfid/SL10/train/good/ydfid_train_002692.bmp,,0,True,309dc57e78467ec510d9175d97bfefefcee24e427f73b657f44149b3b7e7e4b2,512,512,,,,,,,,,
train,SL10,ydfid/SL10/train/good/ydfid_train_002693.bmp,,0,True,ac0fff63476ed817fd8a9181fcc692895641c9985ed079a92bb39c4621541023,512,512,,,,,,,,,
train,SL10,ydfid/SL10/train/good/ydfid_train_002694.bmp,,0,True,b14ddde34e199db51aa25606c495b6192df3b3a23337f53c3983c399787b9f99,512,512,,,,,,,,,
train,SL10,ydfid/SL10/train/good/ydfid_train_002695.bmp,,0,True,0db85bcceab1fa253b22600714efa616cb269d8e30d1af4b6a4f232befd337e4,512,512,,,,,,,,,
train,SL10,ydfid/SL10/train/good/ydfid_train_002696.bmp,,0,True,f1c39e7e167dbdb5f85eadeb972b03e5b6489edb399354ef6dd59ea9bfaf9279,512,512,,,,,,,,,
train,SL10,ydfid/SL10/train/good/ydfid_train_002697.bmp,,0,True,d94f66ad5b0215a2ebc30914063e2bdd444a07dabfba73fea8a1829239275a63,512,512,,,,,,,,,
train,SL10,ydfid/SL10/train/good/ydfid_train_002698.bmp,,0,True,e003082230846ad605f14f7c3490f80c2787f9b8e7dfb44523c0acc977c1d498,512,512,,,,,,,,,
train,SL10,ydfid/SL10/train/good/ydfid_train_002699.bmp,,0,True,db2ec3d8363d174e449ac397cd223bba1606194cdb597acc3d3df44f5338052b,512,512,,,,,,,,,
train,SL10,ydfid/SL10/train/good/ydfid_train_002700.bmp,,0,True,c7b6a7cf11e16f99fafc5cb1a1e96d45142a09b5937c6baf0ca6afee491301da,512,512,,,,,,,,,
train,SL10,ydfid/SL10/train/good/ydfid_train_002701.bmp,,0,True,dd2d8c1651481765da014aaeb2c1120e0833cb96751d2bf25fa6f73ee07603ab,512,512,,,,,,,,,
train,SL10,ydfid/SL10/train/good/ydfid_train_002702.bmp,,0,True,cc72c6cb6e954b233785b81e3498c0a7368cacfb19aa493859d2ef8890466918,512,512,,,,,,,,,
train,SL10,ydfid/SL10/train/good/ydfid_train_002703.bmp,,0,True,5e0d9962d1583c4c11a612befe48e9ab8cbe0512fa613d46b918f847d0882d7b,512,512,,,,,,,,,
train,SL10,ydfid/SL10/train/good/ydfid_train_002704.bmp,,0,True,3a4bf8ec55bb70ea409f03441dd0aea540b4108dfcb7ff36b8be83d0210f14ba,512,512,,,,,,,,,
train,SL10,ydfid/SL10/train/good/ydfid_train_002705.bmp,,0,True,2642b3366c6efe0903abc431d2ada0644db18a00a878d41f14266b99bab9ad9b,512,512,,,,,,,,,
train,SL10,ydfid/SL10/train/good/ydfid_train_002706.bmp,,0,True,d469cd09907f099cc8f67ae4689a651e6b300dbfc3e3c1ba525560c5b6073421,512,512,,,,,,,,,
train,SL10,ydfid/SL10/train/good/ydfid_train_002707.bmp,,0,True,e0f9b90f3d24ef4d43cc1a67c80f62c9de8e896a6a29e34d3617378e4282baf7,512,512,,,,,,,,,
train,SL10,ydfid/SL10/train/good/ydfid_train_002708.bmp,,0,True,db78333b493bce060b86440240b14b407fc3f738bf379c093a2b19ebe235a674,512,512,,,,,,,,,
train,SL10,ydfid/SL10/train/good/ydfid_train_002709.bmp,,0,True,71f6d0cf71dce0074a74450a9aea40bb0faf53b2a075abda1dbc7c40c722691b,512,512,,,,,,,,,
train,SL10,ydfid/SL10/train/good/ydfid_train_002710.bmp,,0,True,b0d77e47dee40fdf787222de032d48865be13689d24b5360ebe05dd1baeb6388,512,512,,,,,,,,,
train,SL10,ydfid/SL10/train/good/ydfid_train_002711.bmp,,0,True,1b18b2aa1191b97ee49e7dba8154d63604cf54a67e9c602e73480f9648f77ca4,512,512,,,,,,,,,
train,SL10,ydfid/SL10/train/good/ydfid_train_002712.bmp,,0,True,1885156e6cf5fbd40d720b939d042f3e963378aecea9590f0261721e421abe80,512,512,,,,,,,,,
train,SL10,ydfid/SL10/train/good/ydfid_train_002713.bmp,,0,True,29e333b4a5301998b5578609a798b20abefaef026ba435122160dc075786fc8b,512,512,,,,,,,,,
train,SL10,ydfid/SL10/train/good/ydfid_train_002714.bmp,,0,True,5bbff6a5a5c457dbd43e00ca2014bf8627eba0d4c5ace103071b41c539ad26e4,512,512,,,,,,,,,
train,SL10,ydfid/SL10/train/good/ydfid_train_002715.bmp,,0,True,31808077d3eacf4dee9d60683dbaccb34de4b2151c0b197e2e5e819f4f8799ee,512,512,,,,,,,,,
train,SL10,ydfid/SL10/train/good/ydfid_train_002716.bmp,,0,True,ae6c37324c8f6b6478be3764c20398281d52cae38bad0aa05a4c09a86731ea58,512,512,,,,,,,,,
train,SL10,ydfid/SL10/train/good/ydfid_train_002717.bmp,,0,True,fa3f96d8dae19b51c3a199e8bf1caa62eb10d902f88313005f0f69d71a39697b,512,512,,,,,,,,,
train,SL10,ydfid/SL10/train/good/ydfid_train_002718.bmp,,0,True,90ab4cdbed66426c6b8953295f2885be223ac50acdaee31468c3249aa4f0fb44,512,512,,,,,,,,,
train,SL10,ydfid/SL10/train/good/ydfid_train_002719.bmp,,0,True,2e102f6cd9e5e563298b629abe157b14f7c3833852b51ad105f6e5ae17153dff,512,512,,,,,,,,,
train,SL10,ydfid/SL10/train/good/ydfid_train_002720.bmp,,0,True,0edf8dd4598f688a8888247d2b02263b02550a3fc44fb5abc7fd565cef770b18,512,512,,,,,,,,,
train,SL10,ydfid/SL10/train/good/ydfid_train_002721.bmp,,0,True,86e5bb70ec291d4841db684221d0acf28531c1c0a2a9ac2bf980358a9f019138,512,512,,,,,,,,,
train,SL10,ydfid/SL10/train/good/ydfid_train_002722.bmp,,0,True,dd15182eb1f85bbab7999a1e3b86437a52e05fc7df35a80dcd67bc4662b32f6f,512,512,,,,,,,,,
train,SL10,ydfid/SL10/train/good/ydfid_train_002723.bmp,,0,True,62de4054fb16f2fb6353dd8568e65e7482af356b441951807ed5b9c086f0cafa,512,512,,,,,,,,,
train,SL10,ydfid/SL10/train/good/ydfid_train_002724.bmp,,0,True,21a8096a6eee9904bc98b1971c7eba0a13b0a1dda2210950514cb2c5bd13e539,512,512,,,,,,,,,
train,SL10,ydfid/SL10/train/good/ydfid_train_002725.bmp,,0,True,0aa46a4333e13d5462689b74b470df2b9289f1c9a5c6ad0bbedf7d411840741b,512,512,,,,,,,,,
train,SL10,ydfid/SL10/train/good/ydfid_train_002726.bmp,,0,True,1b0eb63775742282652e09fa03387e56c0572dc8b4ef1303884eba764f44d3f2,512,512,,,,,,,,,
train,SL10,ydfid/SL10/train/good/ydfid_train_002727.bmp,,0,True,1ac1a02108604d07aa81d52eecefe2d5c061b0bec5efcee45e4c178677230c5d,512,512,,,,,,,,,
train,SL10,ydfid/SL10/train/good/ydfid_train_002728.bmp,,0,True,f7eec0e5a36497125a9450ef2c6eb27d95eca96a6cee6459bf77b92f41394dbc,512,512,,,,,,,,,
train,SL10,ydfid/SL10/train/good/ydfid_train_002729.bmp,,0,True,f0c55aa66b2154592cd9d35d46f592095ffc60eccf0eb12e91320587dafded52,512,512,,,,,,,,,
train,SL10,ydfid/SL10/train/good/ydfid_train_002730.bmp,,0,True,72bee488462841261569a8ea1e74a7c6ef6115d3a7207843e2d1c6889dd54ae4,512,512,,,,,,,,,
train,SL10,ydfid/SL10/train/good/ydfid_train_002731.bmp,,0,True,409d93c57f25213851a9294390731dc888531085e600ccc22e7fed00ae06f528,512,512,,,,,,,,,
train,SL10,ydfid/SL10/train/good/ydfid_train_002732.bmp,,0,True,feeb2a7e6e5fb8c797e7a793996022f93b1b710397d895d3bb8aa439ad0ca5ef,512,512,,,,,,,,,
train,SL10,ydfid/SL10/train/good/ydfid_train_002733.bmp,,0,True,390a38e78d3a5b1393ac57e5c65866a9c980b8f30078c669896509357bf299a6,512,512,,,,,,,,,
train,SL10,ydfid/SL10/train/good/ydfid_train_002734.bmp,,0,True,c8db5f9091ba943fdc23983183e699c3b71dc02c368218ee6e256fc6eee80a25,512,512,,,,,,,,,
train,SL10,ydfid/SL10/train/good/ydfid_train_002735.bmp,,0,True,342b3f644e8a4860515dfac8eb9caa9ccf80cfc929ac280538898e872b584933,512,512,,,,,,,,,
train,SL10,ydfid/SL10/train/good/ydfid_train_002736.bmp,,0,True,5b3875447de8059897dd8132746311c8cda2b206faaf4b82e5043c9bc45d368a,512,512,,,,,,,,,
train,SL10,ydfid/SL10/train/good/ydfid_train_002737.bmp,,0,True,a057a1ebe238388ff7557d7c622af760730c9ad4329c7b655060be811ee6f312,512,512,,,,,,,,,
train,SL10,ydfid/SL10/train/good/ydfid_train_002738.bmp,,0,True,06f3ba8c59dd332d6d48cf9e78f2a591006bea0a2a696ef45dc7612859b7cc26,512,512,,,,,,,,,
train,SL10,ydfid/SL10/train/good/ydfid_train_002739.bmp,,0,True,d07f9105bb35f993591b3ec5dd66979d52430355d7c534e1c31db6a045c22bf8,512,512,,,,,,,,,
train,SL10,ydfid/SL10/train/good/ydfid_train_002740.bmp,,0,True,57ca915444783f1449b67358c6b99604b97fef29f57f0ee472126b343f13f5ed,512,512,,,,,,,,,
train,SL10,ydfid/SL10/train/good/ydfid_train_002741.bmp,,0,True,ac12e18c590dc55a35591e0313d1281856565fcab7a5cab7cbfd7fb4208ba2a9,512,512,,,,,,,,,
train,SL10,ydfid/SL10/train/good/ydfid_train_002742.bmp,,0,True,ec762a7b9f3004f042a1cc658ce7a77ca2e96dd65043119406ae7ce7c0daa988,512,512,,,,,,,,,
train,SL10,ydfid/SL10/train/good/ydfid_train_002743.bmp,,0,True,b5c5260ac4984df093efa1862912a62c8597f41ec557144b750acb74f986a748,512,512,,,,,,,,,
train,SL10,ydfid/SL10/train/good/ydfid_train_002744.bmp,,0,True,c4179b4aeac54471fe3d92a6b7155947b671f361531155674ea1b7f443162d60,512,512,,,,,,,,,
train,SL10,ydfid/SL10/train/good/ydfid_train_002745.bmp,,0,True,6bce189fff737d18cbb02ef866233d2332035b695193a8504968fe377241ebf7,512,512,,,,,,,,,
train,SL10,ydfid/SL10/train/good/ydfid_train_002746.bmp,,0,True,d8cb768e5097cc7271aab7e0830921613a788556a537908457026b5da908e000,512,512,,,,,,,,,
train,SL10,ydfid/SL10/train/good/ydfid_train_002747.bmp,,0,True,9b4319b74e1d8ab599dd858b0a1282e0468a1d76a81404ceeb12036601e3c6b4,512,512,,,,,,,,,
train,SL10,ydfid/SL10/train/good/ydfid_train_002748.bmp,,0,True,d74fb091aa28e0c050c577d08670297233b61acccc07a2b5faaa749b929fc21c,512,512,,,,,,,,,
train,SL10,ydfid/SL10/train/good/ydfid_train_002749.bmp,,0,True,547916a953a04779a52d69358f5cd8482a48e4155679442a6df578bc871c1189,512,512,,,,,,,,,
train,SL10,ydfid/SL10/train/good/ydfid_train_002750.bmp,,0,True,e21a46122c742892acacb0f89c58d4e10a1986c898ecf462f3b7e43afa81720f,512,512,,,,,,,,,
train,SL10,ydfid/SL10/train/good/ydfid_train_002751.bmp,,0,True,a2e058a64ba5ec16cc57c6255b48d385e42fdd07840d157141283f448447e05a,512,512,,,,,,,,,
train,SL10,ydfid/SL10/train/good/ydfid_train_002752.bmp,,0,True,e021343fbfe0fb2afcabd80ae288a7c9cc5828badfb8bed088b4228629bb5ebe,512,512,,,,,,,,,
train,SL10,ydfid/SL10/train/good/ydfid_train_002753.bmp,,0,True,bfaa8d300c12e11a6433a14102eaf2690d7e780574c916561312dcefa76f9c67,512,512,,,,,,,,,
train,SL10,ydfid/SL10/train/good/ydfid_train_002754.bmp,,0,True,44e4449f633489adc6a75fa5a41efb5ae855981e45692eabe2021078ce5a8c07,512,512,,,,,,,,,
train,SL11,ydfid/SL11/train/good/ydfid_train_002911.bmp,,0,True,49bd2f2e15af1a26521592ba0c099ae984dfd36baa106523c441f5efdcaeac6f,512,512,,,,,,,,,
train,SL11,ydfid/SL11/train/good/ydfid_train_002912.bmp,,0,True,3924468ee8a605d16a20aca1ab8bca91a09ab5ea69972d9174bd4d3caa6a7a5b,512,512,,,,,,,,,
train,SL11,ydfid/SL11/train/good/ydfid_train_002913.bmp,,0,True,aa06b870d158e3bf157a479f39b099c28146fd4de6244a1824450055a93ad89d,512,512,,,,,,,,,
train,SL11,ydfid/SL11/train/good/ydfid_train_002914.bmp,,0,True,4a76b96560443b1f043374a656c762694937af50743054340860afde2cfd4ad6,512,512,,,,,,,,,
train,SL11,ydfid/SL11/train/good/ydfid_train_002915.bmp,,0,True,924fe039df34a8b5c189ab963611cc5800f3e4f0e1d3326d69d641e0c48152f9,512,512,,,,,,,,,
train,SL11,ydfid/SL11/train/good/ydfid_train_002916.bmp,,0,True,0656fde9b520726420143b5648b9ed0556231bc618cb5299b1e6a6d5ce5bb01e,512,512,,,,,,,,,
train,SL11,ydfid/SL11/train/good/ydfid_train_002917.bmp,,0,True,9268057da65bc75cea111017043925448c5f3014d4572609517b7deec2a0400e,512,512,,,,,,,,,
train,SL11,ydfid/SL11/train/good/ydfid_train_002918.bmp,,0,True,ceb445ee9024be45d86023dc8d29a688567cc4bb8f7d344be8fbdb73c4c68de4,512,512,,,,,,,,,
train,SL11,ydfid/SL11/train/good/ydfid_train_002919.bmp,,0,True,ff807b79e2815051ed8dfa2b588ee0c18ce9c593e1991398f08293db36c2621a,512,512,,,,,,,,,
train,SL11,ydfid/SL11/train/good/ydfid_train_002920.bmp,,0,True,71bf66ea5d024cffcc17ff9d8c47f713f74700aed49c43997e5aa28a59535b19,512,512,,,,,,,,,
train,SL11,ydfid/SL11/train/good/ydfid_train_002921.bmp,,0,True,2024b953c96a830c860bb236d72c8ded8db17388bae1cf5c2af361bc4e4cf6b8,512,512,,,,,,,,,
train,SL11,ydfid/SL11/train/good/ydfid_train_002922.bmp,,0,True,84c36c1e33755680fff905190083e0fd1fc5a6bedb5a57056d6791d1948de35f,512,512,,,,,,,,,
train,SL11,ydfid/SL11/train/good/ydfid_train_002923.bmp,,0,True,7d3643b821f3e2178031248688828028049e59bed77e58031e82e39ad71f06fb,512,512,,,,,,,,,
train,SL11,ydfid/SL11/train/good/ydfid_train_002924.bmp,,0,True,adc1a799f9303e889873a6cf3ad638106ba70177a049405469ccef28401e8f21,512,512,,,,,,,,,
train,SL11,ydfid/SL11/train/good/ydfid_train_002925.bmp,,0,True,ee32cffd9246b87a9f26b7851be0e0e0243dccd39bb42e3ea64431adf7475968,512,512,,,,,,,,,
train,SL11,ydfid/SL11/train/good/ydfid_train_002926.bmp,,0,True,e4045ad8c83d68bf4a59fe28f937ab7fd71d7ec5dfb4938070ef80005079805d,512,512,,,,,,,,,
train,SL11,ydfid/SL11/train/good/ydfid_train_002927.bmp,,0,True,e1a430b8dccbede9344f52ddce96886f432781a0f6bf831c25d661a902d8bda1,512,512,,,,,,,,,
train,SL11,ydfid/SL11/train/good/ydfid_train_002928.bmp,,0,True,6e7ca10443510683518acac05905a281ea2b81606e8e2f3f7dbb9b250340185d,512,512,,,,,,,,,
train,SL11,ydfid/SL11/train/good/ydfid_train_002929.bmp,,0,True,60eb601d19e23e87de441ab22d5b5dc20f22e946bdefcc82730d9c26e2df3dba,512,512,,,,,,,,,
train,SL11,ydfid/SL11/train/good/ydfid_train_002930.bmp,,0,True,a2b572d8d7d1cf466a571b6c5e7c372a917e96188e7a8486e20dbbb002c0f931,512,512,,,,,,,,,
train,SL11,ydfid/SL11/train/good/ydfid_train_002931.bmp,,0,True,389a64db55a7c2d21bdebf6b96be887a85718df87a11ab8f4fe74ebf17af51f2,512,512,,,,,,,,,
train,SL11,ydfid/SL11/train/good/ydfid_train_002932.bmp,,0,True,a3a0e1d0daa1b602b8a2f30d16d5042a18fc09461c9ec9bba8a960822c7bc2a2,512,512,,,,,,,,,
train,SL11,ydfid/SL11/train/good/ydfid_train_002933.bmp,,0,True,d2ba067b67a36d2a9c181f820403e4bbc86d79a22243dc8d20a6eead3b85238e,512,512,,,,,,,,,
train,SL11,ydfid/SL11/train/good/ydfid_train_002934.bmp,,0,True,e026a684796f2f50072533402b611175aea885d8b745523dd561e003931ee3cc,512,512,,,,,,,,,
train,SL11,ydfid/SL11/train/good/ydfid_train_002935.bmp,,0,True,d3c8c87a8b317cd654b196be9fafc1c7e438f761f3cccd8093e96e547bb1256c,512,512,,,,,,,,,
train,SL11,ydfid/SL11/train/good/ydfid_train_002936.bmp,,0,True,a62b1d234a57fd381c5c5e287594e403b568d53c760c364935f87a02ba285fcf,512,512,,,,,,,,,
train,SL11,ydfid/SL11/train/good/ydfid_train_002937.bmp,,0,True,c07ca4c04821e071f47ff5e0a96fd64de3eb8abdc198b708a1182417907f587a,512,512,,,,,,,,,
train,SL11,ydfid/SL11/train/good/ydfid_train_002938.bmp,,0,True,74bdbdf55589e8c0eb566b5dc04cff680904b81e239ecda5fae3b1affe048af6,512,512,,,,,,,,,
train,SL11,ydfid/SL11/train/good/ydfid_train_002939.bmp,,0,True,1c6c4027079d46513a632a4b1579546d3e040bd63e25b1714669aea2802421d2,512,512,,,,,,,,,
train,SL11,ydfid/SL11/train/good/ydfid_train_002940.bmp,,0,True,f4fcfc38ecca5c450be7084f5320495bd2867a15e1e659a1bc85c1a1f4253856,512,512,,,,,,,,,
train,SL11,ydfid/SL11/train/good/ydfid_train_002941.bmp,,0,True,3bc2b22a581ca540ec5f56f98628a59f3472304c92fb50e12d483bb8a27ba589,512,512,,,,,,,,,
train,SL11,ydfid/SL11/train/good/ydfid_train_002942.bmp,,0,True,80d56dc727d0dffd6630bed0d1208b1d8c77dd66827fb36ecbd94cb290a51813,512,512,,,,,,,,,
train,SL11,ydfid/SL11/train/good/ydfid_train_002943.bmp,,0,True,b64e854fbd8d835bf2c4bbe89e0c1ae6da4715ad3a262a25d2a7d92936edc4a2,512,512,,,,,,,,,
train,SL11,ydfid/SL11/train/good/ydfid_train_002944.bmp,,0,True,f52151074a4af76a90206e04f8c641d25f02a9ad8520565ff198a1273cceb870,512,512,,,,,,,,,
train,SL11,ydfid/SL11/train/good/ydfid_train_002945.bmp,,0,True,2312ac0a7624f285e2546cdf6c9334c6d01f80a4fe1b044662dd6df56a4b5ba6,512,512,,,,,,,,,
train,SL11,ydfid/SL11/train/good/ydfid_train_002946.bmp,,0,True,a255fb4ee4d85a3d8c3db052df71edb0d6ebdbbd2de632577ccfafbcf07ddd17,512,512,,,,,,,,,
train,SL11,ydfid/SL11/train/good/ydfid_train_002947.bmp,,0,True,ec62912abde2e5477240ea5e1acfcd84ae76ac190d981fe282f02f3fb6b336bf,512,512,,,,,,,,,
train,SL11,ydfid/SL11/train/good/ydfid_train_002948.bmp,,0,True,b6d33bfce790ec948574acaed4044da9e1441b964946632a08707afed716d05f,512,512,,,,,,,,,
train,SL11,ydfid/SL11/train/good/ydfid_train_002949.bmp,,0,True,bfa248ed38c9f831d8256b932a03da9af186ff6c79ac9fac4f816ddb19567b46,512,512,,,,,,,,,
train,SL11,ydfid/SL11/train/good/ydfid_train_002950.bmp,,0,True,43c169eacef84cfdfa66743ac40177dc7287b53065fb5eff65ae78db1fe3ac9b,512,512,,,,,,,,,
train,SL11,ydfid/SL11/train/good/ydfid_train_002951.bmp,,0,True,6920177c29a5eb05767782dd19e7a586bd92e1dfbdd695b3244acfb752bb2fee,512,512,,,,,,,,,
train,SL11,ydfid/SL11/train/good/ydfid_train_002952.bmp,,0,True,df7f4d3fbee0dec1cfa8e597ebd965a6558fc4018b0a6abf3015169ac5f88db6,512,512,,,,,,,,,
train,SL11,ydfid/SL11/train/good/ydfid_train_002953.bmp,,0,True,62eba6e74a31f8fb17aa5ca85b76e9cd88c9fc4285bdffd64efd052c325073a9,512,512,,,,,,,,,
train,SL11,ydfid/SL11/train/good/ydfid_train_002954.bmp,,0,True,d636454cc7058c8bdce0914745d3a355cd95d18c677826704849a5ceef7ae18b,512,512,,,,,,,,,
train,SL11,ydfid/SL11/train/good/ydfid_train_002955.bmp,,0,True,20713b52f103f43d406485c216dcc4e14dbced888b6228b874217fbbd8c48946,512,512,,,,,,,,,
train,SL11,ydfid/SL11/train/good/ydfid_train_002956.bmp,,0,True,58ed7416e080de1e3e9533b134746d6cfb51772fb876bfefc296f96383c9b3cb,512,512,,,,,,,,,
train,SL11,ydfid/SL11/train/good/ydfid_train_002957.bmp,,0,True,440e1c6fa5ec50d015eba87bd9b8274be5c5db18fbfa9fe1e614bbd68fdcce2a,512,512,,,,,,,,,
train,SL11,ydfid/SL11/train/good/ydfid_train_002958.bmp,,0,True,5488466124e5985538b3f0a820a5ecd880ac0cbafb4a2f2c8121806c6fc25780,512,512,,,,,,,,,
train,SL11,ydfid/SL11/train/good/ydfid_train_002959.bmp,,0,True,7386dfdcfdd4110678074dd9dd4691a82a868d68b0d65bc41b697f18b89e232c,512,512,,,,,,,,,
train,SL11,ydfid/SL11/train/good/ydfid_train_002960.bmp,,0,True,91d3c3e94169d1ff3cebe6e549d53fa0595676ed7dda1dd7c9b62c452879be44,512,512,,,,,,,,,
train,SL11,ydfid/SL11/train/good/ydfid_train_002961.bmp,,0,True,e21831a5f71f522cbb67d1a8bb3e9a5c17a8ec7bc762626d0df2c1606b3b5f9c,512,512,,,,,,,,,
train,SL11,ydfid/SL11/train/good/ydfid_train_002962.bmp,,0,True,c04360188f7e6721b17abfa9608dde5b432bb2b726056c0f3b2b6d33b3bbf3d8,512,512,,,,,,,,,
train,SL11,ydfid/SL11/train/good/ydfid_train_002963.bmp,,0,True,f05932a8fdefa82736cbe8c23cfab7e77a0f7cdf06e7f7ca5986f3930bd77661,512,512,,,,,,,,,
train,SL11,ydfid/SL11/train/good/ydfid_train_002964.bmp,,0,True,cc9781549aaa5b644c138d90b53ec63714797364fd04d0a1c489a7febb217aad,512,512,,,,,,,,,
train,SL11,ydfid/SL11/train/good/ydfid_train_002965.bmp,,0,True,09672b419d37c564fdf84044949586bf5739bd5775bdb4af7e784ecfbb63251e,512,512,,,,,,,,,
train,SL11,ydfid/SL11/train/good/ydfid_train_002966.bmp,,0,True,d16bbe9eda20b33fdaa9acd79f73dfc982a11e9682b39ac546497976365d93fe,512,512,,,,,,,,,
train,SL11,ydfid/SL11/train/good/ydfid_train_002967.bmp,,0,True,abefd3ee333c705a786bb60c8b8efa2c1390416485c6aa24323f844acbacef95,512,512,,,,,,,,,
train,SL11,ydfid/SL11/train/good/ydfid_train_002968.bmp,,0,True,5d173699709c839ecb8b25a4b9f6e737d9c6aabae460bf15f235b7c2054fd476,512,512,,,,,,,,,
train,SL11,ydfid/SL11/train/good/ydfid_train_002969.bmp,,0,True,f50d89fcffdf4f4371673e80cbebba3f45860b4cf6bde82eb322729df2f6c04d,512,512,,,,,,,,,
train,SL11,ydfid/SL11/train/good/ydfid_train_002970.bmp,,0,True,839ac6774ba33fbb90ef1d987b661971b3ebb53775a379d3abe161b999ecd6f0,512,512,,,,,,,,,
train,SL11,ydfid/SL11/train/good/ydfid_train_002971.bmp,,0,True,2bc477c30524ed2617fa66c9b87f9c2e20aba237da4ea46a103da3b4d59e8353,512,512,,,,,,,,,
train,SL11,ydfid/SL11/train/good/ydfid_train_002972.bmp,,0,True,1f4c2bea77dc4550303f1cc1e33c0ff2ccb470edfec939c1b4a72b605eec09c9,512,512,,,,,,,,,
train,SL11,ydfid/SL11/train/good/ydfid_train_002973.bmp,,0,True,078c6b76d955025395e62b05c4ef8ab75db94d8f03e91692890fbb186a4e582c,512,512,,,,,,,,,
train,SL11,ydfid/SL11/train/good/ydfid_train_002974.bmp,,0,True,a2cc76a72fc96d07e49e77094f5d59b41d11fa326b32a12415df407933995bf5,512,512,,,,,,,,,
train,SL11,ydfid/SL11/train/good/ydfid_train_002975.bmp,,0,True,eed038cd838e29f28ac2737203c1d3c79ebe8a576325c2433986e902ec5f50a8,512,512,,,,,,,,,
train,SL11,ydfid/SL11/train/good/ydfid_train_002976.bmp,,0,True,079a141fa8bda8495a881b28ad430d91b7750a3bef4eb5f74399a70271574991,512,512,,,,,,,,,
train,SL11,ydfid/SL11/train/good/ydfid_train_002977.bmp,,0,True,84cbc25adda9df89d3a8b7651abaa6fdfc6c17e0e9b6ebdfbf2a4d419a0a49ae,512,512,,,,,,,,,
train,SL11,ydfid/SL11/train/good/ydfid_train_002978.bmp,,0,True,7d33495cefb0fcbf8a8a8a056acb832872bc0b505ad6952c3de4a9eda1a55347,512,512,,,,,,,,,
train,SL11,ydfid/SL11/train/good/ydfid_train_002979.bmp,,0,True,42f956d6890b27a2973a883669e62e6ec01c5c74e542d1b85b78f05c7ef815c0,512,512,,,,,,,,,
train,SL11,ydfid/SL11/train/good/ydfid_train_002980.bmp,,0,True,95130aa460149fca307413246691576fd7cb11cb5f81eef629c1b970d1530ea4,512,512,,,,,,,,,
train,SL11,ydfid/SL11/train/good/ydfid_train_002981.bmp,,0,True,d8056bf7919d74cd5c6bd671bfdf84d8a9f612dca75cb62749d3b86ba1e08d13,512,512,,,,,,,,,
train,SL11,ydfid/SL11/train/good/ydfid_train_002982.bmp,,0,True,fe5ac195026980c519f98f642f3ef46e829810148d8a03d7818809c1a33e98da,512,512,,,,,,,,,
train,SL11,ydfid/SL11/train/good/ydfid_train_002983.bmp,,0,True,fcb846afcc6988374e19e91768dacb530ad315002befb16bccefb43aa3436a17,512,512,,,,,,,,,
train,SL11,ydfid/SL11/train/good/ydfid_train_002984.bmp,,0,True,2c5b229b93cb46ab2656f7880cb2694a197bd7a48898bb3db6af896f728b4f1a,512,512,,,,,,,,,
train,SL11,ydfid/SL11/train/good/ydfid_train_002985.bmp,,0,True,fc1db4a943e650ba5bbcda782a3f59c2ecfc1459c9ec0fe7ceb9a2820070e2b0,512,512,,,,,,,,,
train,SL11,ydfid/SL11/train/good/ydfid_train_002986.bmp,,0,True,f5d78c68cdea209561e51a4f838e4acfe83fcfd765563441f9d8bee4e5d01bd1,512,512,,,,,,,,,
train,SL11,ydfid/SL11/train/good/ydfid_train_002987.bmp,,0,True,9cdee4e9816bae0eb797a6fa0a502e528bb50ed91a25cf2d27264cb91c7483e0,512,512,,,,,,,,,
train,SL11,ydfid/SL11/train/good/ydfid_train_002988.bmp,,0,True,6f35fce03e75e25c718a33e074d0ff63f7994f863ce4f6c4c2d27ce939eac037,512,512,,,,,,,,,
train,SL11,ydfid/SL11/train/good/ydfid_train_002989.bmp,,0,True,bac255ed5f0a4c248687c6c61e1fad77dcf621421cb7befe790eff7012380529,512,512,,,,,,,,,
train,SL11,ydfid/SL11/train/good/ydfid_train_002990.bmp,,0,True,b33341f30e2f35e55747365de83b683e7b52872ded4678f73ae433034c855de2,512,512,,,,,,,,,
train,SL11,ydfid/SL11/train/good/ydfid_train_002991.bmp,,0,True,36087504d95e5372bf12ee5150ca8c34441dd8ccd8c46bfbd183124955cb4120,512,512,,,,,,,,,
train,SL11,ydfid/SL11/train/good/ydfid_train_002992.bmp,,0,True,6e6d3f62c0c5247abf0520243a774d699c19d1fa3b7c499107c98b07f0e61674,512,512,,,,,,,,,
train,SL11,ydfid/SL11/train/good/ydfid_train_002993.bmp,,0,True,acaabf66235c3b0f4f4bc9f58954e6a59c795985b8864d604a3e72ba6654d6e6,512,512,,,,,,,,,
train,SL11,ydfid/SL11/train/good/ydfid_train_002994.bmp,,0,True,e3ca5d3981f9d65c80285d1a5111d7c213b23aafb7955b628366f3eb1e973122,512,512,,,,,,,,,
train,SL11,ydfid/SL11/train/good/ydfid_train_002995.bmp,,0,True,b1edf8386d278c8ad195d72b208e430b565bd8a178c2f1c9c6a172a5cbebe12a,512,512,,,,,,,,,
train,SL11,ydfid/SL11/train/good/ydfid_train_002996.bmp,,0,True,babb194a052272e0a3819db67ea1d4365ecd2082144c39d266dbd885732cc154,512,512,,,,,,,,,
train,SL11,ydfid/SL11/train/good/ydfid_train_002997.bmp,,0,True,7c825a3518628bcd68cced4eb2fbfef7e98669c3f441cda63f1ca7a46e76b724,512,512,,,,,,,,,
train,SL11,ydfid/SL11/train/good/ydfid_train_002998.bmp,,0,True,5381d2ce59a2189bd829c21f8e5e414954e1ca502b7637fb501bfedece39fb72,512,512,,,,,,,,,
train,SL11,ydfid/SL11/train/good/ydfid_train_002999.bmp,,0,True,6bcc94dbd836fd88a35cb319b2b59e0709b05aab7ca4ee9138246c2c0de38a68,512,512,,,,,,,,,
train,SL11,ydfid/SL11/train/good/ydfid_train_003000.bmp,,0,True,83a806df326ca1055f31bf5de6a13050d5bf2005a180ea94d700aad39f224676,512,512,,,,,,,,,
train,SL11,ydfid/SL11/train/good/ydfid_train_003001.bmp,,0,True,f8baaf4ed6f8d5b427f171ae77e2bd85fedf2bc7c65c909ded5c5bc6cccf62fb,512,512,,,,,,,,,
train,SL11,ydfid/SL11/train/good/ydfid_train_003002.bmp,,0,True,f79c7cbc3a554a02f22efd3fb2aa99cd83c4522ea422e047b04800d7acc4113d,512,512,,,,,,,,,
train,SL11,ydfid/SL11/train/good/ydfid_train_003003.bmp,,0,True,fd1a40195bc76639877535c7d7b1ad19d90631c983fb9750d5cab7bc04ab7947,512,512,,,,,,,,,
train,SL11,ydfid/SL11/train/good/ydfid_train_003004.bmp,,0,True,b1793d265aad808b16b47aed10c977ef1bf2fb6c465f4cc06cb896c6ab3b57ba,512,512,,,,,,,,,
train,SL11,ydfid/SL11/train/good/ydfid_train_003005.bmp,,0,True,6f445ea63c8ceadf47a054959248b488c0af58d9fa1f92364f0e11fe689c7f21,512,512,,,,,,,,,
train,SL11,ydfid/SL11/train/good/ydfid_train_003006.bmp,,0,True,614df97a83b71747cf7c3cecfb7a51e7dc2f34afaaa689a0f1813c0b27231539,512,512,,,,,,,,,
train,SL11,ydfid/SL11/train/good/ydfid_train_003007.bmp,,0,True,9fafd7b6047875d30d3b24aca4d19e5b441ff7bfa4f06b05cb0fdbe2b0d016e6,512,512,,,,,,,,,
train,SL11,ydfid/SL11/train/good/ydfid_train_003008.bmp,,0,True,ac177c31e4cdae6fee6f552d78b397752932e6f7bfa294d7248758603bf0d9cc,512,512,,,,,,,,,
train,SL11,ydfid/SL11/train/good/ydfid_train_003009.bmp,,0,True,0eb5bd7147e731cb71a75bbbaf824d2ae9ec02ca3b3ec167159c02ae0b9c7925,512,512,,,,,,,,,
train,SL11,ydfid/SL11/train/good/ydfid_train_003010.bmp,,0,True,f6c184848f506a5d8a4e1172c9584226acb83313ee627109a5ad63e14cb42028,512,512,,,,,,,,,
train,SL11,ydfid/SL11/train/good/ydfid_train_003011.bmp,,0,True,61f45fea62d6db00306bed5c5c4aa49b300965c87fe2efa12a1db15e3a138215,512,512,,,,,,,,,
train,SL11,ydfid/SL11/train/good/ydfid_train_003012.bmp,,0,True,e4f7f9f617000184b706bdbdc785d04807500b0344817f5ca8546fc2be28cc6a,512,512,,,,,,,,,
train,SL11,ydfid/SL11/train/good/ydfid_train_003013.bmp,,0,True,488bb5b77a1195ac967d05728ffbb25405e0c38ef38553114bd7cacfe428b858,512,512,,,,,,,,,
train,SL11,ydfid/SL11/train/good/ydfid_train_003014.bmp,,0,True,ff4b87d31ff671149f03affef8ace893ddd29bc005c9ff76dc599f5cd6b9dded,512,512,,,,,,,,,
train,SL11,ydfid/SL11/train/good/ydfid_train_003015.bmp,,0,True,525698c3aab34005ca8fd565be2181cb71a45b438d3c3f84d6455179c642fe2d,512,512,,,,,,,,,
train,SL11,ydfid/SL11/train/good/ydfid_train_003016.bmp,,0,True,4b9778f4da3b157c28c7a2eea0d89bda8413a0bb69fb3a624b303d9c7e92be1e,512,512,,,,,,,,,
train,SL11,ydfid/SL11/train/good/ydfid_train_003017.bmp,,0,True,3e64513c63d6d15eb7c74e7ca9da54780a110cde08c61a9145d70cd6e942d5f1,512,512,,,,,,,,,
train,SL11,ydfid/SL11/train/good/ydfid_train_003018.bmp,,0,True,352cec3c7a1ceabf7fd282177949a7e015f8b9d45dc22ea181a8a4c11f5d8ec5,512,512,,,,,,,,,
train,SL11,ydfid/SL11/train/good/ydfid_train_003019.bmp,,0,True,88d219e9b0db6f088163d35da093420b9dedd096609a0bb40be30147ff747cf6,512,512,,,,,,,,,
train,SL11,ydfid/SL11/train/good/ydfid_train_003020.bmp,,0,True,66f9a80d7ef5c1db64f172b4f527e6419b9318413b2a7229d9849ec5de8707f0,512,512,,,,,,,,,
train,SL11,ydfid/SL11/train/good/ydfid_train_003021.bmp,,0,True,f2ab9f8912b1ee415d292f528dc51c76947da0b55661eb930ba83d688980515b,512,512,,,,,,,,,
train,SL11,ydfid/SL11/train/good/ydfid_train_003022.bmp,,0,True,8244ef5959303441348d94dd3cd353fd21de4c6c8e1f260a4fc8651d0b4ab081,512,512,,,,,,,,,
train,SL11,ydfid/SL11/train/good/ydfid_train_003023.bmp,,0,True,a5161a13cb93954d2e3383587743a3ba44ffd128f8e6f035273ad0ffb8149c19,512,512,,,,,,,,,
train,SL11,ydfid/SL11/train/good/ydfid_train_003024.bmp,,0,True,88d585c2e3993278fae066e62ffa48febb81bfca0d5c3f37cf5b89296e3b4544,512,512,,,,,,,,,
train,SL11,ydfid/SL11/train/good/ydfid_train_003025.bmp,,0,True,8e99e69c31b59834d471c1c872e66242ea43b3c6441efc1b33c4c4d2c59b5334,512,512,,,,,,,,,
train,SL11,ydfid/SL11/train/good/ydfid_train_003026.bmp,,0,True,ecbaedc3a709d3c2351067561720e7b39999d6c17f45cdc4e7f71ef18fb0630c,512,512,,,,,,,,,
train,SL11,ydfid/SL11/train/good/ydfid_train_003027.bmp,,0,True,d2461123753fac5c23b996a097025c7457ff0a8b3d4c677f1314c7be77b8bac6,512,512,,,,,,,,,
train,SL11,ydfid/SL11/train/good/ydfid_train_003028.bmp,,0,True,1dd04cdc4816f604752957263a54547c7fec60bd108ed9edb5ecc40ab6dd9475,512,512,,,,,,,,,
train,SL11,ydfid/SL11/train/good/ydfid_train_003029.bmp,,0,True,ae9311337fa7dbd38563cde52a27a436afdf42c94b101e6045ce4fc637b12fa1,512,512,,,,,,,,,
train,SL11,ydfid/SL11/train/good/ydfid_train_003030.bmp,,0,True,ec63f144147bb571f061a8c541ff8ad6f3f06a75bf6cfe17e06b60676917c2c8,512,512,,,,,,,,,
train,SL11,ydfid/SL11/train/good/ydfid_train_003031.bmp,,0,True,bb4f84380814a0a87a0e254f250c06cfc0f765d4cfde4b3f417c15b523afa3f3,512,512,,,,,,,,,
train,SL11,ydfid/SL11/train/good/ydfid_train_003032.bmp,,0,True,817ed3ee0b276fa40fd74a5d03a54fc122b313ddce9fbae3bb48dfeb5cd55271,512,512,,,,,,,,,
train,SL11,ydfid/SL11/train/good/ydfid_train_003033.bmp,,0,True,0807ede24b5a41efcdb4419a4785335849388dd54f7d1f5827c8cc544ce20831,512,512,,,,,,,,,
train,SL11,ydfid/SL11/train/good/ydfid_train_003034.bmp,,0,True,96449960e2b79707069874725f8f724c23075078184267dbc0973a37516243f2,512,512,,,,,,,,,
train,SL11,ydfid/SL11/train/good/ydfid_train_003035.bmp,,0,True,961d549dd039238009e3fb60829cbc3353c8030f220eac635025a40bffb3e859,512,512,,,,,,,,,
train,SL11,ydfid/SL11/train/good/ydfid_train_003036.bmp,,0,True,af41ff8d9a833fa2c7dc4d8e93c8fd9812368b6378070d0f5ec6759ad6b2e789,512,512,,,,,,,,,
train,SL11,ydfid/SL11/train/good/ydfid_train_003037.bmp,,0,True,12c5fb97d93fd134bdf92206fef5712474b1a40be3c48923ef65c708b0f7183f,512,512,,,,,,,,,
train,SL11,ydfid/SL11/train/good/ydfid_train_003038.bmp,,0,True,f882ba0ee92e3c458d1b9cff398218684d665c5a5cc4c42c59d905f32924e924,512,512,,,,,,,,,
train,SL11,ydfid/SL11/train/good/ydfid_train_003039.bmp,,0,True,b1e4a5927d32a682635555355a9a563ac4b9168977436d2f6a6573b41449bf80,512,512,,,,,,,,,
train,SL11,ydfid/SL11/train/good/ydfid_train_003040.bmp,,0,True,da52e397b0f27212f83b3832a597343e1441587f6eeee118ac3b08dddea5b705,512,512,,,,,,,,,
train,SL11,ydfid/SL11/train/good/ydfid_train_003041.bmp,,0,True,47e1cbc6765753c9695888683c8fd1bf43a77ab52b48d143766a31c1a980ccdf,512,512,,,,,,,,,
train,SL11,ydfid/SL11/train/good/ydfid_train_003042.bmp,,0,True,78c403c10e9c4ce89b1dae748142e36b0cefa0401b779703613bb4e8ac715496,512,512,,,,,,,,,
train,SL11,ydfid/SL11/train/good/ydfid_train_003043.bmp,,0,True,cd0585685557ddbb44784312f10b3824f6af4b02e36641f3b3c830b1d496e993,512,512,,,,,,,,,
train,SL11,ydfid/SL11/train/good/ydfid_train_003044.bmp,,0,True,24712cc977eb01318fae6b4f09e687df1853a8fa7531a3361a6ef1beb225eef7,512,512,,,,,,,,,
train,SL11,ydfid/SL11/train/good/ydfid_train_003045.bmp,,0,True,fc22889f3d5703b8e8d39db92cb823bf3e4094c30d0e15f4a4d130e27db84606,512,512,,,,,,,,,
train,SL11,ydfid/SL11/train/good/ydfid_train_003046.bmp,,0,True,466d28832ebbd99604a5f4b13ded1c0f1cd8664e9311f89b2c587b3f55f7a8a7,512,512,,,,,,,,,
train,SL11,ydfid/SL11/train/good/ydfid_train_003047.bmp,,0,True,e7c74b113dbfd4cbadaa62e5207910bd51fe32eba9b05ad7c1969554fa2423c6,512,512,,,,,,,,,
train,SL11,ydfid/SL11/train/good/ydfid_train_003048.bmp,,0,True,477fda89664e3c65848d069a4b4e1f67f7b40f1d5e2fcd3b79989f79bf97ff90,512,512,,,,,,,,,
train,SL11,ydfid/SL11/train/good/ydfid_train_003049.bmp,,0,True,81c207022b525aacfa51a67e35a1300c5cab057c7138961f24dc8ceaea5b4d58,512,512,,,,,,,,,
train,SL11,ydfid/SL11/train/good/ydfid_train_003050.bmp,,0,True,be6ea1f7088e9c878cc50ea3f7f283a684b88aeb79b943423c6b79204c8bf127,512,512,,,,,,,,,
train,SL11,ydfid/SL11/train/good/ydfid_train_003051.bmp,,0,True,87489892e1daa7fed7d4c4383bac203f2414774e8892c7b9326926abdc74d0f5,512,512,,,,,,,,,
train,SL11,ydfid/SL11/train/good/ydfid_train_003052.bmp,,0,True,b38e303f3f985fac6e9b492b44eaa5cec6d921d692a55b445b127e2fd3a69166,512,512,,,,,,,,,
train,SL11,ydfid/SL11/train/good/ydfid_train_003053.bmp,,0,True,a4abd593dda204cef37ed48ed26f22b32473ccf9ad6150c2368b43ce15f16b1b,512,512,,,,,,,,,
train,SL11,ydfid/SL11/train/good/ydfid_train_003054.bmp,,0,True,cb86fdd3153dff0fac447f495bcd9ad055546abd323a2daaa3f89093af70e47c,512,512,,,,,,,,,
train,SL11,ydfid/SL11/train/good/ydfid_train_003055.bmp,,0,True,329372dc2c5cd8e424bfaa9cb0c2e92bacb65971e2dfefaa9c281e410b76f026,512,512,,,,,,,,,
train,SL11,ydfid/SL11/train/good/ydfid_train_003056.bmp,,0,True,9bd7881c554d7229ed14ef16ee777b42f0d0f982ef2a9e6364e09a190cb3644e,512,512,,,,,,,,,
train,SL11,ydfid/SL11/train/good/ydfid_train_003057.bmp,,0,True,a5edb360ab67a4ce1a02266db95bf1ff2204fc6ef10373d34716ad290103cc80,512,512,,,,,,,,,
train,SL11,ydfid/SL11/train/good/ydfid_train_003058.bmp,,0,True,15a577154b72fc1e8ec1f2cd9b3123eb684a9a41509ff4574fdb2d6091ccd0c2,512,512,,,,,,,,,
train,SL11,ydfid/SL11/train/good/ydfid_train_003059.bmp,,0,True,b3c676104489f0ee795ddcd79e289db17d6bebc34992b039c88696fff87cffad,512,512,,,,,,,,,
train,SL11,ydfid/SL11/train/good/ydfid_train_003060.bmp,,0,True,6d2b6ae511bf5b319f7ae290cbbe8e6f96d5c781f369607c22abdf7cb443707c,512,512,,,,,,,,,
train,SL11,ydfid/SL11/train/good/ydfid_train_003061.bmp,,0,True,9da781701c7e8c5bc3ebbf25a8440fd78c79fa5a8d1a13eeab78a931e8552144,512,512,,,,,,,,,
train,SL11,ydfid/SL11/train/good/ydfid_train_003062.bmp,,0,True,bd7e826fcdcf083846a909f34d257b51ecac4a36a04b63ee62e300306ada236d,512,512,,,,,,,,,
train,SL11,ydfid/SL11/train/good/ydfid_train_003063.bmp,,0,True,e4bb3dda7de23e9d9a0a4627289a43c9c38e2676472928f9efef14c23f5fc80b,512,512,,,,,,,,,
train,SL11,ydfid/SL11/train/good/ydfid_train_003064.bmp,,0,True,497f82b3a84701ed25a65b979d61d5377d6ec4511fdbce4976fed7315690278c,512,512,,,,,,,,,
train,SL11,ydfid/SL11/train/good/ydfid_train_003065.bmp,,0,True,8324880008c92b43f3429c9f0e6e6c3becb6e41b0790a3b0b16706c1da6a3589,512,512,,,,,,,,,
train,SL13,ydfid/SL13/train/good/ydfid_train_003229.bmp,,0,True,3c0556f8a9a4fc6227f1374f56b4584667290496232f38bdd8086883985a15b6,512,512,,,,,,,,,
train,SL13,ydfid/SL13/train/good/ydfid_train_003230.bmp,,0,True,5db09158abc5fabe30499ad4df9ce7da013b260a4047688c9975034c5fcb187b,512,512,,,,,,,,,
train,SL13,ydfid/SL13/train/good/ydfid_train_003231.bmp,,0,True,58a9e45724dcf9e661c92c1e6a2bd8f40b28ad86c9390d1a0e87b65c5bda1d6d,512,512,,,,,,,,,
train,SL13,ydfid/SL13/train/good/ydfid_train_003232.bmp,,0,True,1e7a904e9b54d358cc8cf6a3c64dd5b9f3ca56b5adde9aac048be34a7a783cc6,512,512,,,,,,,,,
train,SL13,ydfid/SL13/train/good/ydfid_train_003233.bmp,,0,True,664fda5922f6735db81b264bd3ddf128ef436c332e2d774eeee7718f4945aba6,512,512,,,,,,,,,
train,SL13,ydfid/SL13/train/good/ydfid_train_003234.bmp,,0,True,ee0fa6dd21a72566e6548b12c0c0672b3a852d84c6d4ff578569f78423eac3d4,512,512,,,,,,,,,
train,SL13,ydfid/SL13/train/good/ydfid_train_003235.bmp,,0,True,d1c1d21b2cd6f063a7ea0ac3cbcbeeb287c3633589e991cf9f41bf60728349b5,512,512,,,,,,,,,
train,SL13,ydfid/SL13/train/good/ydfid_train_003236.bmp,,0,True,d901442fb97a0c79a0e89525fe11ddd2c4b755c715505b0fb5ef038e780e2139,512,512,,,,,,,,,
train,SL13,ydfid/SL13/train/good/ydfid_train_003237.bmp,,0,True,e5f5f979a665ddb47bec2351325f2e25d092a1eef4fb4077e804b28776eb3709,512,512,,,,,,,,,
train,SL13,ydfid/SL13/train/good/ydfid_train_003238.bmp,,0,True,519a227d6ccbc9800cf4751c431a0f4ee6dcf15d4370c5ab9cd783db9d99bfc7,512,512,,,,,,,,,
train,SL13,ydfid/SL13/train/good/ydfid_train_003239.bmp,,0,True,6b8073417a637896027c35ab340e42f28ab510817a8e94ef5ffa559c7158b940,512,512,,,,,,,,,
train,SL13,ydfid/SL13/train/good/ydfid_train_003240.bmp,,0,True,db5c2984e9444202680ca844a03914d400f2591170ea93d547f9418d01efcdba,512,512,,,,,,,,,
train,SL13,ydfid/SL13/train/good/ydfid_train_003241.bmp,,0,True,92845a27963f15c40e034288d4a4ed165029e2f1d21124d20f1e29f5871d6fa2,512,512,,,,,,,,,
train,SL13,ydfid/SL13/train/good/ydfid_train_003242.bmp,,0,True,288d91db8aef45903c579a885151cca650bb1a1ff88f99d94836b62ce7109f82,512,512,,,,,,,,,
train,SL13,ydfid/SL13/train/good/ydfid_train_003243.bmp,,0,True,4447b27d8f0af6662e6328dc23dcc3942a1d67e81f195ffad256e2c7e2f792ff,512,512,,,,,,,,,
train,SL13,ydfid/SL13/train/good/ydfid_train_003244.bmp,,0,True,6c1f3ff64b921fb581e645829719f66d200935cc0cfd2868903d70a39586c8ea,512,512,,,,,,,,,
train,SL13,ydfid/SL13/train/good/ydfid_train_003245.bmp,,0,True,38287acfdc11933ba159b1c931cb7a8a1d00320b97b9e807f7b4af7053e604e3,512,512,,,,,,,,,
train,SL13,ydfid/SL13/train/good/ydfid_train_003246.bmp,,0,True,bd4ff8a94417bf37a836652832afd50acac49bab7d81083a3e4c15833fda7fe4,512,512,,,,,,,,,
train,SL13,ydfid/SL13/train/good/ydfid_train_003247.bmp,,0,True,30f3ae9830fec9de2b703464462605fb26b5ea665c78a3d963e9eea891222d01,512,512,,,,,,,,,
train,SL13,ydfid/SL13/train/good/ydfid_train_003248.bmp,,0,True,fd306fe183fe1f5fdf2be5cb922601d9f9b54f0ad1aa17a21fa9e7a5978364f1,512,512,,,,,,,,,
train,SL13,ydfid/SL13/train/good/ydfid_train_003249.bmp,,0,True,38a7e493692c90731daf11d630cf147cedd4315cd3b710524fb7ead1484f79f0,512,512,,,,,,,,,
train,SL13,ydfid/SL13/train/good/ydfid_train_003250.bmp,,0,True,faacf0ae1bb9fdedb43c8ba0bd5ea86042b4f12807a56200060b663815d45dec,512,512,,,,,,,,,
train,SL13,ydfid/SL13/train/good/ydfid_train_003251.bmp,,0,True,5603213f2d0767aa27768ff2b4f936e1e58a90e9f67cdfe4ebe21f14cc212200,512,512,,,,,,,,,
train,SL13,ydfid/SL13/train/good/ydfid_train_003252.bmp,,0,True,3915f1d361f32d56445fef665147281cfebf88487e802fec27c7608e933e44df,512,512,,,,,,,,,
train,SL13,ydfid/SL13/train/good/ydfid_train_003253.bmp,,0,True,1cbd5f65a173de478ae75afebb07aecceee7a41bf745883a155f3b5d99745aca,512,512,,,,,,,,,
train,SL13,ydfid/SL13/train/good/ydfid_train_003254.bmp,,0,True,fc3cec15147c7ac33855799ff4dbb4b80b8efa9f0e0f28bf3e3eb7f1c81b607d,512,512,,,,,,,,,
train,SL13,ydfid/SL13/train/good/ydfid_train_003255.bmp,,0,True,444c4507924418a6f5f27e91df7634d07be0975b9a1ff1f14fae2082b2c16565,512,512,,,,,,,,,
train,SL13,ydfid/SL13/train/good/ydfid_train_003256.bmp,,0,True,124ca106018746d0a72265485062c3fa2e1cf1bda0aabee31c3936a7a4f6b312,512,512,,,,,,,,,
train,SL13,ydfid/SL13/train/good/ydfid_train_003257.bmp,,0,True,3acb4fb0349dafda44dbebde09ea81fd6c97f0b373c65f7042e58685a9621aee,512,512,,,,,,,,,
train,SL13,ydfid/SL13/train/good/ydfid_train_003258.bmp,,0,True,9482571e709216edf27e81654230962b3c29d6032487ffe8c376eaa789e3be1b,512,512,,,,,,,,,
train,SL13,ydfid/SL13/train/good/ydfid_train_003259.bmp,,0,True,ea026be55dcdd231f40d0a23bd31b9d4ebafd651f9ade41cbe3488d60257f79f,512,512,,,,,,,,,
train,SL13,ydfid/SL13/train/good/ydfid_train_003260.bmp,,0,True,88786794c497dc0e111d0013b2469d33213552eb7eeb681aa84ebccb4d544687,512,512,,,,,,,,,
train,SL13,ydfid/SL13/train/good/ydfid_train_003261.bmp,,0,True,eda3440fad924e157684388f536fa3837abdbe199f4bd486e121735caf5aaf1b,512,512,,,,,,,,,
train,SL13,ydfid/SL13/train/good/ydfid_train_003262.bmp,,0,True,1f31a88c0270ff7fb1dd4c19f4544f40cf053f1bc4f559c45e04df973756061b,512,512,,,,,,,,,
train,SL13,ydfid/SL13/train/good/ydfid_train_003263.bmp,,0,True,a40f126e33a5073cf96578a3854497edb4ad090f711ec50f369a0069a868bec0,512,512,,,,,,,,,
train,SL13,ydfid/SL13/train/good/ydfid_train_003264.bmp,,0,True,257c5e79033d9463d764dec877313b54a716831cc5b0e27cf0fa9f2b8777f97a,512,512,,,,,,,,,
train,SL13,ydfid/SL13/train/good/ydfid_train_003265.bmp,,0,True,90a67761aa4fb95e7bce1935ee18db9efce786be64bbf3c7e90649721e36502f,512,512,,,,,,,,,
train,SL13,ydfid/SL13/train/good/ydfid_train_003266.bmp,,0,True,841efbad875a9bf6f241cced6e5c296be273bcce52b52a2c75e3dfa1e4e02c83,512,512,,,,,,,,,
train,SL13,ydfid/SL13/train/good/ydfid_train_003267.bmp,,0,True,8c3b2f7d2d4abda778f446efbf825f21befacfcf7580ccb9331c81d8cea3f7c5,512,512,,,,,,,,,
train,SL13,ydfid/SL13/train/good/ydfid_train_003268.bmp,,0,True,9f742ee21bbc1ce43333a02b984e8c2bdf465c40571ba03422d66feff42207b1,512,512,,,,,,,,,
train,SL13,ydfid/SL13/train/good/ydfid_train_003269.bmp,,0,True,d1ae7ba52824938c105522eb4c0e390d7d00b4390ec7726c0efd805d5fd174b2,512,512,,,,,,,,,
train,SL13,ydfid/SL13/train/good/ydfid_train_003270.bmp,,0,True,519a227d6ccbc9800cf4751c431a0f4ee6dcf15d4370c5ab9cd783db9d99bfc7,512,512,,,,,,,,,
train,SL13,ydfid/SL13/train/good/ydfid_train_003271.bmp,,0,True,5184141a7dc67788a8470397e9b144588346bd422c89cb8b88b44d2be547cbfb,512,512,,,,,,,,,
train,SL13,ydfid/SL13/train/good/ydfid_train_003272.bmp,,0,True,a6aa7ae9c9ea8c75aaee6a5710512bd865868cf40f8b45e9859d0f344c8b1476,512,512,,,,,,,,,
train,SL13,ydfid/SL13/train/good/ydfid_train_003273.bmp,,0,True,0d40b92b22ab80a4f98f50ebc29ad158264004de6812ee597fa4717a4361c74d,512,512,,,,,,,,,
train,SL13,ydfid/SL13/train/good/ydfid_train_003274.bmp,,0,True,242a7664943ef68f7c2fceb1d579723f80f39a75f9aca819ea61b8107a85ee89,512,512,,,,,,,,,
train,SL13,ydfid/SL13/train/good/ydfid_train_003275.bmp,,0,True,3f3522a945a4d330f49fe6c029212b2a10fa0a576879fab4655f45430f416dcb,512,512,,,,,,,,,
train,SL13,ydfid/SL13/train/good/ydfid_train_003276.bmp,,0,True,4c6c5872e050848cc64d433bbc6c2ec5650df83b94da79bed496c30340eb7039,512,512,,,,,,,,,
train,SL13,ydfid/SL13/train/good/ydfid_train_003277.bmp,,0,True,be2742507041d9d8774aa83e9530c899539209725df2a2cab06c6ae785cf6670,512,512,,,,,,,,,
train,SL13,ydfid/SL13/train/good/ydfid_train_003278.bmp,,0,True,291d24069be3eb7e27159d9cd9a77ea8350f94e7dfffd8cc6809f8caa39af35f,512,512,,,,,,,,,
train,SL13,ydfid/SL13/train/good/ydfid_train_003279.bmp,,0,True,df2e94c62e3a474c91ce2979d9e1509714a97d6f6891fa038490507dcde2d82a,512,512,,,,,,,,,
train,SL13,ydfid/SL13/train/good/ydfid_train_003280.bmp,,0,True,930b699139d8d9ab71485e357bb3630343ed1a6fc705dae649b6b0e40aa9241f,512,512,,,,,,,,,
train,SL13,ydfid/SL13/train/good/ydfid_train_003281.bmp,,0,True,ebd2d416b1fbd5936016941929d80e726a4e4a91ce54b360010e00ff126d020e,512,512,,,,,,,,,
train,SL13,ydfid/SL13/train/good/ydfid_train_003282.bmp,,0,True,6bb80c66a5125ada260f1ff087eb883436d5dd8edf7573f39f1059aedfae7724,512,512,,,,,,,,,
train,SL13,ydfid/SL13/train/good/ydfid_train_003283.bmp,,0,True,20ad25228a98462322bbf6bd16322d05313f39bd7c789f7947693a261ef9f836,512,512,,,,,,,,,
train,SL13,ydfid/SL13/train/good/ydfid_train_003284.bmp,,0,True,3b90b8a8deb5f5288e5492489fa9e3e7de2d7427fbe9cd6cb0607e52740a964e,512,512,,,,,,,,,
train,SL13,ydfid/SL13/train/good/ydfid_train_003285.bmp,,0,True,71e91f7e19da76568eca6ca54673d07caba88304dbd3b04629f6c3c30baaee82,512,512,,,,,,,,,
train,SL13,ydfid/SL13/train/good/ydfid_train_003286.bmp,,0,True,444c4507924418a6f5f27e91df7634d07be0975b9a1ff1f14fae2082b2c16565,512,512,,,,,,,,,
train,SL13,ydfid/SL13/train/good/ydfid_train_003287.bmp,,0,True,0fec3acbd3cbd36e7a6f328a223a5cfd489ae363bd8314ae6d82a8b182efa38f,512,512,,,,,,,,,
train,SL13,ydfid/SL13/train/good/ydfid_train_003288.bmp,,0,True,0addb8b6aa500fe0c74321e3e6289221b08b0c3e397701bca2d15c52bea01742,512,512,,,,,,,,,
train,SL13,ydfid/SL13/train/good/ydfid_train_003289.bmp,,0,True,978c666a96538c8e3834ab81982ad702fcaccc909bb48ef3d9f169ce8f532bb9,512,512,,,,,,,,,
train,SL13,ydfid/SL13/train/good/ydfid_train_003290.bmp,,0,True,f6c3bd1f92d938be5f522816a7f3862d01fc82af1a9dfee5ac138d2b6a3df454,512,512,,,,,,,,,
train,SL13,ydfid/SL13/train/good/ydfid_train_003291.bmp,,0,True,414e0b368c0310a1503f5f0f9fa038a39614ae42646f962c08581742e4e5eb7f,512,512,,,,,,,,,
train,SL13,ydfid/SL13/train/good/ydfid_train_003292.bmp,,0,True,a654f2e3b328931bbc6a428ba8f630ed0ec256c2d50ea2dfa6c6980fce836dda,512,512,,,,,,,,,
train,SL13,ydfid/SL13/train/good/ydfid_train_003293.bmp,,0,True,11a99e73534db3c8009766cdb034ca21bdbaf83d2f393c355333556ce9988fdf,512,512,,,,,,,,,
train,SL13,ydfid/SL13/train/good/ydfid_train_003294.bmp,,0,True,f93ef65136daa173dd7431353a0facc00619ecebf6cbda87a340b3a558cf22d2,512,512,,,,,,,,,
train,SL13,ydfid/SL13/train/good/ydfid_train_003295.bmp,,0,True,55e6ad92fb7410e160a70ea8475ad5b229f35e594c4e5a55024eac458386f20a,512,512,,,,,,,,,
train,SL13,ydfid/SL13/train/good/ydfid_train_003296.bmp,,0,True,9f494040d145eb823b3dc2dcf4be905f59b14ea4b25f40c15815779de1af793f,512,512,,,,,,,,,
train,SL13,ydfid/SL13/train/good/ydfid_train_003297.bmp,,0,True,3a1290294d2a060633e9da91d0ccd91015e60e33a1301e404da2ce0e713e8998,512,512,,,,,,,,,
train,SL13,ydfid/SL13/train/good/ydfid_train_003298.bmp,,0,True,bd06a41dee6449c705edb55d17d3f60af3595a522c8e975f431ce7247ea33cbb,512,512,,,,,,,,,
train,SL13,ydfid/SL13/train/good/ydfid_train_003299.bmp,,0,True,591c9ae690b50a92e6205edd191a848685b806c7fe68a7aad747f3910d733a47,512,512,,,,,,,,,
train,SL13,ydfid/SL13/train/good/ydfid_train_003300.bmp,,0,True,f61c9bf9546eb980c57652d97eae8873e5650bc479fd8f87a221e28dc83f5d9b,512,512,,,,,,,,,
train,SL13,ydfid/SL13/train/good/ydfid_train_003301.bmp,,0,True,288d91db8aef45903c579a885151cca650bb1a1ff88f99d94836b62ce7109f82,512,512,,,,,,,,,
train,SL13,ydfid/SL13/train/good/ydfid_train_003302.bmp,,0,True,883a8d47a39a650b275856943a391de060e8a30709bb5fc803ff96d2b81c76c1,512,512,,,,,,,,,
train,SL13,ydfid/SL13/train/good/ydfid_train_003303.bmp,,0,True,3b205043a274af68d627cc39c701befa959a737b7ac894be70c34746121abe19,512,512,,,,,,,,,
train,SL13,ydfid/SL13/train/good/ydfid_train_003304.bmp,,0,True,0b8a1ee1ebc1715b477365b2070a25088217d5194d31136452e0995a780e6330,512,512,,,,,,,,,
train,SL13,ydfid/SL13/train/good/ydfid_train_003305.bmp,,0,True,015614e80916001e1bbb3f7943b0af2e9e327fb798c25a25e0ade731973d691a,512,512,,,,,,,,,
train,SL13,ydfid/SL13/train/good/ydfid_train_003306.bmp,,0,True,ae74a42601523681a2bbafb0ebc5d06998648d1919e9945c2c929e397ddd2e30,512,512,,,,,,,,,
train,SL13,ydfid/SL13/train/good/ydfid_train_003307.bmp,,0,True,d2a31d1f741446c74c1ca4f3deb92e2a5ccedcf6d71d9b4ddc235b19123b26b5,512,512,,,,,,,,,
train,SL13,ydfid/SL13/train/good/ydfid_train_003308.bmp,,0,True,2d665ca176fb13718ac46089453e5cf48104c48fedbfd9b70e845f2247f9f8d0,512,512,,,,,,,,,
train,SL13,ydfid/SL13/train/good/ydfid_train_003309.bmp,,0,True,b56688da459da5fabfd9ae3f53ae5744135044142813cd5939fb14ead80a1584,512,512,,,,,,,,,
train,SL13,ydfid/SL13/train/good/ydfid_train_003310.bmp,,0,True,e3661987d8ab1e7623c33408ccc8c7fe770204c1a338aa67436ab5464cd2e667,512,512,,,,,,,,,
train,SL13,ydfid/SL13/train/good/ydfid_train_003311.bmp,,0,True,63c2337d51a16bc90dea68ed69572c28aa6b3226987a57c191c542129d151334,512,512,,,,,,,,,
train,SL13,ydfid/SL13/train/good/ydfid_train_003312.bmp,,0,True,bf80863cd35432c4d7ca0f5f6ef4d9d7de2c33c4e1088e1ad969f327b200cd1c,512,512,,,,,,,,,
train,SL13,ydfid/SL13/train/good/ydfid_train_003313.bmp,,0,True,e2a8d306c3b4350e1211ed509792df2a572c2f692fdae3b21656bcc08c757d19,512,512,,,,,,,,,
train,SL13,ydfid/SL13/train/good/ydfid_train_003314.bmp,,0,True,62e0abe4c1a4a0ae765bdfa636f3ea00bc51e6e811fef85d3bb0523ac99aa7ec,512,512,,,,,,,,,
train,SL13,ydfid/SL13/train/good/ydfid_train_003315.bmp,,0,True,db394b9bf653a52141f1e5b513b0d20847940ca26fa2e86c3d1a9a5d3d30d11c,512,512,,,,,,,,,
train,SL13,ydfid/SL13/train/good/ydfid_train_003316.bmp,,0,True,171d410a7c40af641e4879f311b147360f21d05995af2cb657e3e6250a4a7034,512,512,,,,,,,,,
train,SL13,ydfid/SL13/train/good/ydfid_train_003317.bmp,,0,True,adb7b295510a885d297327dcc7177c1c7f3e627fa873de3abfc5b312545dea57,512,512,,,,,,,,,
train,SL13,ydfid/SL13/train/good/ydfid_train_003318.bmp,,0,True,514870262942b6ae0e0f6058a91c4a718d6fe2a84edd85aa03528de9915df144,512,512,,,,,,,,,
train,SL13,ydfid/SL13/train/good/ydfid_train_003319.bmp,,0,True,517920ce0a80db97b77195c418aabf2258aaccb63f8023fe28abe1d9ccbe628d,512,512,,,,,,,,,
train,SL13,ydfid/SL13/train/good/ydfid_train_003320.bmp,,0,True,92e093f0353877e8bde0e7d5d2e14b08c242a95edc251a2245c896df005b9f44,512,512,,,,,,,,,
train,SL13,ydfid/SL13/train/good/ydfid_train_003321.bmp,,0,True,59eee4abd9f87fc75f7e0b0b0379327aa0317fcbf031b1ebcd41763727feff89,512,512,,,,,,,,,
train,SL13,ydfid/SL13/train/good/ydfid_train_003322.bmp,,0,True,a7e24ee2c6d9da6ee5d701fc210c2ac5a676d4fb083dae7a5e10af931edf291e,512,512,,,,,,,,,
train,SL13,ydfid/SL13/train/good/ydfid_train_003323.bmp,,0,True,233927421a1025a8adb3e9360f2f3fcacc34fa2374262797cddda29da0c3b6fd,512,512,,,,,,,,,
train,SL13,ydfid/SL13/train/good/ydfid_train_003324.bmp,,0,True,01bcf102e102c083a3661fefd904841110a0be52f5405b97425bf964dc07a0f2,512,512,,,,,,,,,
train,SL13,ydfid/SL13/train/good/ydfid_train_003325.bmp,,0,True,96585791088e1458bdcb76a2faab0d09f74d34f23890d6937ddde35e857ef1ea,512,512,,,,,,,,,
train,SL13,ydfid/SL13/train/good/ydfid_train_003326.bmp,,0,True,1cdf0596bb605bebb88b9efb5462f91f43801f2f701b05ea06ad205393ab48c2,512,512,,,,,,,,,
train,SL13,ydfid/SL13/train/good/ydfid_train_003327.bmp,,0,True,7fc2a9dc12a920bbf691973144b621267d58d6e352e4dd98f936ab2cbc13be92,512,512,,,,,,,,,
train,SL13,ydfid/SL13/train/good/ydfid_train_003328.bmp,,0,True,121856c2d048fabff0680d262dd2e1aaee9985bbe5cee36d119da2a00fcf2db1,512,512,,,,,,,,,
train,SL13,ydfid/SL13/train/good/ydfid_train_003329.bmp,,0,True,9c8d2144a7a9ba9b46c4f4897da55a9d89254a6c6604c78c01fe2fafae80f04a,512,512,,,,,,,,,
train,SL13,ydfid/SL13/train/good/ydfid_train_003330.bmp,,0,True,22b6b673afb5fe01a5bffb894caa965815f6c50fc665531c8cf5a010d89cc1a4,512,512,,,,,,,,,
train,SL13,ydfid/SL13/train/good/ydfid_train_003331.bmp,,0,True,82163c4dc03773eed84d77458f6b0ee6d1bceedc4a57cd7ad19572ae0ded279b,512,512,,,,,,,,,
train,SL13,ydfid/SL13/train/good/ydfid_train_003332.bmp,,0,True,20ed86587c5638c1d9b3c6a02daf708e0e2ada199866ac5f04ba9b98bfe1c7a3,512,512,,,,,,,,,
train,SL13,ydfid/SL13/train/good/ydfid_train_003333.bmp,,0,True,5121e152d64bca8a2309e2acf1570fb6b1f6b25ce4b3cd6f91036ca7c63cd71a,512,512,,,,,,,,,
train,SL13,ydfid/SL13/train/good/ydfid_train_003334.bmp,,0,True,e4c0d0e714f8fef4a194b778a836608c311d6089e4725738ab418366571e0492,512,512,,,,,,,,,
train,SL13,ydfid/SL13/train/good/ydfid_train_003335.bmp,,0,True,6ab4617489b2165099403c91160f6971357e9848eae94b6e1245af00ccaf115a,512,512,,,,,,,,,
train,SL13,ydfid/SL13/train/good/ydfid_train_003336.bmp,,0,True,1abc57ff6ba4207009f276728560fe81c7ec647106316da501dbb88132886493,512,512,,,,,,,,,
train,SL13,ydfid/SL13/train/good/ydfid_train_003337.bmp,,0,True,84b83c7e8921e87e03c15be0559252a1bb6b7432bf23677f32f7166f31fa1460,512,512,,,,,,,,,
train,SL13,ydfid/SL13/train/good/ydfid_train_003338.bmp,,0,True,ade87dfa7b3b39ba5df2aa9ce331c4bab178a7fc3820264bc375ee2eb0868a84,512,512,,,,,,,,,
train,SL13,ydfid/SL13/train/good/ydfid_train_003339.bmp,,0,True,5f4a8bcf7352c554f6654b8692939d46fa274fca6ba9261215af0026f2007776,512,512,,,,,,,,,
train,SL13,ydfid/SL13/train/good/ydfid_train_003340.bmp,,0,True,f3129cd62d8599d66828d1f2a722f6bc73904860df730f92410da3a320519f55,512,512,,,,,,,,,
train,SL13,ydfid/SL13/train/good/ydfid_train_003341.bmp,,0,True,b2b3ddae47f66346417ec0430f1e3331fe83d04bfa29598c363bf0794731b1c1,512,512,,,,,,,,,
train,SL13,ydfid/SL13/train/good/ydfid_train_003342.bmp,,0,True,49dba497cba72b79e65540e199beb0587c9cc397f76ffc5ffc70290ae0a89f62,512,512,,,,,,,,,
train,SL13,ydfid/SL13/train/good/ydfid_train_003343.bmp,,0,True,70eeff0a48acfbb2ce315aedb87c98a139847a4e9dc8153a956994d5c35613f2,512,512,,,,,,,,,
train,SL13,ydfid/SL13/train/good/ydfid_train_003344.bmp,,0,True,4fe434a069dfcb1bd08ff8c0ab7d0e121edcdb37068272d24deb72a9fc2ceb1c,512,512,,,,,,,,,
train,SL13,ydfid/SL13/train/good/ydfid_train_003345.bmp,,0,True,f886ccb2073e935dcf5cb5804dc235c9ce574f45b5782d971a5194a13e2742c0,512,512,,,,,,,,,
train,SL13,ydfid/SL13/train/good/ydfid_train_003346.bmp,,0,True,b6f446fcbd848b54f54dd602c97b7e2e3ee137b154fcc4f1ad54a0efbb1e4a37,512,512,,,,,,,,,
train,SL13,ydfid/SL13/train/good/ydfid_train_003347.bmp,,0,True,23623e139fc1522688ddfc3cff392a6468dd2b128dfa74044391f54ebadb4164,512,512,,,,,,,,,
train,SL13,ydfid/SL13/train/good/ydfid_train_003348.bmp,,0,True,4b3b24ad9380492bab6d76bbe53f691ce1a04813543ad45f1870c9b72a6b15ed,512,512,,,,,,,,,
train,SL13,ydfid/SL13/train/good/ydfid_train_003349.bmp,,0,True,204d137534c75188c282ed1e0b36d2573cafe414772ead1a6510f911a89848b4,512,512,,,,,,,,,
train,SL13,ydfid/SL13/train/good/ydfid_train_003350.bmp,,0,True,2594c91a6d3359db53dc456c223ee429bf8177e5ac716d28937325d6720b9dac,512,512,,,,,,,,,
train,SL13,ydfid/SL13/train/good/ydfid_train_003351.bmp,,0,True,949852f3806ab4325efedddd6344ae2cc8f5ecb3ea48438765d38113e6ca4544,512,512,,,,,,,,,
train,SL13,ydfid/SL13/train/good/ydfid_train_003352.bmp,,0,True,eec6f25728a89534264d498f9eb2d227c1fa067a3b23052375d6798d5913b8aa,512,512,,,,,,,,,
train,SL13,ydfid/SL13/train/good/ydfid_train_003353.bmp,,0,True,c68e5c99e8da78d9347004d616b770ffc44311a183966f60fcb12e9891e96532,512,512,,,,,,,,,
train,SL13,ydfid/SL13/train/good/ydfid_train_003354.bmp,,0,True,2941271270ccf821fb22cec3740e3fff0923086368c07f261e6a68166b7b6750,512,512,,,,,,,,,
train,SL13,ydfid/SL13/train/good/ydfid_train_003355.bmp,,0,True,29c4b72749be3406f3011f79a0692e3f81aa043a279da84a2723653a414960d4,512,512,,,,,,,,,
train,SL13,ydfid/SL13/train/good/ydfid_train_003356.bmp,,0,True,1f69ee223e374a45092edbfa916306d58e4d10262df50dec76e8c5d236271701,512,512,,,,,,,,,
train,SL13,ydfid/SL13/train/good/ydfid_train_003357.bmp,,0,True,e2ad386d24ad29704bca4174b7c57bdbd9bf713d5f61acb243d48850f221ce86,512,512,,,,,,,,,
train,SL13,ydfid/SL13/train/good/ydfid_train_003358.bmp,,0,True,7acfbbe839d4422d6fbea2f92e0fff9a194ea819029e6bab6c6811c8f39cd469,512,512,,,,,,,,,
train,SL13,ydfid/SL13/train/good/ydfid_train_003359.bmp,,0,True,8e409056dbea30ecb9fe1de36be132dbde76346ff14a4849fe9be947750bfe96,512,512,,,,,,,,,
train,SL13,ydfid/SL13/train/good/ydfid_train_003360.bmp,,0,True,60313bb8476d5ee793f9fef895bab5d83fab1e1281fef64e5256cb3eab9d275a,512,512,,,,,,,,,
train,SL13,ydfid/SL13/train/good/ydfid_train_003361.bmp,,0,True,3a1fb9357150f149efd994ea2b49582aac4b2193c4cf06cea27347e3e145baa0,512,512,,,,,,,,,
train,SL13,ydfid/SL13/train/good/ydfid_train_003362.bmp,,0,True,0eda6e8344de76d7fbf17f6d3245e079e6820a350c7aa57f655900d8f7bfdf6d,512,512,,,,,,,,,
train,SL13,ydfid/SL13/train/good/ydfid_train_003363.bmp,,0,True,a8746b3c85a83bf7729e785790d15b3376ad65e90b8b48e02a0914ef4de11b51,512,512,,,,,,,,,
train,SL13,ydfid/SL13/train/good/ydfid_train_003364.bmp,,0,True,562cb2e1bcd7b86c28481fec4f0a5eb29cb056f9738fe680f8f0a24b464cc0bf,512,512,,,,,,,,,
train,SL13,ydfid/SL13/train/good/ydfid_train_003365.bmp,,0,True,5827b631664055ca196de1dd2783336894bfb785cbd70262db23228938171863,512,512,,,,,,,,,
train,SL13,ydfid/SL13/train/good/ydfid_train_003366.bmp,,0,True,85002942fab4dc8391561af872ddfde2d62f67f2a185418e090e35c7febaf785,512,512,,,,,,,,,
train,SL13,ydfid/SL13/train/good/ydfid_train_003367.bmp,,0,True,9a0c7cdd2bf5a70f8f71b89b26ed5d17d0a609c6c918dbadb9894a07c7b736cb,512,512,,,,,,,,,
train,SL13,ydfid/SL13/train/good/ydfid_train_003368.bmp,,0,True,f38e9231aa361c39fd063cc47f66e19146b19744490e7f540e5747f567755a72,512,512,,,,,,,,,
train,SL13,ydfid/SL13/train/good/ydfid_train_003369.bmp,,0,True,d686052005763235d59a90c6b44f94d96186027c4c1e610ef622f565137e30d9,512,512,,,,,,,,,
train,SL13,ydfid/SL13/train/good/ydfid_train_003370.bmp,,0,True,b41f5cc37b608fec40fade1b69e47bdab7688809699f980403bf1e5d91f63469,512,512,,,,,,,,,
train,SL13,ydfid/SL13/train/good/ydfid_train_003371.bmp,,0,True,3d6d5175b35ced773d8101168af28bbf0ada9d72212faf69ad72c3ed0761722d,512,512,,,,,,,,,
train,SL13,ydfid/SL13/train/good/ydfid_train_003372.bmp,,0,True,3fda07ccefd42e3cd1c8b97001980efcdf0b44e751bf2d07c04875cbd1df33fd,512,512,,,,,,,,,
train,SL13,ydfid/SL13/train/good/ydfid_train_003373.bmp,,0,True,a611e1950cef519895f65e082f6405a4cd313abf6962973e0372640d233c248a,512,512,,,,,,,,,
train,SL13,ydfid/SL13/train/good/ydfid_train_003374.bmp,,0,True,6b2e57f13b9aad89dfe79f9add3783294c748c6ea6494315e534762e28d44485,512,512,,,,,,,,,
train,SL13,ydfid/SL13/train/good/ydfid_train_003375.bmp,,0,True,b3731fb8b3aeef1c6923886fcf1eded8ebc1864ea101c4059de856474cee29af,512,512,,,,,,,,,
train,SL13,ydfid/SL13/train/good/ydfid_train_003376.bmp,,0,True,de6ce27a9818fe8364e7dba14d5169a0e8b99ac7626bb80b3d7ad24a09160491,512,512,,,,,,,,,
train,SL13,ydfid/SL13/train/good/ydfid_train_003377.bmp,,0,True,da395ad2c073a60290037462047f90c1b6eecbbf1c50b212edbfb5d292f68f0d,512,512,,,,,,,,,
train,SL13,ydfid/SL13/train/good/ydfid_train_003378.bmp,,0,True,79fa8e174627a3dd9c33413706b233d2206c7da4b5bbf619506dccdc342b5e66,512,512,,,,,,,,,
train,SL13,ydfid/SL13/train/good/ydfid_train_003379.bmp,,0,True,db8716f889f048765d27fa8600e0c9ae7aebcd7a26a8b84013b0ba875032cab0,512,512,,,,,,,,,
train,SL13,ydfid/SL13/train/good/ydfid_train_003380.bmp,,0,True,d72adb4d665e38dadb0abf25a38485e8fc2185319b8055d6dd2484fafcecc087,512,512,,,,,,,,,
train,SL13,ydfid/SL13/train/good/ydfid_train_003381.bmp,,0,True,2f28f2daddf72fa4728c19189bfe356fc542200a129e3c25c361cd3d185c63ce,512,512,,,,,,,,,
train,SL13,ydfid/SL13/train/good/ydfid_train_003382.bmp,,0,True,519a227d6ccbc9800cf4751c431a0f4ee6dcf15d4370c5ab9cd783db9d99bfc7,512,512,,,,,,,,,
train,SL13,ydfid/SL13/train/good/ydfid_train_003383.bmp,,0,True,9009bd11217f1966e76df4c69f0e87de25cb53e376c53dcfe1cc91ec64ab96b9,512,512,,,,,,,,,
train,SL13,ydfid/SL13/train/good/ydfid_train_003384.bmp,,0,True,ef9ced5f47bd997fd9292f89e83611f450fd5ccda2680945830ed4e44bade2bc,512,512,,,,,,,,,
train,SL13,ydfid/SL13/train/good/ydfid_train_003385.bmp,,0,True,ddfa30a5eb69d1f29b6a7efe968a43e36975d08d63fc5afcebc49b01dea53d8a,512,512,,,,,,,,,
train,SL13,ydfid/SL13/train/good/ydfid_train_003386.bmp,,0,True,308e958aaa5a6124c1bde4aa87439cb2a5a964018a2cb94467f3af10f7944133,512,512,,,,,,,,,
train,SL13,ydfid/SL13/train/good/ydfid_train_003387.bmp,,0,True,841efbad875a9bf6f241cced6e5c296be273bcce52b52a2c75e3dfa1e4e02c83,512,512,,,,,,,,,
train,SL13,ydfid/SL13/train/good/ydfid_train_003388.bmp,,0,True,edd016914dc3e9afb0d5d5d2c3092c5f8c1c3e7d1c728e1a25d12b1b534ef5e8,512,512,,,,,,,,,
train,SL13,ydfid/SL13/train/good/ydfid_train_003389.bmp,,0,True,444c4507924418a6f5f27e91df7634d07be0975b9a1ff1f14fae2082b2c16565,512,512,,,,,,,,,
train,SL13,ydfid/SL13/train/good/ydfid_train_003390.bmp,,0,True,91c1030e30b7bc295636529128b7b53506f95bf6ec0bfb8eab0d4e8a79ed3ff2,512,512,,,,,,,,,
train,SL13,ydfid/SL13/train/good/ydfid_train_003391.bmp,,0,True,c326df526903275a501c7feadb70e0fe9153f58bde636f395ea77e6ae7c39300,512,512,,,,,,,,,
train,SL13,ydfid/SL13/train/good/ydfid_train_003392.bmp,,0,True,6977bb5ae1258f97f72f2257c7475d3ebaadd047dc853c9e51ac230a2d6cc304,512,512,,,,,,,,,
train,SL13,ydfid/SL13/train/good/ydfid_train_003393.bmp,,0,True,c42db747c8feb962cd066150e9c016d9c648d50e8fda58b3491101d00ac7973f,512,512,,,,,,,,,
train,SL13,ydfid/SL13/train/good/ydfid_train_003394.bmp,,0,True,b5b142cadfc25d08994289f38051093e0ca5eee1e5e0c592a367109df5b30b37,512,512,,,,,,,,,
train,SL13,ydfid/SL13/train/good/ydfid_train_003395.bmp,,0,True,10f4967bc8668bca2dcfd63c7eec380ef00fad4ec2614b8da037c3ceeb549836,512,512,,,,,,,,,
train,SL13,ydfid/SL13/train/good/ydfid_train_003396.bmp,,0,True,6648c6586379c5ed19cdc925f98d6b991fdfc5c97ce4b44b20243cd6ad38dbd0,512,512,,,,,,,,,
train,SL13,ydfid/SL13/train/good/ydfid_train_003397.bmp,,0,True,1f69ee223e374a45092edbfa916306d58e4d10262df50dec76e8c5d236271701,512,512,,,,,,,,,
train,SL13,ydfid/SL13/train/good/ydfid_train_003398.bmp,,0,True,2dc60240037475a55f28944dc711c013028d31302b5a59e9b52886bada40bf52,512,512,,,,,,,,,
train,SL13,ydfid/SL13/train/good/ydfid_train_003399.bmp,,0,True,a36446ca9638925689efc3bbdd1432087cb7774e264624da2cd2c4310096ed41,512,512,,,,,,,,,
train,SL13,ydfid/SL13/train/good/ydfid_train_003400.bmp,,0,True,d23f8046c02e16b9bc93f1adaf1ddb0ccf082c8d6014cd2e45eed1b9d54038c1,512,512,,,,,,,,,
train,SL13,ydfid/SL13/train/good/ydfid_train_003401.bmp,,0,True,519a227d6ccbc9800cf4751c431a0f4ee6dcf15d4370c5ab9cd783db9d99bfc7,512,512,,,,,,,,,
train,SL13,ydfid/SL13/train/good/ydfid_train_003402.bmp,,0,True,eec6f25728a89534264d498f9eb2d227c1fa067a3b23052375d6798d5913b8aa,512,512,,,,,,,,,
train,SL13,ydfid/SL13/train/good/ydfid_train_003403.bmp,,0,True,841efbad875a9bf6f241cced6e5c296be273bcce52b52a2c75e3dfa1e4e02c83,512,512,,,,,,,,,
train,SL13,ydfid/SL13/train/good/ydfid_train_003404.bmp,,0,True,fe04e06786ef87fe0837e1109f0834a1ced570fc5d3e04e2d2f5d74998c5f97b,512,512,,,,,,,,,
train,SL13,ydfid/SL13/train/good/ydfid_train_003405.bmp,,0,True,377c9498857c7b66c412d119ff69389dab4e8deb6544628a370f25592dd940b4,512,512,,,,,,,,,
train,SL13,ydfid/SL13/train/good/ydfid_train_003406.bmp,,0,True,76024d623ce6fb3cf84c34eb85d2ba5b58a92b3a2bbac18c995d0db0cb67e87a,512,512,,,,,,,,,
train,SL13,ydfid/SL13/train/good/ydfid_train_003407.bmp,,0,True,d215a5f7f1e31cd2005d654a4f89e83959ea81723ac76ce792d5ff1d0f7e9a11,512,512,,,,,,,,,
train,SL13,ydfid/SL13/train/good/ydfid_train_003408.bmp,,0,True,e5c5622bf68497c7abdc72c218c1035bcdaa5aede96ad220729042b2dce3bc40,512,512,,,,,,,,,
train,SL13,ydfid/SL13/train/good/ydfid_train_003409.bmp,,0,True,91bfac866aff398ece7a127ca33e781226efcb79982036bc1cc8e9b880e3cd2b,512,512,,,,,,,,,
train,SL13,ydfid/SL13/train/good/ydfid_train_003410.bmp,,0,True,a53e090ed1442cf751665eb625b070a204d4cffed8855a8f5e9d4267683c784b,512,512,,,,,,,,,
train,SL13,ydfid/SL13/train/good/ydfid_train_003411.bmp,,0,True,01409bd403c621da187303b8e2db69827af0d94bdea8eb83b22d1b6ff27b0154,512,512,,,,,,,,,
train,SL13,ydfid/SL13/train/good/ydfid_train_003412.bmp,,0,True,29c4b72749be3406f3011f79a0692e3f81aa043a279da84a2723653a414960d4,512,512,,,,,,,,,
train,SL13,ydfid/SL13/train/good/ydfid_train_003413.bmp,,0,True,0b46e34ab18d87a1c8c021005b0a597bf58d3ebfb3323edcee3a51701fe87171,512,512,,,,,,,,,
train,SL13,ydfid/SL13/train/good/ydfid_train_003414.bmp,,0,True,f93ae40e2be078e4db85f7edb91e499e52d2610ccfa2ca3ae6950841f7ce2267,512,512,,,,,,,,,
train,SL13,ydfid/SL13/train/good/ydfid_train_003415.bmp,,0,True,273674e3a681ce197974930f69bb538e32d3e076e04e0eca25ca90ec2ab03787,512,512,,,,,,,,,
train,SL13,ydfid/SL13/train/good/ydfid_train_003416.bmp,,0,True,f76fdd06efb6da89235b445bca350634e58b13174301ca0da6cc9ea7e8b61b27,512,512,,,,,,,,,
train,SL13,ydfid/SL13/train/good/ydfid_train_003417.bmp,,0,True,6cf2f01759a47f9aebb5c095479c80fa7367133439d8519cc95dd18a3c01bd54,512,512,,,,,,,,,
train,SL13,ydfid/SL13/train/good/ydfid_train_003418.bmp,,0,True,eec6f25728a89534264d498f9eb2d227c1fa067a3b23052375d6798d5913b8aa,512,512,,,,,,,,,
train,SL13,ydfid/SL13/train/good/ydfid_train_003419.bmp,,0,True,737a92b497cfe59e69618ce011ebe9c207f701acfa065c77f79419ac90c17c1d,512,512,,,,,,,,,
train,SL13,ydfid/SL13/train/good/ydfid_train_003420.bmp,,0,True,1f69ee223e374a45092edbfa916306d58e4d10262df50dec76e8c5d236271701,512,512,,,,,,,,,
train,SL13,ydfid/SL13/train/good/ydfid_train_003421.bmp,,0,True,9ff394d49d166735112df7488b16ac09a991694b5503f12fcbd8e9e98c847b51,512,512,,,,,,,,,
train,SL13,ydfid/SL13/train/good/ydfid_train_003422.bmp,,0,True,2314ff931b77db49c7c76144e583c35054819d674efb582c0d56325aba551ecc,512,512,,,,,,,,,
train,SL13,ydfid/SL13/train/good/ydfid_train_003423.bmp,,0,True,05c90251d846d2c0814d362d33a54a81168112fb85d0a082b84dcbd7370ab88e,512,512,,,,,,,,,
train,SL13,ydfid/SL13/train/good/ydfid_train_003424.bmp,,0,True,9908172eca26cb373a9c6d34638070b94c037bb014b095bde0b2b324ffd9767d,512,512,,,,,,,,,
train,SL13,ydfid/SL13/train/good/ydfid_train_003425.bmp,,0,True,e483f596def970e38b28547ee2038c483578c6c07f53948fd348402b7cfc8687,512,512,,,,,,,,,
train,SL13,ydfid/SL13/train/good/ydfid_train_003426.bmp,,0,True,042399b87c59dcf4058fa2859644371751e688596dbd51d10f4734414ace00d2,512,512,,,,,,,,,
train,SL13,ydfid/SL13/train/good/ydfid_train_003427.bmp,,0,True,8f6bf427e410a5b0fb69fe477e597e27a7730bfd9f348ac83b52705e68f787f2,512,512,,,,,,,,,
train,SL13,ydfid/SL13/train/good/ydfid_train_003428.bmp,,0,True,7b4fe075ee97cafd029595502fb297cb9a8fb42d0723ff935cb29159decb8d9b,512,512,,,,,,,,,
train,SL13,ydfid/SL13/train/good/ydfid_train_003429.bmp,,0,True,66f3ee8231adcc7a2b9b0a2e2ea438906a28bf6fac566e6bb593a9a03d1188d9,512,512,,,,,,,,,
train,SL13,ydfid/SL13/train/good/ydfid_train_003430.bmp,,0,True,50b28bf646de8f3d4ab131874663850867b810f3c2ed206acd091da811145b51,512,512,,,,,,,,,
train,SL13,ydfid/SL13/train/good/ydfid_train_003431.bmp,,0,True,0ea81cff36093f6cf298aa18eff2747f1f68d3ea35e521fbd487f74ce8281c0f,512,512,,,,,,,,,
train,SL13,ydfid/SL13/train/good/ydfid_train_003432.bmp,,0,True,e22c8a788f1f8ff6262153945b4c9118dd508a7e7d159e5fd63c5d5248f1ddbd,512,512,,,,,,,,,
train,SL13,ydfid/SL13/train/good/ydfid_train_003433.bmp,,0,True,76a99b760ab2af04b20d48ac0f9d33b5a0dbb4cfb578798f322e25b8b780d43f,512,512,,,,,,,,,
train,SL13,ydfid/SL13/train/good/ydfid_train_003434.bmp,,0,True,15e972d74a322458c4b33287b8cffe0e227dfa5a76f0c64e7d354fe5e84345ed,512,512,,,,,,,,,
train,SL13,ydfid/SL13/train/good/ydfid_train_003435.bmp,,0,True,1d0229beb3a80676d847def69ca135f1c36a66c324241024a6aa70d08c43197b,512,512,,,,,,,,,
train,SL13,ydfid/SL13/train/good/ydfid_train_003436.bmp,,0,True,bb46788d90431b3c175e15f114938e8c63df0b71b5f2d0cb6559df79046b128d,512,512,,,,,,,,,
train,SL13,ydfid/SL13/train/good/ydfid_train_003437.bmp,,0,True,591f3dae1534d4d3c40931f732fd6dc42423a1db1a2a1c2b1c059931cc31f310,512,512,,,,,,,,,
train,SL13,ydfid/SL13/train/good/ydfid_train_003438.bmp,,0,True,e11c776a46311d1675206ce2f2012d87103b7fda7765414f070924dd5ceecb09,512,512,,,,,,,,,
train,SL13,ydfid/SL13/train/good/ydfid_train_003439.bmp,,0,True,a3c98cd55a8ba3bafee87142a87e9c46c2039ecc60d2d1f226a7d70362db8bb2,512,512,,,,,,,,,
train,SL13,ydfid/SL13/train/good/ydfid_train_003440.bmp,,0,True,79296c10142b9ec52d058731d754b6a7922632bdce2c8876c377828a3f5634a6,512,512,,,,,,,,,
train,SL13,ydfid/SL13/train/good/ydfid_train_003441.bmp,,0,True,bd5ee226da1232db5fd74e4a019286d60b9ccb1a96cc3256db236555235d8103,512,512,,,,,,,,,
train,SL13,ydfid/SL13/train/good/ydfid_train_003442.bmp,,0,True,a42f09f8e3e6223f1bb7e1be6f7867f5f63160971a6111d81301e7c5a89aa1ae,512,512,,,,,,,,,
train,SL13,ydfid/SL13/train/good/ydfid_train_003443.bmp,,0,True,004f017bbd9a780bc9dba975083515566adb5bb987c4932fac5742f895bb4f3e,512,512,,,,,,,,,
train,SL13,ydfid/SL13/train/good/ydfid_train_003444.bmp,,0,True,7db1b233d8e5f34bfe681ebd1010a53b0f82f8361315a1e3774e685f19d3a064,512,512,,,,,,,,,
train,SL13,ydfid/SL13/train/good/ydfid_train_003445.bmp,,0,True,6ee674215eb09f5aa880ddf1657a675f7bda5883f596ba5ed90d27daafcf6e0a,512,512,,,,,,,,,
train,SL13,ydfid/SL13/train/good/ydfid_train_003446.bmp,,0,True,30f3ae9830fec9de2b703464462605fb26b5ea665c78a3d963e9eea891222d01,512,512,,,,,,,,,
train,SL13,ydfid/SL13/train/good/ydfid_train_003447.bmp,,0,True,563bbe39ba234830116ee2b2a4d10b93ccceb205b5baae5bec99a4f1a77163c5,512,512,,,,,,,,,
train,SL13,ydfid/SL13/train/good/ydfid_train_003448.bmp,,0,True,f9d2d005354c6d91e76e7d2c42f95ff1e0da4dc54889c10bebb8b07da65afa12,512,512,,,,,,,,,
train,SL13,ydfid/SL13/train/good/ydfid_train_003449.bmp,,0,True,873d3021d8e570dc5bdb008cab8296e718f449159da0f2edf9f5ba8e17dc793a,512,512,,,,,,,,,
train,SL13,ydfid/SL13/train/good/ydfid_train_003450.bmp,,0,True,28a20acbed053435da15ac95b3ff4308253d4630a00678f06901f6523a1513b7,512,512,,,,,,,,,
train,SL13,ydfid/SL13/train/good/ydfid_train_003451.bmp,,0,True,ae1eef1b34740066f70f3552c8445260812809a3a4dafd85bf1b4d0d4495e598,512,512,,,,,,,,,
train,SL13,ydfid/SL13/train/good/ydfid_train_003452.bmp,,0,True,eec6f25728a89534264d498f9eb2d227c1fa067a3b23052375d6798d5913b8aa,512,512,,,,,,,,,
train,SL13,ydfid/SL13/train/good/ydfid_train_003453.bmp,,0,True,30f3ae9830fec9de2b703464462605fb26b5ea665c78a3d963e9eea891222d01,512,512,,,,,,,,,
train,SL13,ydfid/SL13/train/good/ydfid_train_003454.bmp,,0,True,4fe418326116d1d5504e490a2b736d693b402ddafd0b118ac773b235763cb6d1,512,512,,,,,,,,,
train,SL13,ydfid/SL13/train/good/ydfid_train_003455.bmp,,0,True,519a227d6ccbc9800cf4751c431a0f4ee6dcf15d4370c5ab9cd783db9d99bfc7,512,512,,,,,,,,,
train,SL13,ydfid/SL13/train/good/ydfid_train_003456.bmp,,0,True,838ed331c1e7e2fba9e956a4329b038e17be96e20df2defc0fb3a87d5c441d0c,512,512,,,,,,,,,
train,SL13,ydfid/SL13/train/good/ydfid_train_003457.bmp,,0,True,31b807e99950a34e09d01acada5b67ac51662c7a4950adb35afe481f734c9914,512,512,,,,,,,,,
train,SL13,ydfid/SL13/train/good/ydfid_train_003458.bmp,,0,True,1ebb5e67b18579e5d06aad9bd3beb06c8ec62ea42bd401ccaa6e8d04a69c3075,512,512,,,,,,,,,
train,SL13,ydfid/SL13/train/good/ydfid_train_003459.bmp,,0,True,9c8dff7891d30c0c4a04cd90b06b1b87c303115d7c50518f59f6b6e93561ca8a,512,512,,,,,,,,,
train,SL13,ydfid/SL13/train/good/ydfid_train_003460.bmp,,0,True,f813ff3978fd4678e63592a4b6e4bd9ff05ac697f0e5270fd53c708ace7a6d88,512,512,,,,,,,,,
train,SL13,ydfid/SL13/train/good/ydfid_train_003461.bmp,,0,True,f2a3ffe27eef37aa2e726f15cd1207305318317a3ef52e16a2c26679bd5d10de,512,512,,,,,,,,,
train,SL13,ydfid/SL13/train/good/ydfid_train_003462.bmp,,0,True,d71903fd91e6bc5bc4b2becbef5ec30bb99058738dd7199abe5960f9a80f00cf,512,512,,,,,,,,,
train,SL13,ydfid/SL13/train/good/ydfid_train_003463.bmp,,0,True,b265b3d18e5f1187a4b4f25888f91352ece75084a80e3ffaa786582dceed2377,512,512,,,,,,,,,
train,SL13,ydfid/SL13/train/good/ydfid_train_003464.bmp,,0,True,35755e687ac03899331f8d76d37b3df3b52b024caccd4b040c05e4c04e677cbc,512,512,,,,,,,,,
train,SL13,ydfid/SL13/train/good/ydfid_train_003465.bmp,,0,True,97f054e4b26860af56d4b9cf88da80c25e07dd426d423e713fb0ed9d15da171b,512,512,,,,,,,,,
train,SL13,ydfid/SL13/train/good/ydfid_train_003466.bmp,,0,True,ef335060ca3d7809a88d1b8b74d59ac62d9d5a731d39112679cdb584c3e39ae6,512,512,,,,,,,,,
train,SL13,ydfid/SL13/train/good/ydfid_train_003467.bmp,,0,True,15831ee5b7df103da4e1ace9a65b852f3f0f64bbe94c5250c1fc56fee7c7a4fb,512,512,,,,,,,,,
train,SL13,ydfid/SL13/train/good/ydfid_train_003468.bmp,,0,True,9f732eb2a4f5a8918ec4736c1f0ffb72d015671c872f4f7b19ed5e873becf4ad,512,512,,,,,,,,,
train,SL13,ydfid/SL13/train/good/ydfid_train_003469.bmp,,0,True,12e1dac054f26d6092b0c48a281f2d1e81316f5111e81db56dab4765b3a6c940,512,512,,,,,,,,,
train,SL13,ydfid/SL13/train/good/ydfid_train_003470.bmp,,0,True,4416c489518483306c5d93da6281e15864ef0d01d48d77cbf6a747af13d7b76c,512,512,,,,,,,,,
train,SL13,ydfid/SL13/train/good/ydfid_train_003471.bmp,,0,True,722c20d7409896ac92eb33383bbf391b637a92bd76a70677e57ddf7fe6262b24,512,512,,,,,,,,,
train,SL13,ydfid/SL13/train/good/ydfid_train_003472.bmp,,0,True,dd3ad8f948cb2b6f597ce3e47238bcac30610f57d23c56c2fe70127d9cea1453,512,512,,,,,,,,,
train,SL13,ydfid/SL13/train/good/ydfid_train_003473.bmp,,0,True,29c4b72749be3406f3011f79a0692e3f81aa043a279da84a2723653a414960d4,512,512,,,,,,,,,
train,SL13,ydfid/SL13/train/good/ydfid_train_003474.bmp,,0,True,4f40eaa682e088566ab9496aa16d68f499084578018064a97985f5d6a6aea247,512,512,,,,,,,,,
train,SL13,ydfid/SL13/train/good/ydfid_train_003475.bmp,,0,True,c47dd8da088042100add886220b541ef3dcf28f4ef31e4e81ac2bc2ccb30f008,512,512,,,,,,,,,
train,SL13,ydfid/SL13/train/good/ydfid_train_003476.bmp,,0,True,146bb9a01341bcdbecde886c4f500a2f35c36cbd358241477fce3bf90bd852b2,512,512,,,,,,,,,
train,SL13,ydfid/SL13/train/good/ydfid_train_003477.bmp,,0,True,f9d66d9010cdbbebe271711ea198062eaf8a2f49e9fec930b70244c2abc0e437,512,512,,,,,,,,,
train,SL13,ydfid/SL13/train/good/ydfid_train_003478.bmp,,0,True,1cfa1678d1bbcb53e696b7d696b0d93d8d45f872df6420e5db08952803f6e68e,512,512,,,,,,,,,
train,SL13,ydfid/SL13/train/good/ydfid_train_003479.bmp,,0,True,ffa8043d00d775f6d920c6de0f386ce305561f637a66adea624039eb74b882fa,512,512,,,,,,,,,
train,SL13,ydfid/SL13/train/good/ydfid_train_003480.bmp,,0,True,e1ea09dc6570de44061e201861aefd6961657796633f532370f4e6eca998913b,512,512,,,,,,,,,
train,SL13,ydfid/SL13/train/good/ydfid_train_003481.bmp,,0,True,934dd97a6c4127a55a673e0ecfcca6a8758a2ddde7f1dfa3df057b8355a82eb8,512,512,,,,,,,,,
train,SL13,ydfid/SL13/train/good/ydfid_train_003482.bmp,,0,True,f84817c296d9e4115724e1520cc7d733c59472a10236f9bf2f60ad8e8bd68d5e,512,512,,,,,,,,,
train,SL13,ydfid/SL13/train/good/ydfid_train_003483.bmp,,0,True,e7360c258d8f4fcbfabcb2b6339ad8fc80816f01bb5a7bc79356069e31072c73,512,512,,,,,,,,,
train,SL13,ydfid/SL13/train/good/ydfid_train_003484.bmp,,0,True,d52365e1dbd56df6815fc744255d724581d1d3ba1c9e30a9a5c23c2db54112a5,512,512,,,,,,,,,
train,SL13,ydfid/SL13/train/good/ydfid_train_003485.bmp,,0,True,88df8d1b6275e27a6d2023ff3076bc0216a4ac38f98fcaec02d91fef7106dc48,512,512,,,,,,,,,
train,SL13,ydfid/SL13/train/good/ydfid_train_003486.bmp,,0,True,8615ef7a56a119813aef24795d97f64decc91159bd488172fd17bfe50d6c4aae,512,512,,,,,,,,,
train,SL13,ydfid/SL13/train/good/ydfid_train_003487.bmp,,0,True,db6404026d1c9efe0e10c848d442ee83b0f5fa8e676f23a405c48b5dd9195d73,512,512,,,,,,,,,
train,SL13,ydfid/SL13/train/good/ydfid_train_003488.bmp,,0,True,9f589e3e7e2d368b809b3f1079566cda79edbb1c566855e07c90111220cb5cbd,512,512,,,,,,,,,
train,SL13,ydfid/SL13/train/good/ydfid_train_003489.bmp,,0,True,fde74e712d23796622e7a650b2cc2a7426389c5fd2a6299cdc3c01fcaed5d3b9,512,512,,,,,,,,,
train,SL13,ydfid/SL13/train/good/ydfid_train_003490.bmp,,0,True,97cba18fb0c0553c3e26685e8209ad6648eb437db8a0134b4f2031268900b588,512,512,,,,,,,,,
train,SL13,ydfid/SL13/train/good/ydfid_train_003491.bmp,,0,True,c00d9ee83835a9a5b8da19394e4f0d987bffe0d79df2e6dc5340b9b1579880e5,512,512,,,,,,,,,
train,SL13,ydfid/SL13/train/good/ydfid_train_003492.bmp,,0,True,741806193bb92b010b6a5cc29f41862a63bea03e188cc8950f28d2b56f916335,512,512,,,,,,,,,
train,SL13,ydfid/SL13/train/good/ydfid_train_003493.bmp,,0,True,3da5cb695324fd4ef2166c78518415db01de2e54b9bae3daaf48ba757be9891b,512,512,,,,,,,,,
train,SL13,ydfid/SL13/train/good/ydfid_train_003494.bmp,,0,True,841efbad875a9bf6f241cced6e5c296be273bcce52b52a2c75e3dfa1e4e02c83,512,512,,,,,,,,,
train,SL13,ydfid/SL13/train/good/ydfid_train_003495.bmp,,0,True,a4255895a13ec18620b9d867a190feabaabd34435b9ec0e2fac3295759b23392,512,512,,,,,,,,,
train,SL13,ydfid/SL13/train/good/ydfid_train_003496.bmp,,0,True,29c4b72749be3406f3011f79a0692e3f81aa043a279da84a2723653a414960d4,512,512,,,,,,,,,
train,SL13,ydfid/SL13/train/good/ydfid_train_003497.bmp,,0,True,e0d54dbd4c86d62e5fb2e26ec4140aa2cb76f69f93464f9dfea481db570d416b,512,512,,,,,,,,,
train,SL13,ydfid/SL13/train/good/ydfid_train_003498.bmp,,0,True,288d91db8aef45903c579a885151cca650bb1a1ff88f99d94836b62ce7109f82,512,512,,,,,,,,,
train,SL13,ydfid/SL13/train/good/ydfid_train_003499.bmp,,0,True,1b82efcedd786b605237571bd2aeaa91ccbb588bd31ec0ac707c84ca046f1580,512,512,,,,,,,,,
train,SL13,ydfid/SL13/train/good/ydfid_train_003500.bmp,,0,True,f06507a8242c94599bc31f98eb226833b9744bd3c09ef8665e3ef1045dfac716,512,512,,,,,,,,,
train,SL13,ydfid/SL13/train/good/ydfid_train_003501.bmp,,0,True,6d7b0a5425ae39f6ff4b8f990240c6bbf799c0b738ba42f2f3e5aa596c38f490,512,512,,,,,,,,,
train,SL13,ydfid/SL13/train/good/ydfid_train_003502.bmp,,0,True,b569fe542f9e86c3e78ea8b0bb26898642633f1a4fe274febc9471e9af6e3a31,512,512,,,,,,,,,
train,SL13,ydfid/SL13/train/good/ydfid_train_003503.bmp,,0,True,f70c1ff6582bb807e2e6f5aa10105979a1a2f7dfd210de4d0a35bf7fae01f1fc,512,512,,,,,,,,,
train,SL13,ydfid/SL13/train/good/ydfid_train_003504.bmp,,0,True,30f3ae9830fec9de2b703464462605fb26b5ea665c78a3d963e9eea891222d01,512,512,,,,,,,,,
train,SL13,ydfid/SL13/train/good/ydfid_train_003505.bmp,,0,True,e7d60231e63c1a7aad730106c7c7cb00857d4dcf71162a5f847acbbd7e6ca07a,512,512,,,,,,,,,
train,SL13,ydfid/SL13/train/good/ydfid_train_003506.bmp,,0,True,a5bde19794cf97035465da219338ba4f0c160716ecbaeef27f86287a676de748,512,512,,,,,,,,,
train,SL13,ydfid/SL13/train/good/ydfid_train_003507.bmp,,0,True,908a7c5d7bd52d1ef3d87b4b76adee135a0b7189611d60ddb72b916771c11f2a,512,512,,,,,,,,,
train,SL13,ydfid/SL13/train/good/ydfid_train_003508.bmp,,0,True,444c4507924418a6f5f27e91df7634d07be0975b9a1ff1f14fae2082b2c16565,512,512,,,,,,,,,
train,SL13,ydfid/SL13/train/good/ydfid_train_003509.bmp,,0,True,2d133bb088b96ad2cd7e08db481c2e8bf56ff7fff75ca6a25f54850257f1e7c9,512,512,,,,,,,,,
train,SL13,ydfid/SL13/train/good/ydfid_train_003510.bmp,,0,True,444c4507924418a6f5f27e91df7634d07be0975b9a1ff1f14fae2082b2c16565,512,512,,,,,,,,,
train,SL13,ydfid/SL13/train/good/ydfid_train_003511.bmp,,0,True,36ce11af3b0468c5a9d97fbd4474751e7b6d0a99ab17386d6b3a7e6a31db105b,512,512,,,,,,,,,
train,SL13,ydfid/SL13/train/good/ydfid_train_003512.bmp,,0,True,26e38ac6fa800dc8ba5297b1c5b5c45499ff5fafbe764ee39e26efc16ad3859f,512,512,,,,,,,,,
train,SL13,ydfid/SL13/train/good/ydfid_train_003513.bmp,,0,True,aaa3d369a2c781dbc4f0fa9a34665d4d02607a754cd2463822ba48b00abc2891,512,512,,,,,,,,,
train,SL13,ydfid/SL13/train/good/ydfid_train_003514.bmp,,0,True,bd7cc73375cb087eb416e35f85599b85878b5f3d4f244de3da9d3ca2ea28cd0b,512,512,,,,,,,,,
train,SL13,ydfid/SL13/train/good/ydfid_train_003515.bmp,,0,True,c2f58e31fc529d431f073a0c86a4053c470a5d09e844a451341a4d972c694f69,512,512,,,,,,,,,
train,SL13,ydfid/SL13/train/good/ydfid_train_003516.bmp,,0,True,61f3639a5976f9048f52a260df0f698d25295d7da0e5d3a4aef5b0904d1b03c2,512,512,,,,,,,,,
train,SL13,ydfid/SL13/train/good/ydfid_train_003517.bmp,,0,True,664cbeebc66a9f2b1248c178a9b1c62a1a8348342fc7ddc6881eff580d3bca9a,512,512,,,,,,,,,
train,SL13,ydfid/SL13/train/good/ydfid_train_003518.bmp,,0,True,bdae8499b2fd5cf0243eb121858671ba8ff0e0defd874f0c1469ab6c47e5d845,512,512,,,,,,,,,
train,SL13,ydfid/SL13/train/good/ydfid_train_003519.bmp,,0,True,26e82c21a4b2ba8833f9551b0329143e758e8cc00d6cddec842df765a98cabbc,512,512,,,,,,,,,
train,SL13,ydfid/SL13/train/good/ydfid_train_003520.bmp,,0,True,1f69ee223e374a45092edbfa916306d58e4d10262df50dec76e8c5d236271701,512,512,,,,,,,,,
train,SL13,ydfid/SL13/train/good/ydfid_train_003521.bmp,,0,True,288d91db8aef45903c579a885151cca650bb1a1ff88f99d94836b62ce7109f82,512,512,,,,,,,,,
train,SL13,ydfid/SL13/train/good/ydfid_train_003522.bmp,,0,True,c7bc73e43ac904ed7fa5f7266c779b394f57a32f177c22ef8f967121928d70fa,512,512,,,,,,,,,
train,SL13,ydfid/SL13/train/good/ydfid_train_003523.bmp,,0,True,b5fa4372b328970e6851763757f1efed1b4a24113550b6064ac33f0b2d4bf47b,512,512,,,,,,,,,
train,SL13,ydfid/SL13/train/good/ydfid_train_003524.bmp,,0,True,de5affbfb1004bd5950b3c8939376cb483ae08797dce8004a8d1b9a87147e759,512,512,,,,,,,,,
train,SL13,ydfid/SL13/train/good/ydfid_train_003525.bmp,,0,True,523add7e032dc223925126bbaf8741e431257a371c6d2918949f6578bbef8ec3,512,512,,,,,,,,,
train,SL13,ydfid/SL13/train/good/ydfid_train_003526.bmp,,0,True,64022888369212f4310e2d5fa96f78e0aad209f88b4f3080be87a3125cc5efe8,512,512,,,,,,,,,
train,SL13,ydfid/SL13/train/good/ydfid_train_003527.bmp,,0,True,35e31829d5098950662d74882f2e0dcae46e967f64004adeb99d2fb5414d469a,512,512,,,,,,,,,
train,SL13,ydfid/SL13/train/good/ydfid_train_003528.bmp,,0,True,8b199ed1ad3016bf22885ad3f1f400e6eb6fa6cd17e5c63f83044c511d44a211,512,512,,,,,,,,,
train,SL13,ydfid/SL13/train/good/ydfid_train_003529.bmp,,0,True,b697d4eb2078b6e43a307806125b0178a780362df502bacbe4b28c37f853df5c,512,512,,,,,,,,,
train,SL13,ydfid/SL13/train/good/ydfid_train_003530.bmp,,0,True,629315be0487e4ac08dbe4c20f4ad7761ff54aa997e66c040b142a21cd0c75ca,512,512,,,,,,,,,
train,SL13,ydfid/SL13/train/good/ydfid_train_003531.bmp,,0,True,6ee90490fe62f0a6f17a5f20c6cefa2698dbd4ebdb35e701b1d3e8145b223555,512,512,,,,,,,,,
train,SL13,ydfid/SL13/train/good/ydfid_train_003532.bmp,,0,True,64aa8259f5d9ae2e518869a540ad099ebfd70d93e5ce6e46f5e0ebda9f2df14c,512,512,,,,,,,,,
train,SL13,ydfid/SL13/train/good/ydfid_train_003533.bmp,,0,True,481c946da9e7a4c451373ba45a191f86134bab09b9553e54427a00c264769b9d,512,512,,,,,,,,,
train,SL13,ydfid/SL13/train/good/ydfid_train_003534.bmp,,0,True,47c9b9246977f6e9d06040e77f93433f152c9b1847defb18976a4964761be50b,512,512,,,,,,,,,
train,SL13,ydfid/SL13/train/good/ydfid_train_003535.bmp,,0,True,2309e78c5c65520e6f60c3689d1dc2d2afc62ab8da9bbaf49c0e759a84c03faf,512,512,,,,,,,,,
train,SL13,ydfid/SL13/train/good/ydfid_train_003536.bmp,,0,True,a6041763392c12911326c45bec11fe8656450ce159709bdb213fdf80e8bf93fe,512,512,,,,,,,,,
train,SL13,ydfid/SL13/train/good/ydfid_train_003537.bmp,,0,True,62e3b421580eb4d26ac3a3ee1f996eaa5c7c98f8abfa0a13dc3556d5edc68086,512,512,,,,,,,,,
train,SL16,ydfid/SL16/train/good/ydfid_train_003869.bmp,,0,True,3d50b97394ce69b49645e198b22d2214b2be1d8eeeb1eb81eb63485b6aed8d61,512,512,,,,,,,,,
train,SL16,ydfid/SL16/train/good/ydfid_train_003870.bmp,,0,True,71f89089f1407f6b0f6ef555144a7334102510cf26753ac3ce92922fa95b9d09,512,512,,,,,,,,,
train,SL16,ydfid/SL16/train/good/ydfid_train_003871.bmp,,0,True,12aae08e3a540aa35badf52b1e8ae464fc20aef05646f47e33313bd5a01e82aa,512,512,,,,,,,,,
train,SL16,ydfid/SL16/train/good/ydfid_train_003872.bmp,,0,True,a927880f3a2440902fb3e07f0772b36e293e3c5fe3bf428793919ee0f793867f,512,512,,,,,,,,,
train,SL16,ydfid/SL16/train/good/ydfid_train_003873.bmp,,0,True,e5e02716b323d4d8cf5899938bd052d1715e61400c5e354c7850a4f990e22124,512,512,,,,,,,,,
train,SL16,ydfid/SL16/train/good/ydfid_train_003874.bmp,,0,True,696a36488ae7a0c3a8901f3ff6024afc2ce1aee94f081342d7bd947234f1deb2,512,512,,,,,,,,,
train,SL16,ydfid/SL16/train/good/ydfid_train_003875.bmp,,0,True,f3ebca4d96c53a923b371edd238612d5601c145fb369b734600c93a74cadff04,512,512,,,,,,,,,
train,SL16,ydfid/SL16/train/good/ydfid_train_003876.bmp,,0,True,e4bee0ca737e8bff4915375dc123c9c87591fb93153b545e3db44c2fea932f34,512,512,,,,,,,,,
train,SL16,ydfid/SL16/train/good/ydfid_train_003877.bmp,,0,True,851aea12176a577a2381d88192a77fac9a7a8cc4804c68a54ea738381396e95e,512,512,,,,,,,,,
train,SL16,ydfid/SL16/train/good/ydfid_train_003878.bmp,,0,True,b86d4574b03aa97e95224811249952d83f590cfea2f42c9caa52b2b06cfc23f1,512,512,,,,,,,,,
train,SL16,ydfid/SL16/train/good/ydfid_train_003879.bmp,,0,True,c379ead95b4b14faaf696662cf07ffae0da94197062a84b183b503471c0b4584,512,512,,,,,,,,,
train,SL16,ydfid/SL16/train/good/ydfid_train_003880.bmp,,0,True,7ad5f20cc1ce881373f68970c1e688f33e74173b04d005cadaea0a68c17bd350,512,512,,,,,,,,,
train,SL16,ydfid/SL16/train/good/ydfid_train_003881.bmp,,0,True,fd0c86687eba16a3b75a6c4ebe1d92c9bfd1513a33ce3f26d143c7b58a9c14d4,512,512,,,,,,,,,
train,SL16,ydfid/SL16/train/good/ydfid_train_003882.bmp,,0,True,4fa6ddefbb9399994a6d6bb5f12b20f7ab689388d6b1bc77688661f4fc2efd17,512,512,,,,,,,,,
train,SL16,ydfid/SL16/train/good/ydfid_train_003883.bmp,,0,True,5578df797108ac65f90b95e3d6da38d9b7fc251085003deca6210583d196804d,512,512,,,,,,,,,
train,SL16,ydfid/SL16/train/good/ydfid_train_003884.bmp,,0,True,dd35c4d4d2c992571faf324afe00a4183aab2a905832e052810a5c322bd6abe9,512,512,,,,,,,,,
train,SL16,ydfid/SL16/train/good/ydfid_train_003885.bmp,,0,True,cbaed0c290f0d79249d60547680e27a518d7cb127b4e4326caad8e52d6f29252,512,512,,,,,,,,,
train,SL16,ydfid/SL16/train/good/ydfid_train_003886.bmp,,0,True,0205c84bb077a2825acacb2b31e76e2e8925ac8108f4db1797c2e96b92493205,512,512,,,,,,,,,
train,SL16,ydfid/SL16/train/good/ydfid_train_003887.bmp,,0,True,000ac24ee32304dc827f9bdd26f9b69266980754e6f1f6f3060828874ba86406,512,512,,,,,,,,,
train,SL16,ydfid/SL16/train/good/ydfid_train_003888.bmp,,0,True,3e68893ba2180d71af4461e7eb5bc7243da170b63100a8df2ceeb9af4864a6e1,512,512,,,,,,,,,
train,SL16,ydfid/SL16/train/good/ydfid_train_003889.bmp,,0,True,0df574721adafa88c19f9e5685552326010446faeb1537f1ecdef4dcb60b9ae1,512,512,,,,,,,,,
train,SL16,ydfid/SL16/train/good/ydfid_train_003890.bmp,,0,True,8407ca4364e5bb899f8ebe7f1bcfc3085038be90f7f4581abb5789a6e4798e82,512,512,,,,,,,,,
train,SL16,ydfid/SL16/train/good/ydfid_train_003891.bmp,,0,True,dac0a37102f0bce7b7bab6c0f9c428ca8d0ce4d49ccc7fb0b1cf451af0c29fc9,512,512,,,,,,,,,
train,SL16,ydfid/SL16/train/good/ydfid_train_003892.bmp,,0,True,c9dc7e7f6f9ca9c910ebd51c59a2f361d32b8f0f8372f63d21284db31287503c,512,512,,,,,,,,,
train,SL16,ydfid/SL16/train/good/ydfid_train_003893.bmp,,0,True,f44ae87ec144ae916ac25159752e62d475d4fd6b0a96d28780c43a55c153a25c,512,512,,,,,,,,,
train,SL16,ydfid/SL16/train/good/ydfid_train_003894.bmp,,0,True,99c91744e532f8aea2f947732d907ca063d8cbed143cc9818b82d3191641580b,512,512,,,,,,,,,
train,SL16,ydfid/SL16/train/good/ydfid_train_003895.bmp,,0,True,d62d12b3c3360940575b56c0d99f6819d5a37530c346891d34ac468dc70a0a3f,512,512,,,,,,,,,
train,SL16,ydfid/SL16/train/good/ydfid_train_003896.bmp,,0,True,55683d921decdf4b116934406bb7e9e488fda82208711345a59a7b88ee68a423,512,512,,,,,,,,,
train,SL16,ydfid/SL16/train/good/ydfid_train_003897.bmp,,0,True,64853bf2fdb039ca67b721c9da87aaa6b64120972c45bd623f4ef2c130abc761,512,512,,,,,,,,,
train,SL16,ydfid/SL16/train/good/ydfid_train_003898.bmp,,0,True,710040fdc9a0c0029ccc7ca644c2861ca9379e3861194c71d0ee4e0b4b684ad3,512,512,,,,,,,,,
train,SL16,ydfid/SL16/train/good/ydfid_train_003899.bmp,,0,True,998c81afc80106edde07d9b485e7f85b579b6c21dedf6018d207c4f1417681d3,512,512,,,,,,,,,
train,SL16,ydfid/SL16/train/good/ydfid_train_003900.bmp,,0,True,0e9bfa5e96dab52b417d8c28fed469fe222e366c5b9be5e0d6fab9232ac1770f,512,512,,,,,,,,,
train,SL16,ydfid/SL16/train/good/ydfid_train_003901.bmp,,0,True,482ff6efd30633b359aa542088ac92970cbd3eae5f2e012adf3fcaff3d695bde,512,512,,,,,,,,,
train,SL16,ydfid/SL16/train/good/ydfid_train_003902.bmp,,0,True,e863c3ff918adf83c4c890dbd0abdcfed326fcfd2bb1d3c09218995bb113f361,512,512,,,,,,,,,
train,SL16,ydfid/SL16/train/good/ydfid_train_003903.bmp,,0,True,5906e075b6825a37b6035a6f40c7013f4585e64cdf6acfcfa2c69bd6e322cfac,512,512,,,,,,,,,
train,SL16,ydfid/SL16/train/good/ydfid_train_003904.bmp,,0,True,7995ab079a71762a5817df0ab8bca1583a736bef18989e8895c7b08a8c7bb849,512,512,,,,,,,,,
train,SL16,ydfid/SL16/train/good/ydfid_train_003905.bmp,,0,True,4ad9e5e68ba735742a57b0f4000f40a2b85ee2754753ab0368c67c93113ab66a,512,512,,,,,,,,,
train,SL16,ydfid/SL16/train/good/ydfid_train_003906.bmp,,0,True,df5e7902102019e8247d488c886a54268f48bd1253d7962c7c786d33fba5fb8d,512,512,,,,,,,,,
train,SL16,ydfid/SL16/train/good/ydfid_train_003907.bmp,,0,True,281a4858721055c6a05992c80bb00edec94d34dc56b4aa0a73b0436fff5b7527,512,512,,,,,,,,,
train,SL16,ydfid/SL16/train/good/ydfid_train_003908.bmp,,0,True,94f60b88445989303db7546e6edf04b83d10fcd2fb19ececbcdba8956010d530,512,512,,,,,,,,,
train,SL16,ydfid/SL16/train/good/ydfid_train_003909.bmp,,0,True,b6d7c0842383cdb2ab1133fec0e1b54caeb419430d730a0843db22ec6a9a264e,512,512,,,,,,,,,
train,SL16,ydfid/SL16/train/good/ydfid_train_003910.bmp,,0,True,4b4dd76db37eeee36dcd313e8b92ff8c580516d052bc1f59e423390770252412,512,512,,,,,,,,,
train,SL16,ydfid/SL16/train/good/ydfid_train_003911.bmp,,0,True,38ae5accae4059ced835e2f44565a533cc44a2094ea2d6eb99c88b1ba757af1d,512,512,,,,,,,,,
train,SL16,ydfid/SL16/train/good/ydfid_train_003912.bmp,,0,True,b758efb52514555ec3160c9476cd6d6af72b40c22f232b7a73e87ad2a82b1946,512,512,,,,,,,,,
train,SL16,ydfid/SL16/train/good/ydfid_train_003913.bmp,,0,True,ad630732bbbbdda6014fc9ac3bd93e18e4ec0f31cd00ed1f027166d1c6e7f695,512,512,,,,,,,,,
train,SL16,ydfid/SL16/train/good/ydfid_train_003914.bmp,,0,True,8b6485bcf7c467a671b574db8e3eb0a7addb84326b1d74920b66e2d3fac27197,512,512,,,,,,,,,
train,SL16,ydfid/SL16/train/good/ydfid_train_003915.bmp,,0,True,d20ec5596aa657276e9c6a674c32a3b12593f98bc75a9f4cbe3a4a693d011b2b,512,512,,,,,,,,,
train,SL16,ydfid/SL16/train/good/ydfid_train_003916.bmp,,0,True,ad8465c7162c8fe041e8a508c101c3ed28473db89e47639469bf85a0fea9dd7c,512,512,,,,,,,,,
train,SL16,ydfid/SL16/train/good/ydfid_train_003917.bmp,,0,True,7b49f5c5fd9624a227bb9f4a4f8f7c1d1cf5ea5221dfd0789b4b36eb4774fef1,512,512,,,,,,,,,
train,SL16,ydfid/SL16/train/good/ydfid_train_003918.bmp,,0,True,6dc5eecb73753c47e84dbdc94504a54c773f180f53f1efdd5c5f969e2311f5fc,512,512,,,,,,,,,
train,SL16,ydfid/SL16/train/good/ydfid_train_003919.bmp,,0,True,f338b90bce88224723acdf0462907f2d55ed833674f2f3fa72e810aa15f82d61,512,512,,,,,,,,,
train,SL16,ydfid/SL16/train/good/ydfid_train_003920.bmp,,0,True,6e5199e303ce071bec8e52196eb5d40e94e9a8b093c975562893395aa088987c,512,512,,,,,,,,,
train,SL16,ydfid/SL16/train/good/ydfid_train_003921.bmp,,0,True,e3dd032c62c11222b67a6b26f5ceb621550792bc306b4da5f57501bf936ab105,512,512,,,,,,,,,
train,SL16,ydfid/SL16/train/good/ydfid_train_003922.bmp,,0,True,d656bfe3e086beaf230027298d1b0f8d63790702fd2d7f9fb59a84a5892c7c96,512,512,,,,,,,,,
train,SL16,ydfid/SL16/train/good/ydfid_train_003923.bmp,,0,True,7a735628a716f2afacfe25160e611705989014b5f782015cabb5dc0399e5f40e,512,512,,,,,,,,,
train,SL16,ydfid/SL16/train/good/ydfid_train_003924.bmp,,0,True,e933fd6d2f70cdf12fac3d4591e036acd39589eed519111fda1831737dbf3d94,512,512,,,,,,,,,
train,SL16,ydfid/SL16/train/good/ydfid_train_003925.bmp,,0,True,1b02fdd83fc93881b78e360fc2c73d08a7be3133114a02352f2e80290dd134e5,512,512,,,,,,,,,
train,SL16,ydfid/SL16/train/good/ydfid_train_003926.bmp,,0,True,2dcaf6695346daf47146e449dea8734fcb899139b58286211eae7cb1a6c16f02,512,512,,,,,,,,,
train,SL16,ydfid/SL16/train/good/ydfid_train_003927.bmp,,0,True,679582b1a1c97ad5e8ec3440efdbcf3a4b42cdfe15f3d3f0aaf144ee365196e4,512,512,,,,,,,,,
train,SL16,ydfid/SL16/train/good/ydfid_train_003928.bmp,,0,True,1061e0cccc254e6cf6489d799d2b95ce34704b84f4f14a571578d755e6e1e99a,512,512,,,,,,,,,
train,SL16,ydfid/SL16/train/good/ydfid_train_003929.bmp,,0,True,75cf4303a3179602ef97d5d07eed8e950d207c8a3b7fbd15ec72d898a1b1bcef,512,512,,,,,,,,,
train,SL16,ydfid/SL16/train/good/ydfid_train_003930.bmp,,0,True,187cc6416310e5d61cfb3e56e3a795b0e3ef4afd3979f41eb13ee6998c76fd70,512,512,,,,,,,,,
train,SL16,ydfid/SL16/train/good/ydfid_train_003931.bmp,,0,True,f90f8ef697ac12b007c825173251c6738e76f43225257e93222c8ac7315b9bb4,512,512,,,,,,,,,
train,SL16,ydfid/SL16/train/good/ydfid_train_003932.bmp,,0,True,2262b216bda40090aa50dfd3a835a3796d46c67e8cbb22e62011cac17c3b997d,512,512,,,,,,,,,
train,SL16,ydfid/SL16/train/good/ydfid_train_003933.bmp,,0,True,05ef277a9a6ca1dbb3ef8e662549a56280763dba4489c6fdf2bf83e6fb664627,512,512,,,,,,,,,
train,SL16,ydfid/SL16/train/good/ydfid_train_003934.bmp,,0,True,4ec4eb9b8195a5819d4f20b44dd0ae77b56ec5df66fa3970433e84e18b7eb891,512,512,,,,,,,,,
train,SL16,ydfid/SL16/train/good/ydfid_train_003935.bmp,,0,True,ac20d0848f89344bb6ae60586c315593ca4672275eaf4a74dddcc18980854180,512,512,,,,,,,,,
train,SL16,ydfid/SL16/train/good/ydfid_train_003936.bmp,,0,True,199d3d608f40fa2865791bf586c415e6f3fede82f6301a769afbd04c902d68e6,512,512,,,,,,,,,
train,SL16,ydfid/SL16/train/good/ydfid_train_003937.bmp,,0,True,e81777cb62bc28788c2cb41a42956b54b4779cf7b9639e1a31da3d389d41939d,512,512,,,,,,,,,
train,SL16,ydfid/SL16/train/good/ydfid_train_003938.bmp,,0,True,e52493f53c2f057d722dbed2d43ccbef412d86a44e8f0b8f4f54dd4120e452b7,512,512,,,,,,,,,
train,SL16,ydfid/SL16/train/good/ydfid_train_003939.bmp,,0,True,410e1b3545170ac03a0a59657d0d9e69da418bb76a1010185a32f3e088f45b7e,512,512,,,,,,,,,
train,SL16,ydfid/SL16/train/good/ydfid_train_003940.bmp,,0,True,d3351117e40a84cac344462214c1728ee5791e281b04506acb938a3f091f532c,512,512,,,,,,,,,
train,SL16,ydfid/SL16/train/good/ydfid_train_003941.bmp,,0,True,ce1c257dfc6941546bc6ee7d6ffa7b5584a823034b086b4eb8760073da6ae33e,512,512,,,,,,,,,
train,SL16,ydfid/SL16/train/good/ydfid_train_003942.bmp,,0,True,7e9401aa66fe83d9cccca519e1061f409320b13d3f3beac9c052fe5aca645bf8,512,512,,,,,,,,,
train,SL16,ydfid/SL16/train/good/ydfid_train_003943.bmp,,0,True,58100fa019c125dcbe03bd73566b65430867696d0912155ce92ebf31cb526310,512,512,,,,,,,,,
train,SL16,ydfid/SL16/train/good/ydfid_train_003944.bmp,,0,True,61855cf712bdaee2717cb98cdc88b5ece96c79a6b28a2082ee33f8dd4e0134d6,512,512,,,,,,,,,
train,SL16,ydfid/SL16/train/good/ydfid_train_003945.bmp,,0,True,c3730bceb1a23872ced9d79285bb62a2810a7e7bec54aae08ef9b8030bad13f7,512,512,,,,,,,,,
train,SL16,ydfid/SL16/train/good/ydfid_train_003946.bmp,,0,True,ceb3f49241c89b6d054f435960abe657eec05fcdca07901f0523a7acd4625665,512,512,,,,,,,,,
train,SL16,ydfid/SL16/train/good/ydfid_train_003947.bmp,,0,True,1c6bd7f1b80039f04a954aa938be7ac235f4fa051feb5c88e28dd3e688edc8d4,512,512,,,,,,,,,
train,SL16,ydfid/SL16/train/good/ydfid_train_003948.bmp,,0,True,e3745b7321752844884b4309c1c222a49aeb82b6b97ec8f59cd36c465db71e7a,512,512,,,,,,,,,
train,SL16,ydfid/SL16/train/good/ydfid_train_003949.bmp,,0,True,75d200f0e699b4628f8de5db585c2f63bfffe783023bf0be8a990becfe7619eb,512,512,,,,,,,,,
train,SL16,ydfid/SL16/train/good/ydfid_train_003950.bmp,,0,True,44353d9470f1e57df5e68c8929d87fd03ce873f223359c4ceec2167b1768f2ea,512,512,,,,,,,,,
train,SL16,ydfid/SL16/train/good/ydfid_train_003951.bmp,,0,True,194d2bb282b7850f2f66b9a96811b146095399f58f4595692a3f51bf4e8223fe,512,512,,,,,,,,,
train,SL16,ydfid/SL16/train/good/ydfid_train_003952.bmp,,0,True,38637c80b45710ab947e36c3e09f826b9727b11668312861b2b74dede5a90f0a,512,512,,,,,,,,,
train,SL16,ydfid/SL16/train/good/ydfid_train_003953.bmp,,0,True,163a8e5748c39076478cb9b72dca9ccbea5944d040ac63046a151913377617b5,512,512,,,,,,,,,
train,SL16,ydfid/SL16/train/good/ydfid_train_003954.bmp,,0,True,0b3436d9ddf969f7103efafe74dd18993e5a75ab9621912573200d2bf1735806,512,512,,,,,,,,,
train,SL16,ydfid/SL16/train/good/ydfid_train_003955.bmp,,0,True,3c91e2dace539bfe8429fa24fd91ae6f33da948e35821828b4ab25a11e938909,512,512,,,,,,,,,
train,SL16,ydfid/SL16/train/good/ydfid_train_003956.bmp,,0,True,532089ec4101564343ffeb7ba446aa674598aecce2db17e506b6ee65a99bca6b,512,512,,,,,,,,,
train,SL16,ydfid/SL16/train/good/ydfid_train_003957.bmp,,0,True,91d9a025ee2d88c6ac3acc11b84fd10978a5a94f5f8335275f021d0077460cf4,512,512,,,,,,,,,
train,SL16,ydfid/SL16/train/good/ydfid_train_003958.bmp,,0,True,9b059281077088e5c439dd27fc5dbe341b009310ca6ced3c11fc61857e7036cd,512,512,,,,,,,,,
train,SL16,ydfid/SL16/train/good/ydfid_train_003959.bmp,,0,True,9982071b1060b32663fc1bf008a3b25f9a1651cca958c5604c4c1e90f2a4709e,512,512,,,,,,,,,
train,SL16,ydfid/SL16/train/good/ydfid_train_003960.bmp,,0,True,d022819dffe23bfbe96f09a8f69fd8e81bab181ea242164f4424412dfa0a5c5b,512,512,,,,,,,,,
train,SL16,ydfid/SL16/train/good/ydfid_train_003961.bmp,,0,True,ee42990dd372c3fe9a66561004c332365fd20c19b147b737b8ab82e1f55daf59,512,512,,,,,,,,,
train,SL16,ydfid/SL16/train/good/ydfid_train_003962.bmp,,0,True,2723f60ad3bbb54301f40e6a1bd199cede4128cc77e379962ebb887763c215f8,512,512,,,,,,,,,
train,SL16,ydfid/SL16/train/good/ydfid_train_003963.bmp,,0,True,070a098065b3fc465ccdcdf2547520587cbf3c345078d7b4f35e49ba6911ba63,512,512,,,,,,,,,
train,SL16,ydfid/SL16/train/good/ydfid_train_003964.bmp,,0,True,696ca24ecba100fc81e76c7df346930f3195dd3cb326ead278544f957c8d7543,512,512,,,,,,,,,
train,SL16,ydfid/SL16/train/good/ydfid_train_003965.bmp,,0,True,09c1a043047c6ed74b4bdd55a64897fbb7b33860d701d7c3c2e517c14310fc32,512,512,,,,,,,,,
train,SL16,ydfid/SL16/train/good/ydfid_train_003966.bmp,,0,True,b3b62ed27405a35a6723beaea93c79c61377e6b7747012236baf815eba62f21b,512,512,,,,,,,,,
train,SL16,ydfid/SL16/train/good/ydfid_train_003967.bmp,,0,True,f0af4eed682506434bb1067d91957768a6a2f522d62ee079a6ec7006ad5198c6,512,512,,,,,,,,,
train,SL16,ydfid/SL16/train/good/ydfid_train_003968.bmp,,0,True,9b3cad0c3098d2b015b6f00ce6bebd492d245bb1c56c3630565d23ff65d8de07,512,512,,,,,,,,,
train,SL16,ydfid/SL16/train/good/ydfid_train_003969.bmp,,0,True,2734c614b01e3edab8a4d7d41164b9874a5768a130d98a2e62f91217e86171be,512,512,,,,,,,,,
train,SL16,ydfid/SL16/train/good/ydfid_train_003970.bmp,,0,True,4688ca59e8471754673f818411585ae5a8eb4ef8d751e3c4e042681233a6ab2e,512,512,,,,,,,,,
train,SL16,ydfid/SL16/train/good/ydfid_train_003971.bmp,,0,True,48211f48a97e4940039441ff2ebbc68a86c79f9b6546b0cba2c8c79dfffe0ada,512,512,,,,,,,,,
train,SL16,ydfid/SL16/train/good/ydfid_train_003972.bmp,,0,True,2df5b9a4e3ac8c903e978505ab138ccc4485dd228ea90756d531f9635a649c60,512,512,,,,,,,,,
train,SL16,ydfid/SL16/train/good/ydfid_train_003973.bmp,,0,True,593ffa9b3704597cce34a5ae4dc7de7b67b5a56f6b46c029bef21af72e334dc0,512,512,,,,,,,,,
train,SL16,ydfid/SL16/train/good/ydfid_train_003974.bmp,,0,True,69ffe538bb82a4bc6dd38eb0b4b77cd08ab35377969622cc120e2a88921c0cc0,512,512,,,,,,,,,
train,SL16,ydfid/SL16/train/good/ydfid_train_003975.bmp,,0,True,a59adbb6c1eb18ce3b4f938817458b8ea7d104e63e996047747968d94fe9129a,512,512,,,,,,,,,
train,SL16,ydfid/SL16/train/good/ydfid_train_003976.bmp,,0,True,ebf23347a4fafc02ff69478cb463fd75bb31639fa639a512638d607f5bbdf255,512,512,,,,,,,,,
train,SL16,ydfid/SL16/train/good/ydfid_train_003977.bmp,,0,True,5de2dbc151ebc02deea9614cdb29fde08a3563f4fae5b088c4a6ac77fd2ec56b,512,512,,,,,,,,,
train,SL16,ydfid/SL16/train/good/ydfid_train_003978.bmp,,0,True,6527adabdee4895155a4363a43335d1e8e7968e6385a24de6e6a3054b58ca7ab,512,512,,,,,,,,,
train,SL16,ydfid/SL16/train/good/ydfid_train_003979.bmp,,0,True,d16038662716cdedd1b98ac35eb2fbea66e383e66c10378cdcf2575b0746bd67,512,512,,,,,,,,,
train,SL16,ydfid/SL16/train/good/ydfid_train_003980.bmp,,0,True,5cae49b4b092e86be1eb7280bb90d7e48f4f74bbf61482b39ff2e54d5723b0a1,512,512,,,,,,,,,
train,SL16,ydfid/SL16/train/good/ydfid_train_003981.bmp,,0,True,1636fc9f561cf93656fb0f50ce477441871433ad7687c838c5c4a145fb5d7a86,512,512,,,,,,,,,
train,SL16,ydfid/SL16/train/good/ydfid_train_003982.bmp,,0,True,00ad15aa6a8f9f2637df27238a41d32084be0e1fceb70a383c5aab78f28afbac,512,512,,,,,,,,,
train,SL16,ydfid/SL16/train/good/ydfid_train_003983.bmp,,0,True,d3d50396617d64cae15ec96dce6661325e0f987382d047807adb4edd3cd94b25,512,512,,,,,,,,,
train,SL16,ydfid/SL16/train/good/ydfid_train_003984.bmp,,0,True,bab806854929a4f7f442ea8a32890e42bc91ec6437afeb1e69c72e7e0ae0216b,512,512,,,,,,,,,
train,SL16,ydfid/SL16/train/good/ydfid_train_003985.bmp,,0,True,8226947157b0b8444f95c1ac049af3b2872d42fdc01c454b28e8fa2fef4f8568,512,512,,,,,,,,,
train,SL16,ydfid/SL16/train/good/ydfid_train_003986.bmp,,0,True,98e2ea7029e105b459023212a862bddc53b6a3deb8a0e0aec5bc46caee191cdd,512,512,,,,,,,,,
train,SL16,ydfid/SL16/train/good/ydfid_train_003987.bmp,,0,True,874a23e08792eddb0834fee6d66e7f47dfeedd3985be569d54eef3473bc6dd8b,512,512,,,,,,,,,
train,SL16,ydfid/SL16/train/good/ydfid_train_003988.bmp,,0,True,dc28e9f48f1f6f45968d557f6d925a427e8792ebed7adf3cccecdaba24151f0f,512,512,,,,,,,,,
train,SL16,ydfid/SL16/train/good/ydfid_train_003989.bmp,,0,True,9f74b99563f9762a0e07e46a4a913a9ad24de49b629fa542ea866ecf28491a0a,512,512,,,,,,,,,
train,SL16,ydfid/SL16/train/good/ydfid_train_003990.bmp,,0,True,f96f3fe10008c5565b1fb7267971095a0134af50ee1db04a2263aef0bba4bdb9,512,512,,,,,,,,,
train,SL16,ydfid/SL16/train/good/ydfid_train_003991.bmp,,0,True,4433223563df5c8f45b651341a0176dbe088614b27747bb9bd47789d1c256a7e,512,512,,,,,,,,,
train,SL16,ydfid/SL16/train/good/ydfid_train_003992.bmp,,0,True,b90ff87b6a34e27578b772483e094ebf80efa247658c3bd6bf873ca9cef5a41b,512,512,,,,,,,,,
train,SL16,ydfid/SL16/train/good/ydfid_train_003993.bmp,,0,True,8af51ed95667dd0342750dc5f0ca9e383af7dcf51cd080501d16a77b2d8e0de8,512,512,,,,,,,,,
train,SL16,ydfid/SL16/train/good/ydfid_train_003994.bmp,,0,True,d037342020124a7b3fe24ac28e4c5bdc2101dbdc23e2d4da28f1aa4cc5b065ca,512,512,,,,,,,,,
train,SL16,ydfid/SL16/train/good/ydfid_train_003995.bmp,,0,True,981737dd0741d449aac47dd206671a3bb02590d8f5008c555bffad0a00944814,512,512,,,,,,,,,
train,SL16,ydfid/SL16/train/good/ydfid_train_003996.bmp,,0,True,7e07b1a7ed445e78b56d96866c0d9c8134900bcfad6f4d7b2284f34530732e39,512,512,,,,,,,,,
train,SL16,ydfid/SL16/train/good/ydfid_train_003997.bmp,,0,True,16306c4f924c433649c45d4cccb7c0b3fd8aa28c3a83e7a4097d35ec58644b94,512,512,,,,,,,,,
train,SL16,ydfid/SL16/train/good/ydfid_train_003998.bmp,,0,True,60d8dbc62d4e528a19cf5a6477ae08a00e308234e5e4aef173fe828c184d2106,512,512,,,,,,,,,
train,SL16,ydfid/SL16/train/good/ydfid_train_003999.bmp,,0,True,bad874a405295522d69fbc8e4529640f3abe25b87397aae3d083c4d7741dc714,512,512,,,,,,,,,
train,SL16,ydfid/SL16/train/good/ydfid_train_004000.bmp,,0,True,2290d083cc1d7e21448d8654f02c5b94fab1284a33da7bd1bc7918d6627edeca,512,512,,,,,,,,,
train,SL16,ydfid/SL16/train/good/ydfid_train_004001.bmp,,0,True,dffe265821ffeb0c922a4656cf7792778674ed3a9c1265438889653020a7863c,512,512,,,,,,,,,
train,SL16,ydfid/SL16/train/good/ydfid_train_004002.bmp,,0,True,4eb8894e15904c7cb468e2d155e25d52887e1281de0c1cab411a0e59dea73808,512,512,,,,,,,,,
train,SL16,ydfid/SL16/train/good/ydfid_train_004003.bmp,,0,True,de85522af7727479d398b17f0dc2eb96eebb91ff25dedf7f8d5e053458acb802,512,512,,,,,,,,,
train,SL16,ydfid/SL16/train/good/ydfid_train_004004.bmp,,0,True,7676fbdb243eea6c1a4dffcf65732fc2fe85daf1d41221c9245c767465eeb57e,512,512,,,,,,,,,
train,SL16,ydfid/SL16/train/good/ydfid_train_004005.bmp,,0,True,1085c7169c0328fbd2a25ef06a6fefef2560abdc9bddcf4f9706be2364a26bd2,512,512,,,,,,,,,
train,SL16,ydfid/SL16/train/good/ydfid_train_004006.bmp,,0,True,b4910ed9cc06859c7cbeab968218e5567423f5d46398212572f779ca1217ddd2,512,512,,,,,,,,,
train,SL16,ydfid/SL16/train/good/ydfid_train_004007.bmp,,0,True,69c4c51e0c4d83ccc3b206e971a1fb2f683f587e9b19b2805086f5f861c4d47d,512,512,,,,,,,,,
train,SL16,ydfid/SL16/train/good/ydfid_train_004008.bmp,,0,True,5ab3e229616bbc7e4b1f6a1d65f8236645c19c3a76f43a8df3a0324e6e8afb0d,512,512,,,,,,,,,
train,SL16,ydfid/SL16/train/good/ydfid_train_004009.bmp,,0,True,a8e12b90ca3c5eed507007933adfbbfd2e2f9e97dbfe64a8345cc7ddd37eb423,512,512,,,,,,,,,
train,SL16,ydfid/SL16/train/good/ydfid_train_004010.bmp,,0,True,a71ff5ad54090003c2b1e72aba0e0b8edae595ac2b46c008cf284c8f0cf5b1b9,512,512,,,,,,,,,
train,SL16,ydfid/SL16/train/good/ydfid_train_004011.bmp,,0,True,dad920535f1b088bcf60acf886c2502a1a144358e6441f142aa2b90f626d3dc7,512,512,,,,,,,,,
train,SL16,ydfid/SL16/train/good/ydfid_train_004012.bmp,,0,True,234bffa2e7547f9ad9579970f5781423ba590c7da142b950d0d0123f693147fb,512,512,,,,,,,,,
train,SL16,ydfid/SL16/train/good/ydfid_train_004013.bmp,,0,True,f147097b0c486ac51320d3d06f6d25bd52ca40b7c0588e9987836cf25ccd2c53,512,512,,,,,,,,,
train,SL8,ydfid/SL8/train/good/ydfid_train_004174.bmp,,0,True,2a33319e85f08d6ab803b154238551a4ccfbe31f7fa49243427f0f5cfd019a5b,512,512,,,,,,,,,
train,SL8,ydfid/SL8/train/good/ydfid_train_004175.bmp,,0,True,1ba4ef1b53488115eb828f190f88e5b0df722a524704cd805a511a799b1989f6,512,512,,,,,,,,,
train,SL8,ydfid/SL8/train/good/ydfid_train_004176.bmp,,0,True,6f890bb1451bfb2ff155bd6a0ec9eecd5938a3b4c365e5cac33bcf6f0240a34d,512,512,,,,,,,,,
train,SL8,ydfid/SL8/train/good/ydfid_train_004177.bmp,,0,True,592a2369495d4c75788e5853bb18d1438c750b8121b3d24e5bc75c744c695854,512,512,,,,,,,,,
train,SL8,ydfid/SL8/train/good/ydfid_train_004178.bmp,,0,True,6ecbdaf720650418ce2cb1cf28a0ef49677f9eae78e7034a4b6ddaaa3cdd71dd,512,512,,,,,,,,,
train,SL8,ydfid/SL8/train/good/ydfid_train_004179.bmp,,0,True,bedac7f00cc287d13d8d475caed6b2c8ccc03e00f9a601a1162be606f31a58cc,512,512,,,,,,,,,
train,SL8,ydfid/SL8/train/good/ydfid_train_004180.bmp,,0,True,e3ef14e448341dc9e6daa1758900b6e6028d95734333e6d72fd68e0756ed91b0,512,512,,,,,,,,,
train,SL8,ydfid/SL8/train/good/ydfid_train_004181.bmp,,0,True,791380da3356335ad420d6e940d0eb76cb1cad50b5ab7215acecb8ec59eaf276,512,512,,,,,,,,,
train,SL8,ydfid/SL8/train/good/ydfid_train_004182.bmp,,0,True,171658b8a7af5a1c9fdc267601a3651861af188c5b9af3fb6243dbcf0cf69deb,512,512,,,,,,,,,
train,SL8,ydfid/SL8/train/good/ydfid_train_004183.bmp,,0,True,7c37868b9b98cec799f24ec6b5896aec8bf65cfbb7ec8c5a0324245d5ddad95a,512,512,,,,,,,,,
train,SL8,ydfid/SL8/train/good/ydfid_train_004184.bmp,,0,True,9286193be254b7ea0cfb29281991236aa25222627fc1e325e1e8a75e074c317b,512,512,,,,,,,,,
train,SL8,ydfid/SL8/train/good/ydfid_train_004185.bmp,,0,True,a52c20941acd7099c4d83286962d6a20c9e4736ea4663941ef37d61d736b29f4,512,512,,,,,,,,,
train,SL8,ydfid/SL8/train/good/ydfid_train_004186.bmp,,0,True,c20d9080b0d30ca59dbf37a23688e448384808394079b7705fee541707fff9dc,512,512,,,,,,,,,
train,SL8,ydfid/SL8/train/good/ydfid_train_004187.bmp,,0,True,e9ab991a7076584ab2bfad881261670cca01de56abf201adc9f8b2b511763263,512,512,,,,,,,,,
train,SL8,ydfid/SL8/train/good/ydfid_train_004188.bmp,,0,True,f727b963b5163dbbdcfe5e45a3fd14b6d348148cd0f44503a91161f7f14f0097,512,512,,,,,,,,,
train,SL8,ydfid/SL8/train/good/ydfid_train_004189.bmp,,0,True,6e7408956122dbf754d580c11c9a6f5fc6a7e28bbb0f0f4c58ab340cb03648ac,512,512,,,,,,,,,
train,SL8,ydfid/SL8/train/good/ydfid_train_004190.bmp,,0,True,5142b5fb5e8acac070e1def230172278166231f82d51f58ec475b3a9c2577f52,512,512,,,,,,,,,
train,SL8,ydfid/SL8/train/good/ydfid_train_004191.bmp,,0,True,150cc48f9e26bd5176782cca3775d6e2f0fea8dbe9e88ff53e402d9faecd75eb,512,512,,,,,,,,,
train,SL8,ydfid/SL8/train/good/ydfid_train_004192.bmp,,0,True,65ec0a9073aeefb8e030f5067986fd0517ba0ebd7c77084ef19da67fc43db661,512,512,,,,,,,,,
train,SL8,ydfid/SL8/train/good/ydfid_train_004193.bmp,,0,True,67a5f1574004173c3698111138770d7cb8dce44debcd569f44143dd5cf1bce04,512,512,,,,,,,,,
train,SL8,ydfid/SL8/train/good/ydfid_train_004194.bmp,,0,True,647fd66aab79ed197341c59896981fc3ffb902eb81fcb5879513cc22386e591b,512,512,,,,,,,,,
train,SL8,ydfid/SL8/train/good/ydfid_train_004195.bmp,,0,True,4a9d13d3eb01406ebd9fa4799e08e812143236ff74f007c69f52923211f7229e,512,512,,,,,,,,,
train,SL8,ydfid/SL8/train/good/ydfid_train_004196.bmp,,0,True,ed2f2289eeb1ec3377c905d900fb2a7a2e1777160a5e9f83ee3a203c5904a6a9,512,512,,,,,,,,,
train,SL8,ydfid/SL8/train/good/ydfid_train_004197.bmp,,0,True,66d96e9b35c9e29a4fed2ac159791ea5403e065d76e099acaf28d4aeda9d46f1,512,512,,,,,,,,,
train,SL8,ydfid/SL8/train/good/ydfid_train_004198.bmp,,0,True,a79b60caa979dfb730308a8590197f58a0ff7a3b90277a308fcef075ff26834b,512,512,,,,,,,,,
train,SL8,ydfid/SL8/train/good/ydfid_train_004199.bmp,,0,True,9df2c207fc1f725e661f84aed56f3d965e4f633c14d73ca6701e845438d107cd,512,512,,,,,,,,,
train,SL8,ydfid/SL8/train/good/ydfid_train_004200.bmp,,0,True,724639876ec91173d75ed8cd8e1ce68804be9798d2feb534c8494d79d5539dc5,512,512,,,,,,,,,
train,SL8,ydfid/SL8/train/good/ydfid_train_004201.bmp,,0,True,16ef91c357e5452f284e9f95a0fb7c8d364a0f1a3651ff1d3f00b4ef70fddcaf,512,512,,,,,,,,,
train,SL8,ydfid/SL8/train/good/ydfid_train_004202.bmp,,0,True,60ba53f76887317ef50ecbd9b2ca9b850fecbd4b10b01e2389eed2874a9979bd,512,512,,,,,,,,,
train,SL8,ydfid/SL8/train/good/ydfid_train_004203.bmp,,0,True,b023d684591def725f23640ebdfcb7042fd2eac197defd429a21b145ebe093d2,512,512,,,,,,,,,
train,SL8,ydfid/SL8/train/good/ydfid_train_004204.bmp,,0,True,ef0035ad324329c6d081c8ded942cdf652fe9665a11429397527183950421c8b,512,512,,,,,,,,,
train,SL8,ydfid/SL8/train/good/ydfid_train_004205.bmp,,0,True,670a0f149eec1409a6898247535de8d7a66a9e9e423cd98a56611dce366274b6,512,512,,,,,,,,,
train,SL8,ydfid/SL8/train/good/ydfid_train_004206.bmp,,0,True,1db207bb5e6809363e695f3b6c261aa9bbe14f6bbbc12c082206cbd2febcbb51,512,512,,,,,,,,,
train,SL8,ydfid/SL8/train/good/ydfid_train_004207.bmp,,0,True,c571495887b8f2acb6870d9d48f74b7936880fa66d387f509fb84ed168c0abb6,512,512,,,,,,,,,
train,SL8,ydfid/SL8/train/good/ydfid_train_004208.bmp,,0,True,50ccb8ea2b70c16dac5909ad369aac54652a978180d0e91076fb9fff713b920a,512,512,,,,,,,,,
train,SL8,ydfid/SL8/train/good/ydfid_train_004209.bmp,,0,True,a2408c31ac3c75bdca93c76817e1100191a382cbeab37f552f1f69ff96bc6d85,512,512,,,,,,,,,
train,SL8,ydfid/SL8/train/good/ydfid_train_004210.bmp,,0,True,48605f5d735b853500a4b8c9e94356dadfbf37243f7dc37d0b9f59ffc10e28bc,512,512,,,,,,,,,
train,SL8,ydfid/SL8/train/good/ydfid_train_004211.bmp,,0,True,9456c0bb2d63ee105b01c0914a937f27378358b61a961ec8e273421bc20e682a,512,512,,,,,,,,,
train,SL8,ydfid/SL8/train/good/ydfid_train_004212.bmp,,0,True,068d2d569aedf2c6ebafe9f61bb9d06973963cbacf0d7152bb31180362cf138f,512,512,,,,,,,,,
train,SL8,ydfid/SL8/train/good/ydfid_train_004213.bmp,,0,True,4be9b48e81c68366ad975055f0a17379c1724aea472001f57fff608bed894b63,512,512,,,,,,,,,
train,SL8,ydfid/SL8/train/good/ydfid_train_004214.bmp,,0,True,63aa311ce4d16c1885943782ec8a5790c45b1d6d2feb080c30bd0229899978ad,512,512,,,,,,,,,
train,SL8,ydfid/SL8/train/good/ydfid_train_004215.bmp,,0,True,d1f25f7ef06dee8d1a6548080f6ee016fa7f8dd212e0d9d2f29d81405f5a7710,512,512,,,,,,,,,
train,SL8,ydfid/SL8/train/good/ydfid_train_004216.bmp,,0,True,710319893080b385c756242d002f011ea3754b0aafa215b3d09a03b05da74858,512,512,,,,,,,,,
train,SL8,ydfid/SL8/train/good/ydfid_train_004217.bmp,,0,True,7aaf433946bbc7dd78ebf9a9a4ec15e13019e5416cb0a3939547d0221ea249a0,512,512,,,,,,,,,
train,SL8,ydfid/SL8/train/good/ydfid_train_004218.bmp,,0,True,33058db4954ce9b99abf55aab9b39bf4b4ff2b35c00623507449920b15322f6e,512,512,,,,,,,,,
train,SL8,ydfid/SL8/train/good/ydfid_train_004219.bmp,,0,True,19cb4f268694c80164334b35d8f5aaacac707ddea87b6fefaeae952b18fb758d,512,512,,,,,,,,,
train,SL8,ydfid/SL8/train/good/ydfid_train_004220.bmp,,0,True,fe86292f5772ebcdf0d7a18d9c5aeb6b4a5e372eeb8d02ce58bb6a92cec63b7f,512,512,,,,,,,,,
train,SL8,ydfid/SL8/train/good/ydfid_train_004221.bmp,,0,True,dae9c09b4afceac2b726604284a130bf751e5084826f555cb9f4f0892cc35623,512,512,,,,,,,,,
train,SL8,ydfid/SL8/train/good/ydfid_train_004222.bmp,,0,True,7b2390a2b8f7aefbbadbfe64f144ddf7bdca6c4490af31846d3ba8cd8ae10ebf,512,512,,,,,,,,,
train,SL8,ydfid/SL8/train/good/ydfid_train_004223.bmp,,0,True,a028df0b5b461f598fdcbb279d33d06eeb2624134d16510f155b0be1a22e1fde,512,512,,,,,,,,,
train,SL8,ydfid/SL8/train/good/ydfid_train_004224.bmp,,0,True,c67024318b395ad49626fb91c04102f6494725e88ec07f6bb141cc488dbf5f44,512,512,,,,,,,,,
train,SL8,ydfid/SL8/train/good/ydfid_train_004225.bmp,,0,True,15f52d7fdc7d0efc0b7168d9c79a6f626611819301cf7ae60e8f8bc2cf02222c,512,512,,,,,,,,,
train,SL8,ydfid/SL8/train/good/ydfid_train_004226.bmp,,0,True,ca2f193cec8f2ab855db8dae25b67d7ac965ade2e4691400ab7f75e7c8e80142,512,512,,,,,,,,,
train,SL8,ydfid/SL8/train/good/ydfid_train_004227.bmp,,0,True,39b50505258822d7588eac36810cb33def79aaa7f85262afd767b0ca18863b8c,512,512,,,,,,,,,
train,SL8,ydfid/SL8/train/good/ydfid_train_004228.bmp,,0,True,5d7cb51ce792ba135f0d78bdf64b7bda557c85ce69c76e88c651e8f1fa20dce2,512,512,,,,,,,,,
train,SL8,ydfid/SL8/train/good/ydfid_train_004229.bmp,,0,True,b5fe67c658a49674f663aa87acd079894bea300fed0e2437fdecd01c7ea50ea3,512,512,,,,,,,,,
train,SL8,ydfid/SL8/train/good/ydfid_train_004230.bmp,,0,True,31cbcb4965fc4eafe31770a3dbed74888e27f9e353e807a0d9ec36a4449ee317,512,512,,,,,,,,,
train,SL8,ydfid/SL8/train/good/ydfid_train_004231.bmp,,0,True,009328c32b47d38c861e53564d1c27e0ae7e515acf324ab53852c8638f7fe59d,512,512,,,,,,,,,
train,SL8,ydfid/SL8/train/good/ydfid_train_004232.bmp,,0,True,bdd8bc78ca9650a1d524b29776f3902aa1eef6c643661cc5cc496246a737fdd1,512,512,,,,,,,,,
train,SL8,ydfid/SL8/train/good/ydfid_train_004233.bmp,,0,True,96e3482125269d7b47d53001aa40e1b62b925bb2a316450a9c0764cb3a6312ea,512,512,,,,,,,,,
train,SL8,ydfid/SL8/train/good/ydfid_train_004234.bmp,,0,True,d18657190c39a916facf815ca5296ce1090ed93aa0d23e5c65d967baf7432a73,512,512,,,,,,,,,
train,SL8,ydfid/SL8/train/good/ydfid_train_004235.bmp,,0,True,5f4f3d16b94dea6a4e3eba225e323cf042e9cc149e1449107e1535140fe391d1,512,512,,,,,,,,,
train,SL8,ydfid/SL8/train/good/ydfid_train_004236.bmp,,0,True,c40e505d7250214799520781d23b443ecdd681cf434b79e742003ba25636ba5d,512,512,,,,,,,,,
train,SL8,ydfid/SL8/train/good/ydfid_train_004237.bmp,,0,True,42b7fce035693b56d0dc3488e5f63c1687097f3ffef767fd5896ad03890c27c8,512,512,,,,,,,,,
train,SL8,ydfid/SL8/train/good/ydfid_train_004238.bmp,,0,True,153616648a68ca3ea9382dadad22ba4abe8446b8284c2ff9767d63d79fb0db1d,512,512,,,,,,,,,
train,SL8,ydfid/SL8/train/good/ydfid_train_004239.bmp,,0,True,38ced7edae3a43bfb5743848f52848a212185474b722d1405136ba4056e78f72,512,512,,,,,,,,,
train,SL8,ydfid/SL8/train/good/ydfid_train_004240.bmp,,0,True,d112d079ce617792b99c322e273792c05c328cf44213dfb2e84b944e8a290ffd,512,512,,,,,,,,,
train,SL8,ydfid/SL8/train/good/ydfid_train_004241.bmp,,0,True,8fa8d0e41b2f1c555441f8081a215aa933de39f1da0523324dd09619408f0235,512,512,,,,,,,,,
train,SL8,ydfid/SL8/train/good/ydfid_train_004242.bmp,,0,True,d04e58730650f1433ac79d501a9acb66117f952f46a84eff66d1f22ae2e550a0,512,512,,,,,,,,,
train,SL8,ydfid/SL8/train/good/ydfid_train_004243.bmp,,0,True,61ad43fa22cdb54f05bf1058b0cb540c241f611ac9cf5c752b5301cfce0bfde2,512,512,,,,,,,,,
train,SL8,ydfid/SL8/train/good/ydfid_train_004244.bmp,,0,True,6e52ed27a4519eec3aba9849bdbd4bd2740a3f648ee9de6529cc15b7dbdc5a37,512,512,,,,,,,,,
train,SL8,ydfid/SL8/train/good/ydfid_train_004245.bmp,,0,True,9ee93841f72b41b412681a3115d6bf78482fbe284aa1f9ffd671226eeca69815,512,512,,,,,,,,,
train,SL8,ydfid/SL8/train/good/ydfid_train_004246.bmp,,0,True,e4f850682327b77b60e2dac5809c3b53735c608f430642c88ed48d0715844686,512,512,,,,,,,,,
train,SL8,ydfid/SL8/train/good/ydfid_train_004247.bmp,,0,True,b93ab5cced7b9081b05f6bcce09547ec2bc3397429d7bd7bc831dc631f92d5b0,512,512,,,,,,,,,
train,SL8,ydfid/SL8/train/good/ydfid_train_004248.bmp,,0,True,7ea4523b8c8b4c482e3f33d359ea21ec155fb8da88ac62306df134a3470afead,512,512,,,,,,,,,
train,SL8,ydfid/SL8/train/good/ydfid_train_004249.bmp,,0,True,633bf7259f58b406a42124d605c62917439afd1916c9d7d2b545c519bf847285,512,512,,,,,,,,,
train,SL8,ydfid/SL8/train/good/ydfid_train_004250.bmp,,0,True,377cea7eb2a707de238d9e5752d9f1a902917dc7530fe938d70c74b64bae0491,512,512,,,,,,,,,
train,SL8,ydfid/SL8/train/good/ydfid_train_004251.bmp,,0,True,ba0c42994c164f6ddadb1c9e1a43e3355ed0c903755e2b901261222f3512af2f,512,512,,,,,,,,,
train,SL8,ydfid/SL8/train/good/ydfid_train_004252.bmp,,0,True,72dcd177cb6d65200b7aafe215cefbb15a325403aa999172214e6f4e509e6d4a,512,512,,,,,,,,,
train,SL8,ydfid/SL8/train/good/ydfid_train_004253.bmp,,0,True,23b0a78ee6f6d27fa1572085145901b4a0f9ea9df28c7f7061ce4347feb24cce,512,512,,,,,,,,,
train,SL8,ydfid/SL8/train/good/ydfid_train_004254.bmp,,0,True,f42a386af816fccea19e4bb2793bed2b49a32e1f769f5beb94909e7b81e836d5,512,512,,,,,,,,,
train,SL8,ydfid/SL8/train/good/ydfid_train_004255.bmp,,0,True,ba9bd0a73aba39255b14e4fe73226fa2835d4a795b4835c589057f6e16974806,512,512,,,,,,,,,
train,SL8,ydfid/SL8/train/good/ydfid_train_004256.bmp,,0,True,e0f176c933e0f3d031c6caf61c23ea68a03b30465448370e288f6afd2e757eb3,512,512,,,,,,,,,
train,SL8,ydfid/SL8/train/good/ydfid_train_004257.bmp,,0,True,d04b6b8398ac204a62b78fac6cb0377cf968f34114ecfe248804b8e4ca89476c,512,512,,,,,,,,,
train,SL8,ydfid/SL8/train/good/ydfid_train_004258.bmp,,0,True,d0ca4f2f245cc046c58e72a6a26de08f9215984ddf87899224bb02d0065c4284,512,512,,,,,,,,,
train,SL8,ydfid/SL8/train/good/ydfid_train_004259.bmp,,0,True,df2df933f26170d48cac66e708d42e34bd733ee2f4c8086621fbb3c12cd5d014,512,512,,,,,,,,,
train,SL8,ydfid/SL8/train/good/ydfid_train_004260.bmp,,0,True,3b3a013d01c8a125e6c2204b68790df3a4e6efeabfdaebe468990a013e128835,512,512,,,,,,,,,
train,SL8,ydfid/SL8/train/good/ydfid_train_004261.bmp,,0,True,7aa9b2acf789f6c853e34eb6bea50bca6ce1d4ef8a04a83c28dcc27b142a52bc,512,512,,,,,,,,,
train,SL8,ydfid/SL8/train/good/ydfid_train_004262.bmp,,0,True,67982793159234e2c8b25dfbc8836b3128435f2db5d79ba02f88cdfdb54f0346,512,512,,,,,,,,,
train,SL8,ydfid/SL8/train/good/ydfid_train_004263.bmp,,0,True,4a96cdc4e67a65ebd44651cad1968e9167ee4eea7a0d614738df24443e6d70e6,512,512,,,,,,,,,
train,SL8,ydfid/SL8/train/good/ydfid_train_004264.bmp,,0,True,f4b2a841da179e89797d956bd43295d72fe0fa27a162aa96616ac3e632e73584,512,512,,,,,,,,,
train,SL8,ydfid/SL8/train/good/ydfid_train_004265.bmp,,0,True,29a5447450c424961c90bf9e51abe523212e3eac9fad0e86346e91ba5d0b05ac,512,512,,,,,,,,,
train,SL8,ydfid/SL8/train/good/ydfid_train_004266.bmp,,0,True,4d932eb24cf5e553da5aa2ee1c3719409322e450d292cf0b6069aa4f58eaacf7,512,512,,,,,,,,,
train,SL8,ydfid/SL8/train/good/ydfid_train_004267.bmp,,0,True,797e0d71ee5fe7eb3876ea9ea04bb13b7562616c6ee7a2757dc44d5b6151e397,512,512,,,,,,,,,
train,SL8,ydfid/SL8/train/good/ydfid_train_004268.bmp,,0,True,e661ccdbdd81326a62ac496dd860008d11afb5edf5f74ed7fd0007436cf25575,512,512,,,,,,,,,
train,SL8,ydfid/SL8/train/good/ydfid_train_004269.bmp,,0,True,5e32f83fbf7dac9ad676d742710026ff5ecd1b8667c67ce98ed3417373284471,512,512,,,,,,,,,
train,SL8,ydfid/SL8/train/good/ydfid_train_004270.bmp,,0,True,d66aa77f209fb3094b8f8f2fde157cb602a9dcbd968c7d1cb972fd5146943df4,512,512,,,,,,,,,
train,SL8,ydfid/SL8/train/good/ydfid_train_004271.bmp,,0,True,1b96fb64da97fd554bf1fda01770d31a73858509b9940610092823a83f571aad,512,512,,,,,,,,,
train,SL8,ydfid/SL8/train/good/ydfid_train_004272.bmp,,0,True,df2c940fa8bd55dfefb71615da72e04f66e6ea1e590b81a49a27c4bf4a6c1d3a,512,512,,,,,,,,,
train,SL8,ydfid/SL8/train/good/ydfid_train_004273.bmp,,0,True,62df7356769ba059f12e5ba8f1dab205c2a699d8371df172576b2e580b1c1ef2,512,512,,,,,,,,,
train,SL8,ydfid/SL8/train/good/ydfid_train_004274.bmp,,0,True,9636f4908e08f2c331b3a51fef208ca400cbab1c80a0454f78316b3ad30e1c31,512,512,,,,,,,,,
train,SL8,ydfid/SL8/train/good/ydfid_train_004275.bmp,,0,True,7faa0c74357c42ad1813bb62e15b144b7dbbb9682eb50f7cc80edd3b70ab625c,512,512,,,,,,,,,
train,SL8,ydfid/SL8/train/good/ydfid_train_004276.bmp,,0,True,19982b06fbb2e7fbb0e0e5eb4e90dc21631f6be42635efed3802ccd1dde7a83b,512,512,,,,,,,,,
train,SL8,ydfid/SL8/train/good/ydfid_train_004277.bmp,,0,True,5dce91ae9a68c10200394916af914438b09b8457b5d3d302ed1a2efe47ef5b1f,512,512,,,,,,,,,
train,SL8,ydfid/SL8/train/good/ydfid_train_004278.bmp,,0,True,bfd9868844cc62ed14ce50f874d61e5395b58f48eb4c703c391f39992e63c5ff,512,512,,,,,,,,,
train,SL8,ydfid/SL8/train/good/ydfid_train_004279.bmp,,0,True,6bdd06f707a4876c324da4a69053ac617d103bdeda4a11e44d7c28bb171c5f58,512,512,,,,,,,,,
train,SL8,ydfid/SL8/train/good/ydfid_train_004280.bmp,,0,True,3a8b002759e942d19b335d1c02438c96ffc8d590bfd03c8f05c85414279b03ed,512,512,,,,,,,,,
train,SL8,ydfid/SL8/train/good/ydfid_train_004281.bmp,,0,True,f5db4381c8ba47430749b3588771532d4514cc53b65bc2889c909a27e5e632d9,512,512,,,,,,,,,
train,SL8,ydfid/SL8/train/good/ydfid_train_004282.bmp,,0,True,f940e7283ff2ba4976e49eee3155aecfe101ba4a4e20b487d42a6c0993820681,512,512,,,,,,,,,
train,SL8,ydfid/SL8/train/good/ydfid_train_004283.bmp,,0,True,ecdecde4e9e6b7c5f7aa1386434479ceb1d057da1ac365b03cbd8c127d716095,512,512,,,,,,,,,
train,SL8,ydfid/SL8/train/good/ydfid_train_004284.bmp,,0,True,0485c3abc9eab46095f5eff03245ed705fb55b65986549277702e2228708772e,512,512,,,,,,,,,
train,SL8,ydfid/SL8/train/good/ydfid_train_004285.bmp,,0,True,83c2db0cc541339d47b175253dc7381df9eed96489e8f2f4d78a791fba89499f,512,512,,,,,,,,,
train,SL8,ydfid/SL8/train/good/ydfid_train_004286.bmp,,0,True,219471174060c31dd8a505bcd5acf6141b8fe13965cebbaa716d955ec93bdf0c,512,512,,,,,,,,,
train,SL8,ydfid/SL8/train/good/ydfid_train_004287.bmp,,0,True,b1f27a351ad0da3bc13ca718e03672ea1a8ea2fdf434044f1f970b5555d73813,512,512,,,,,,,,,
train,SL8,ydfid/SL8/train/good/ydfid_train_004288.bmp,,0,True,fc25a54fe1a1affca69f57c25fe47fc3744219c3e032a59caf2aa328295ed4fe,512,512,,,,,,,,,
train,SL8,ydfid/SL8/train/good/ydfid_train_004289.bmp,,0,True,88bc492a3da71effb3623c9dcd6ef9ea2667a95f3616cc4a9e4db4c3d83fbde6,512,512,,,,,,,,,
train,SL8,ydfid/SL8/train/good/ydfid_train_004290.bmp,,0,True,63cfe3591d24422e2eaaaa93b5b6aabb876c12280c0c4d82e4e23c4af169f3cf,512,512,,,,,,,,,
train,SL8,ydfid/SL8/train/good/ydfid_train_004291.bmp,,0,True,751928a29fe097efec458b541040e235f63efed6ece256f22d538a1ae3c7230c,512,512,,,,,,,,,
train,SL8,ydfid/SL8/train/good/ydfid_train_004292.bmp,,0,True,af417dfe9531cc3808bdda35509293250c8d87f9fa17e9ba392364c859700512,512,512,,,,,,,,,
train,SL8,ydfid/SL8/train/good/ydfid_train_004293.bmp,,0,True,59f232ea5df95201088fe63760f5b815f3ea7656573cb963d2e8472cf7db231b,512,512,,,,,,,,,
train,SL8,ydfid/SL8/train/good/ydfid_train_004294.bmp,,0,True,7ab5b417e67ef9b82ebda700862e9aa7dc3cc06434411a6e703a8b1e4f6c0ac5,512,512,,,,,,,,,
train,SL8,ydfid/SL8/train/good/ydfid_train_004295.bmp,,0,True,6e2ebc6e09192da2fc79eecb95efa7fc134e346ddb32556f729435bde43f7e66,512,512,,,,,,,,,
train,SL8,ydfid/SL8/train/good/ydfid_train_004296.bmp,,0,True,77c0af4b4e0d460104e9094931db8ed024578b9caf8c5cf579376ca9c83e2984,512,512,,,,,,,,,
train,SL8,ydfid/SL8/train/good/ydfid_train_004297.bmp,,0,True,c8f29d81593c533e1e6f173341e42404ed0c4f828c477d9e256df9df7c01aab1,512,512,,,,,,,,,
train,SL8,ydfid/SL8/train/good/ydfid_train_004298.bmp,,0,True,c7c67d4abc40247d79d9f83aed37244480993dd89e31ba4f1444279b51376f42,512,512,,,,,,,,,
train,SL8,ydfid/SL8/train/good/ydfid_train_004299.bmp,,0,True,067f8a51c32eb8c8047fbec8537722c12664553f188af7ae1d6919abd7008d66,512,512,,,,,,,,,
train,SL8,ydfid/SL8/train/good/ydfid_train_004300.bmp,,0,True,11dd003c305841577714e80db10fdd3cfc399d8e94ab406f80e748994ed23578,512,512,,,,,,,,,
train,SL8,ydfid/SL8/train/good/ydfid_train_004301.bmp,,0,True,648f50f0b7c35d750e43a801bc81e7c49119d718c2f64b3b9df44098b983812c,512,512,,,,,,,,,
train,SL8,ydfid/SL8/train/good/ydfid_train_004302.bmp,,0,True,02d3a3427c22169a53308800b7eb20e5acc50ecf1543a30eca2ec5f955cd6cc7,512,512,,,,,,,,,
train,SL8,ydfid/SL8/train/good/ydfid_train_004303.bmp,,0,True,650c29a8435c3afdfa618dd695ffa8abcdbd9d5af7a567272003b652702dc0de,512,512,,,,,,,,,
train,SL9,ydfid/SL9/train/good/ydfid_train_004450.bmp,,0,True,74bb2b85578adc5ad1bbabeed4cadb58e4493677e54e1bc003820c1eac102d73,512,512,,,,,,,,,
train,SL9,ydfid/SL9/train/good/ydfid_train_004451.bmp,,0,True,4a209715cb3168d673db4d49a117c67267222ddb4258fb652ea7f48d4d2493d5,512,512,,,,,,,,,
train,SL9,ydfid/SL9/train/good/ydfid_train_004452.bmp,,0,True,ce8b25e35c1a0ddbdb26c37af01e15f803fc7e77b9a26d4dd8b45f2d6848b9bb,512,512,,,,,,,,,
train,SL9,ydfid/SL9/train/good/ydfid_train_004453.bmp,,0,True,7b4c1553797ec31e7dac0fcbc1389906f32c634d1555f08de54e9bb332c058a6,512,512,,,,,,,,,
train,SL9,ydfid/SL9/train/good/ydfid_train_004454.bmp,,0,True,2862507c4d9241805f66d87cd300724e283b98655af016dde9127c64504f9365,512,512,,,,,,,,,
train,SL9,ydfid/SL9/train/good/ydfid_train_004455.bmp,,0,True,6e64f25b86f8b5beb83cac18853b77ff83163b2aa344184bdeee6e80ba8dc523,512,512,,,,,,,,,
train,SL9,ydfid/SL9/train/good/ydfid_train_004456.bmp,,0,True,a45bbef6617575054e060aae9d222e122c80af5a3182a576e3740d045866911d,512,512,,,,,,,,,
train,SL9,ydfid/SL9/train/good/ydfid_train_004457.bmp,,0,True,2db6940ba13824f2f66c691acd0716d6585cb92aa827e3eb41b899f0dec9dd36,512,512,,,,,,,,,
train,SL9,ydfid/SL9/train/good/ydfid_train_004458.bmp,,0,True,525d0a637b461c480c31f42c22385f602acc7e3573c463fe4c473688c31d2c5d,512,512,,,,,,,,,
train,SL9,ydfid/SL9/train/good/ydfid_train_004459.bmp,,0,True,cbb1f0d9d90d98dd8608af1faf7a3034b45e9adeb69ce04d3f6f9ae394d74ae1,512,512,,,,,,,,,
train,SL9,ydfid/SL9/train/good/ydfid_train_004460.bmp,,0,True,c8116921de6218f0971779e8b840dcf2eceaa0d0ae8ba1780262c7d8999904f6,512,512,,,,,,,,,
train,SL9,ydfid/SL9/train/good/ydfid_train_004461.bmp,,0,True,5aef72f8152cb67fcbdef70ac94ecd4a2fdc720b2ec408b899082254ad208a63,512,512,,,,,,,,,
train,SL9,ydfid/SL9/train/good/ydfid_train_004462.bmp,,0,True,b8d9ed711b1525dcff3c7ab14f31fa9a4200b6920b2c7f27b2c5642bf01d19fb,512,512,,,,,,,,,
train,SL9,ydfid/SL9/train/good/ydfid_train_004463.bmp,,0,True,abeeed537013db660487cba50ba8fc7cbf55bd0dca96c79ef0bfdcfa2bea7209,512,512,,,,,,,,,
train,SL9,ydfid/SL9/train/good/ydfid_train_004464.bmp,,0,True,c38b2e6f113906baae7e910919cc92b56c03e7da74d9da5fc7afae904370820e,512,512,,,,,,,,,
train,SL9,ydfid/SL9/train/good/ydfid_train_004465.bmp,,0,True,f371328ca7edb793c1420aec583c9311d236f9a2422a8ddcbc8ef25448651398,512,512,,,,,,,,,
train,SL9,ydfid/SL9/train/good/ydfid_train_004466.bmp,,0,True,7b6793e67bb6cc647a142169e2597060d7f494b1b03e5bd1cbe452027bfc2285,512,512,,,,,,,,,
train,SL9,ydfid/SL9/train/good/ydfid_train_004467.bmp,,0,True,eb19f0ee2d3a430954bc52a53cf52c470dc290f72f63c1e5d7aa62198f8f2d04,512,512,,,,,,,,,
train,SL9,ydfid/SL9/train/good/ydfid_train_004468.bmp,,0,True,d653f3a9c5ebbb80a941c0470c22a6c701d9a9a746bbf2766194403717d39534,512,512,,,,,,,,,
train,SL9,ydfid/SL9/train/good/ydfid_train_004469.bmp,,0,True,e8d13531318c2bbbebc673d50fb3cad25556c1c5883ebbbe05e768959998f24a,512,512,,,,,,,,,
train,SL9,ydfid/SL9/train/good/ydfid_train_004470.bmp,,0,True,6332877fd4c418dfa7f954e050ac3ac70a7014d6f6eb895ed1897628b175d236,512,512,,,,,,,,,
train,SL9,ydfid/SL9/train/good/ydfid_train_004471.bmp,,0,True,a5571f90c1615e2320dc2ffbe75b60bc5d84ceee4a09b841e4851883447077dc,512,512,,,,,,,,,
train,SL9,ydfid/SL9/train/good/ydfid_train_004472.bmp,,0,True,5c1e9907c24cee7de14a449a5a0b511cc7b73d820d71860da28ccfac630368fe,512,512,,,,,,,,,
train,SL9,ydfid/SL9/train/good/ydfid_train_004473.bmp,,0,True,5fe822c91dce08ade5fea14115395bc7b8f51029cbe308eb5efa7ac89730aa95,512,512,,,,,,,,,
train,SL9,ydfid/SL9/train/good/ydfid_train_004474.bmp,,0,True,484bdc8436ec59db98f4154b4e77e385a82a5c3a4e7c94e1993310ad0576f83f,512,512,,,,,,,,,
train,SL9,ydfid/SL9/train/good/ydfid_train_004475.bmp,,0,True,b30d2b3f6d179aa178d287b1dfc68982e123eba68248d6a46fc938114c5f16ce,512,512,,,,,,,,,
train,SL9,ydfid/SL9/train/good/ydfid_train_004476.bmp,,0,True,c77718863ba26aa1253ce416a48887bd5bd3ad66dd7b8cee9d486a440cd67700,512,512,,,,,,,,,
train,SL9,ydfid/SL9/train/good/ydfid_train_004477.bmp,,0,True,113cc10ed9c16cd7ca48f30c8b8dc66aeb30e25ff7f874d9478532cc72089e11,512,512,,,,,,,,,
train,SL9,ydfid/SL9/train/good/ydfid_train_004478.bmp,,0,True,cdfb4b0fddb27f85d40b09dcfbe32c7fd5bf9a88752c05e9e00b36f68225bda9,512,512,,,,,,,,,
train,SL9,ydfid/SL9/train/good/ydfid_train_004479.bmp,,0,True,ac74b778fea712e053858414e863ab976b1345502600e5d38decbc48f3180a89,512,512,,,,,,,,,
train,SL9,ydfid/SL9/train/good/ydfid_train_004480.bmp,,0,True,b006834f580e24789f67f4dda9da6fb78276d4eca339d91532896a8d9bfdd791,512,512,,,,,,,,,
train,SL9,ydfid/SL9/train/good/ydfid_train_004481.bmp,,0,True,1fc6e5f921234b571cf9bd6c600fc8446957fe054079e26f587dd5f635cf27a1,512,512,,,,,,,,,
train,SL9,ydfid/SL9/train/good/ydfid_train_004482.bmp,,0,True,01e76a01c080c9d0b7b4744ace3642dce8169d44f0a539dd2edcc446c7a11f8e,512,512,,,,,,,,,
train,SL9,ydfid/SL9/train/good/ydfid_train_004483.bmp,,0,True,7e0740161b0d99314586fea795ccf446a38b0835d5e631ded4eb0cced92131ac,512,512,,,,,,,,,
train,SL9,ydfid/SL9/train/good/ydfid_train_004484.bmp,,0,True,f52eee8cfd959331bc3d566f5efd2bd7515feb048a1fcf7ade764aeee20fdc03,512,512,,,,,,,,,
train,SL9,ydfid/SL9/train/good/ydfid_train_004485.bmp,,0,True,a421e2aca2b8cd329a63963e7907610d8151512d517c969d11fa7663be629da6,512,512,,,,,,,,,
train,SL9,ydfid/SL9/train/good/ydfid_train_004486.bmp,,0,True,766aa7d57c5bfc7dc11d4cf358c9af3aa78e356940f3d150b0d59c6a93fac512,512,512,,,,,,,,,
train,SL9,ydfid/SL9/train/good/ydfid_train_004487.bmp,,0,True,8764cc9a3d6672b015dbc57bb722ac5cf80190995fa0d30fc5a559ee8f1a654b,512,512,,,,,,,,,
train,SL9,ydfid/SL9/train/good/ydfid_train_004488.bmp,,0,True,9247a51157e03d959d5bcc5cfbc6918143142a7efbdb384e1de728df3fc57583,512,512,,,,,,,,,
train,SL9,ydfid/SL9/train/good/ydfid_train_004489.bmp,,0,True,c62a74b1d2970f972c528ba84d158db249022bfd0a313e5842990328b89fa0db,512,512,,,,,,,,,
train,SL9,ydfid/SL9/train/good/ydfid_train_004490.bmp,,0,True,345c749563332cd8224329406eb65740d65397587a9d0522fa92cf7d4bc1e7ff,512,512,,,,,,,,,
train,SL9,ydfid/SL9/train/good/ydfid_train_004491.bmp,,0,True,2d93a4f98aeb465c4fa7a21a9060b768cc2d65b7013ae7816616d464d7dd7096,512,512,,,,,,,,,
train,SL9,ydfid/SL9/train/good/ydfid_train_004492.bmp,,0,True,9ac0f2d86592bdfede38197804c3ab03273c9f6277e69d827e64edf331db26af,512,512,,,,,,,,,
train,SL9,ydfid/SL9/train/good/ydfid_train_004493.bmp,,0,True,ad8b78c8d288591f749142e179434146af367a295af56f2e801bdc5065d55749,512,512,,,,,,,,,
train,SL9,ydfid/SL9/train/good/ydfid_train_004494.bmp,,0,True,22b374eb25cb252e190d4067ce946924868b59dea2e0f11be214d959d4c7958c,512,512,,,,,,,,,
train,SL9,ydfid/SL9/train/good/ydfid_train_004495.bmp,,0,True,86597a3f3c39cdd2104efc9bcef2eb96547d382774817b12ba8dcb825a6d9bbd,512,512,,,,,,,,,
train,SL9,ydfid/SL9/train/good/ydfid_train_004496.bmp,,0,True,c57330f81220e3eea2b68bf5f5cd13ddb986822723596e5989f93cd77ef2a460,512,512,,,,,,,,,
train,SL9,ydfid/SL9/train/good/ydfid_train_004497.bmp,,0,True,d2e2b1d32d5fdc289c43eb872424a7e170e46c912e5ff8512b89c6d6a1a0c13b,512,512,,,,,,,,,
train,SL9,ydfid/SL9/train/good/ydfid_train_004498.bmp,,0,True,d492877fb8dd4170e122c340924907954348e7ba784824e87a3c9df103d932c5,512,512,,,,,,,,,
train,SL9,ydfid/SL9/train/good/ydfid_train_004499.bmp,,0,True,a15ee46034e3451fb9deb4a6ea299693126dc0228570ce8828a44aa379c82fff,512,512,,,,,,,,,
train,SL9,ydfid/SL9/train/good/ydfid_train_004500.bmp,,0,True,20a27a7b90743f3a083940f0a2883d7cdf1eacadf0c6d84f8cfd13fb4a1044a7,512,512,,,,,,,,,
train,SL9,ydfid/SL9/train/good/ydfid_train_004501.bmp,,0,True,ae2dd549a867b0631a7523e72846d7368645da056f557e86a02848dec3c375fe,512,512,,,,,,,,,
train,SL9,ydfid/SL9/train/good/ydfid_train_004502.bmp,,0,True,85f8b400bf7d0289b0fe1b0f7fbd2f1039d38f2515c4ad60072fe797fe494de0,512,512,,,,,,,,,
train,SL9,ydfid/SL9/train/good/ydfid_train_004503.bmp,,0,True,e02aa1e5d4b6c33cd6f780b52d44225fd714b06c6f465739205143cb15dfe5b2,512,512,,,,,,,,,
train,SL9,ydfid/SL9/train/good/ydfid_train_004504.bmp,,0,True,85241c6e8f3d8293d7931c59927512e3cc63c345b944e12dd2898ec498b4b752,512,512,,,,,,,,,
train,SL9,ydfid/SL9/train/good/ydfid_train_004505.bmp,,0,True,66389fff057b324b4546c360af16edc9f939ce2de4a6d74aee7b3cb5bcfdc0bf,512,512,,,,,,,,,
train,SL9,ydfid/SL9/train/good/ydfid_train_004506.bmp,,0,True,b3de5e7cc91839d20807ef4634020ed9cafff6083e3058fa3dfd5f7774af6042,512,512,,,,,,,,,
train,SL9,ydfid/SL9/train/good/ydfid_train_004507.bmp,,0,True,fb208a5027a582ab4f114d48c84bb6bf5de84a40d49c8fb27e1080bf005cd9fe,512,512,,,,,,,,,
train,SL9,ydfid/SL9/train/good/ydfid_train_004508.bmp,,0,True,77e2ce898006e124dcb1572c5813fc674c1b315f850c3128a20c89e5fae820b9,512,512,,,,,,,,,
train,SL9,ydfid/SL9/train/good/ydfid_train_004509.bmp,,0,True,d9528df1e453f2db1d82801ce6b7119851434b08c7a3f17996ca7a3e48433478,512,512,,,,,,,,,
train,SL9,ydfid/SL9/train/good/ydfid_train_004510.bmp,,0,True,6b0d59909edba02c3cc2952abdd258f6ed415d0d8c6532701ab973814eec2cd7,512,512,,,,,,,,,
train,SL9,ydfid/SL9/train/good/ydfid_train_004511.bmp,,0,True,8f8502dc51f27d58f9412b2d97f92003796609e1c0c790e8fe8707f0637f7b26,512,512,,,,,,,,,
train,SL9,ydfid/SL9/train/good/ydfid_train_004512.bmp,,0,True,3f18f45c77e30ec6f272f0bdc113e40afb40bc1f5a0eab08e7d80e642e66c3ab,512,512,,,,,,,,,
train,SL9,ydfid/SL9/train/good/ydfid_train_004513.bmp,,0,True,1b87f1ffa6e581ab93514384e40d5bd53a8c182ddd2de5ceac51014f0690108b,512,512,,,,,,,,,
train,SL9,ydfid/SL9/train/good/ydfid_train_004514.bmp,,0,True,7094ed6f400ee4781cfbae85f39b9bb7a820dde589495141b6cd4360dbc918be,512,512,,,,,,,,,
train,SL9,ydfid/SL9/train/good/ydfid_train_004515.bmp,,0,True,7bff6ffbf95a6a55a5e5402c5c39c381e6777765bbe8e79884db0e47feda56c3,512,512,,,,,,,,,
train,SL9,ydfid/SL9/train/good/ydfid_train_004516.bmp,,0,True,ce18632700260230566a2738731ca2388648852cbf1cb5f2354cd7c1c9316634,512,512,,,,,,,,,
train,SL9,ydfid/SL9/train/good/ydfid_train_004517.bmp,,0,True,af7ef604b4740b8e3bc41314d81118646796deab98e07a882ee22a91134c5a0e,512,512,,,,,,,,,
train,SL9,ydfid/SL9/train/good/ydfid_train_004518.bmp,,0,True,99e9d504ed4e01eb9269908970afa77fe22d64588ac076ff05ab116d3c2dcffc,512,512,,,,,,,,,
train,SL9,ydfid/SL9/train/good/ydfid_train_004519.bmp,,0,True,c99b9f0e118e3e1a715d953ba152c1b703b5017c87a6341d36cb3d6a92820579,512,512,,,,,,,,,
train,SL9,ydfid/SL9/train/good/ydfid_train_004520.bmp,,0,True,db138a9c12dca48fee3ad2c541e7ca171f475af0974ad8f57c04eafa76b6b0c3,512,512,,,,,,,,,
train,SL9,ydfid/SL9/train/good/ydfid_train_004521.bmp,,0,True,7c072e4b79f69d6dda651dd68a763e8d5e04a61e6f753de95a8481d38618010a,512,512,,,,,,,,,
train,SL9,ydfid/SL9/train/good/ydfid_train_004522.bmp,,0,True,2edbb29b6b2d1037260fb011389afb4fafd606debf30b82ff63c70f1c82d0a2b,512,512,,,,,,,,,
train,SL9,ydfid/SL9/train/good/ydfid_train_004523.bmp,,0,True,ead1449c8a23a86c6003aa25ce68d73dfb58a8691a83e9ae4e31e60be85034f1,512,512,,,,,,,,,
train,SL9,ydfid/SL9/train/good/ydfid_train_004524.bmp,,0,True,9cf0cb21a117b644fab81cd88eebecb1eeba2a9a2c266e49accf04152991c220,512,512,,,,,,,,,
train,SL9,ydfid/SL9/train/good/ydfid_train_004525.bmp,,0,True,e4365e8efff748ebae84e2fecea4fb23398063fa7d610eafbbf6a052ffcb91b9,512,512,,,,,,,,,
train,SL9,ydfid/SL9/train/good/ydfid_train_004526.bmp,,0,True,5f271c185837e759db412a9b7841919adf59e9304c759cbaa321ec37afca9636,512,512,,,,,,,,,
train,SL9,ydfid/SL9/train/good/ydfid_train_004527.bmp,,0,True,47a22b088d1ae1f673a6514dad325eca85f3b2f40b10e395b310257bbecf4090,512,512,,,,,,,,,
train,SL9,ydfid/SL9/train/good/ydfid_train_004528.bmp,,0,True,6e6e852111429fb691062140ed4fcccf94924d839f6875b5f8fb4b598baf2825,512,512,,,,,,,,,
train,SL9,ydfid/SL9/train/good/ydfid_train_004529.bmp,,0,True,80f98056e9d48eb10a5edeb8068f6adbb8ad59bb34d74ba51a4ef12430488794,512,512,,,,,,,,,
train,SL9,ydfid/SL9/train/good/ydfid_train_004530.bmp,,0,True,eddc4536e5e53652cf72f7e33d1cd0de8aea9f3c46af8d32110a928093adaf88,512,512,,,,,,,,,
train,SL9,ydfid/SL9/train/good/ydfid_train_004531.bmp,,0,True,537a1b49975a461fe849facba5f8ebdadb83085f664293a9168602cbd6e56290,512,512,,,,,,,,,
train,SL9,ydfid/SL9/train/good/ydfid_train_004532.bmp,,0,True,138a7b87c2d3126787e5aaa84eee73c3608ec2cbcc0ed3de8c068dd2deef6f05,512,512,,,,,,,,,
train,SL9,ydfid/SL9/train/good/ydfid_train_004533.bmp,,0,True,f94df97d1a943757b639c2f764d62deaf977202cbff68e4b3caad7d34f289c90,512,512,,,,,,,,,
train,SL9,ydfid/SL9/train/good/ydfid_train_004534.bmp,,0,True,9a733db9a135f0019e32e27f971dcd842234c16ec2d9cbc2bd686af1c665cb1e,512,512,,,,,,,,,
train,SL9,ydfid/SL9/train/good/ydfid_train_004535.bmp,,0,True,f7c78ccd9440bb4e4f5a94c00d9a64b3009500c144d485a8dcfcfe255b209f0a,512,512,,,,,,,,,
train,SL9,ydfid/SL9/train/good/ydfid_train_004536.bmp,,0,True,843f5445c7428f9133bbe0e882bc8ae76039ac56949c245ab393f6f33f3f19d4,512,512,,,,,,,,,
train,SL9,ydfid/SL9/train/good/ydfid_train_004537.bmp,,0,True,f49e4f8125190483dbee59fe307e42aad92cd48ca3efabbe70fdb8cb24f8a0d9,512,512,,,,,,,,,
train,SL9,ydfid/SL9/train/good/ydfid_train_004538.bmp,,0,True,2f18461a372e948b58a84b895ffc9ded2d2b90121358a5d587853bdb54a16c9c,512,512,,,,,,,,,
train,SL9,ydfid/SL9/train/good/ydfid_train_004539.bmp,,0,True,c44f3949360023786e3f291c128f37edf90d3aa5b4e7beba092eb7faa0dc434e,512,512,,,,,,,,,
train,SL9,ydfid/SL9/train/good/ydfid_train_004540.bmp,,0,True,17b2c8076018ee11118ba3c9bff71355213359e9096585913b881654a405d17e,512,512,,,,,,,,,
train,SL9,ydfid/SL9/train/good/ydfid_train_004541.bmp,,0,True,ca6f0b99526657073bc12428ee5cac76aef7923332bb747b1ae1e39c47059ef7,512,512,,,,,,,,,
train,SL9,ydfid/SL9/train/good/ydfid_train_004542.bmp,,0,True,d262815a093ad0ba676fba5ee916a304003cb919929b7b540dd254f955c97b64,512,512,,,,,,,,,
train,SL9,ydfid/SL9/train/good/ydfid_train_004543.bmp,,0,True,614ce1ff7a78e38d5c2b5b2cfa3c648fbd87d9682b5fd09953e32516b6908efc,512,512,,,,,,,,,
train,SL9,ydfid/SL9/train/good/ydfid_train_004544.bmp,,0,True,783471a7f7c3338631c819fe91f1ed788691a2f005c2dc6bdb6850f10a3a4f74,512,512,,,,,,,,,
train,SL9,ydfid/SL9/train/good/ydfid_train_004545.bmp,,0,True,66f00bae74392c3708892f51aed68a3d41dcdc9f4f4ad01f74e474e4cb8b9fca,512,512,,,,,,,,,
train,SL9,ydfid/SL9/train/good/ydfid_train_004546.bmp,,0,True,3965788568774778025124494d7914fc1f3ea5013a60cdaef787629fa4762bab,512,512,,,,,,,,,
train,SL9,ydfid/SL9/train/good/ydfid_train_004547.bmp,,0,True,ecda83f11c2f5a819cfb3f53d9d6800e50c43a59a8008ebee2362ed4b07c443e,512,512,,,,,,,,,
train,SL9,ydfid/SL9/train/good/ydfid_train_004548.bmp,,0,True,4c820e614225a645f6cbf6aa99c47b974531d31bc5883e995dddae40bf7c2514,512,512,,,,,,,,,
train,SL9,ydfid/SL9/train/good/ydfid_train_004549.bmp,,0,True,4793470ad1ed836406a9a1514cc4fdb8b886d1bf113a7224c00e91187768f843,512,512,,,,,,,,,
train,SL9,ydfid/SL9/train/good/ydfid_train_004550.bmp,,0,True,8f83dbefd09ed712e9a341b0b074e3ab21612485e4d18450ac71cede31cdf0be,512,512,,,,,,,,,
train,SL9,ydfid/SL9/train/good/ydfid_train_004551.bmp,,0,True,c602dfbff13d2b297f2a13ad8e088c883d2ef535599b1f55b8a7b987f42eaa47,512,512,,,,,,,,,
train,SL9,ydfid/SL9/train/good/ydfid_train_004552.bmp,,0,True,c37dc6de7e28c7ef55246b886e141df0f9a3f5ff7a742aa78664d26ef849a7a7,512,512,,,,,,,,,
train,SL9,ydfid/SL9/train/good/ydfid_train_004553.bmp,,0,True,1f2be9bc48222c5c2726962dfb108d6037d1695331968a25a013ff752d585abc,512,512,,,,,,,,,
train,SL9,ydfid/SL9/train/good/ydfid_train_004554.bmp,,0,True,7c78c5f5ee51895608aba706cb2b355d70032e3ed92335815d99d2b24ca5e619,512,512,,,,,,,,,
train,SL9,ydfid/SL9/train/good/ydfid_train_004555.bmp,,0,True,7887a93304cbc7117dd05fa8db4a2298bf906b89144bd8dc01ac6f7d7b846919,512,512,,,,,,,,,
train,SL9,ydfid/SL9/train/good/ydfid_train_004556.bmp,,0,True,22e1e4c5dcac0a15c22b8aebcacdb62ede57f9a9d58886c3778f87218ef9649d,512,512,,,,,,,,,
train,SL9,ydfid/SL9/train/good/ydfid_train_004557.bmp,,0,True,cb8bbe024ce14209f5f1b9f448d00c3241686d237d0b36e25add97a0d43d3a83,512,512,,,,,,,,,
train,SL9,ydfid/SL9/train/good/ydfid_train_004558.bmp,,0,True,33d228e3519318c9444da6dd63b6e589168bfb35f0f55303c2d7ffb3ca5d164e,512,512,,,,,,,,,
train,SL9,ydfid/SL9/train/good/ydfid_train_004559.bmp,,0,True,16412a48f82e3b1fe178f0323d4a0cda356c2ce72f6768d971b7146d614d1861,512,512,,,,,,,,,
train,SL9,ydfid/SL9/train/good/ydfid_train_004560.bmp,,0,True,d9b48100318afc13e2cdb34abfe0aac3eaeec2d232e915ccf39e0b5f4edd2b28,512,512,,,,,,,,,
train,SL9,ydfid/SL9/train/good/ydfid_train_004561.bmp,,0,True,9abb41870c4de8299efd1b3a91ee35ea88602da66b4133ecdf52e20a3576c09c,512,512,,,,,,,,,
train,SL9,ydfid/SL9/train/good/ydfid_train_004562.bmp,,0,True,82893eaa68b29a0a904ec0fe91d2cb2f71fb470246be93ee42977413c9126976,512,512,,,,,,,,,
train,SL9,ydfid/SL9/train/good/ydfid_train_004563.bmp,,0,True,4561fb6b82eded47a486e765a1a2e4875c976fdeca2e9127a55c27168f39c652,512,512,,,,,,,,,
train,SL9,ydfid/SL9/train/good/ydfid_train_004564.bmp,,0,True,9a1a5c71113c7e8178ff9b6bfa89b4778bfd3c6f85c4669add704f9f66395a63,512,512,,,,,,,,,
train,SL9,ydfid/SL9/train/good/ydfid_train_004565.bmp,,0,True,a8908f5149bb7fd3f3ac815d62ef56661aeb6b43b522a4d208baaf7aa3d8cb15,512,512,,,,,,,,,
train,SL9,ydfid/SL9/train/good/ydfid_train_004566.bmp,,0,True,5af00ac6695fcaacf2a7777d833625902b4bbd7d763df6a093747fa003cc2a01,512,512,,,,,,,,,
train,SL9,ydfid/SL9/train/good/ydfid_train_004567.bmp,,0,True,f08f3baae412c74be763b41dd569781f809a15a12331feb656a3b54b276d0387,512,512,,,,,,,,,
train,SL9,ydfid/SL9/train/good/ydfid_train_004568.bmp,,0,True,1b15f588379668ea1fea84b523972da1baff7e3c998f138d7a28f7398f0cc51b,512,512,,,,,,,,,
train,SL9,ydfid/SL9/train/good/ydfid_train_004569.bmp,,0,True,eb5db41c7ae935773fda0825b09b9c0b8d73401a68f07f10ea94d5e2d3d25a7d,512,512,,,,,,,,,
train,SL9,ydfid/SL9/train/good/ydfid_train_004570.bmp,,0,True,a7d4b8d87bd4b6e97efaaee824778aaddf28f48b9e65f51f4208550624a6ffe7,512,512,,,,,,,,,
train,SL9,ydfid/SL9/train/good/ydfid_train_004571.bmp,,0,True,9520908f71ef2b5456b014a82a3d3591444f27c08209562b65bfc744e746b331,512,512,,,,,,,,,
train,SL9,ydfid/SL9/train/good/ydfid_train_004572.bmp,,0,True,b6fca7c50836ab3d7e1675925ad2e0a5e2af917be60991c9547fc32d91491664,512,512,,,,,,,,,
train,SL9,ydfid/SL9/train/good/ydfid_train_004573.bmp,,0,True,d6c54899e6b6d2d3574c2277e526939c69010fcb2bddbec7959aac359375a491,512,512,,,,,,,,,
train,SL9,ydfid/SL9/train/good/ydfid_train_004574.bmp,,0,True,ccaa6daf4f758bc5b1e26110cb99c8f44da16a7e04c38b5e788c5a9d7573b695,512,512,,,,,,,,,
train,SL9,ydfid/SL9/train/good/ydfid_train_004575.bmp,,0,True,f1f7e68572fd6fee34e065f60a8ab12fdd808ecb29dab4394479bf7efa863137,512,512,,,,,,,,,
train,SL9,ydfid/SL9/train/good/ydfid_train_004576.bmp,,0,True,11eea6517cd51fd377d525bdafa3d7d8c2d834869f1e1dc4b2e9efbf63ad72c5,512,512,,,,,,,,,
train,SL9,ydfid/SL9/train/good/ydfid_train_004577.bmp,,0,True,87f61a9155776701b433ec0ea3e88260de810a9e43835c9ba76c28ab2e0ec4b0,512,512,,,,,,,,,
train,SL9,ydfid/SL9/train/good/ydfid_train_004578.bmp,,0,True,18d26fb80b45896afaa88cab1abc9cddd1252aab62d0309b7337a9dde2e2d476,512,512,,,,,,,,,
train,SL9,ydfid/SL9/train/good/ydfid_train_004579.bmp,,0,True,182c5b295b3d9b06d3192fdbbea3928e946de075b93fa9fa6ad9d11df1d85364,512,512,,,,,,,,,
train,SL9,ydfid/SL9/train/good/ydfid_train_004580.bmp,,0,True,1f4ae7f10ea4822719dce1a1899ed011c5d5421fad6f084a33f2193e41bef46f,512,512,,,,,,,,,
train,SL9,ydfid/SL9/train/good/ydfid_train_004581.bmp,,0,True,c87c2faef3476b28ec661c2717835c50b57c47dff0ae776a50eb6e9581f97d25,512,512,,,,,,,,,
train,SL9,ydfid/SL9/train/good/ydfid_train_004582.bmp,,0,True,38093fcc568f64c4098626972f1dd7011cc8ec473c66ec09d43fee9d8e8e50d3,512,512,,,,,,,,,
train,SL9,ydfid/SL9/train/good/ydfid_train_004583.bmp,,0,True,6314a756f387955f7b0e86f2c08b142dcf5781fd1465b8841645a2ddbfbb8798,512,512,,,,,,,,,
train,SL9,ydfid/SL9/train/good/ydfid_train_004584.bmp,,0,True,6692f455cfb8cd7ea891de16eebfbe6e6334884a9fd6d3c016af388fd94e60a8,512,512,,,,,,,,,
train,SL9,ydfid/SL9/train/good/ydfid_train_004585.bmp,,0,True,cfe7871cc17cb4a6fb29c977586492706bd9829542fae5b49d2ef1b33eb552cd,512,512,,,,,,,,,
train,SL9,ydfid/SL9/train/good/ydfid_train_004586.bmp,,0,True,7ffe009f559ed1d4cc110eb30137fe48e16508bcca97a243891e09f662795c00,512,512,,,,,,,,,
train,SL9,ydfid/SL9/train/good/ydfid_train_004587.bmp,,0,True,8d1d15546f058da23ae8abea29c667ba427f30126d26fbd0b71697458dc93386,512,512,,,,,,,,,
train,SL9,ydfid/SL9/train/good/ydfid_train_004588.bmp,,0,True,54f0ca1f1f99f20d06cff75fb9c714cbff8f9726398d41d23e4e74eef2b73ffb,512,512,,,,,,,,,
train,SL9,ydfid/SL9/train/good/ydfid_train_004589.bmp,,0,True,d1510e88e502c6e42c6f6738fea8bcd831b4cd381715033142f6a2c11ebc1e0b,512,512,,,,,,,,,
train,SL9,ydfid/SL9/train/good/ydfid_train_004590.bmp,,0,True,83a3a5fd684d82b05f4820006f9d603f3c0740fe5748c032697a4655cd096350,512,512,,,,,,,,,
train,SL9,ydfid/SL9/train/good/ydfid_train_004591.bmp,,0,True,1aae51e5641569c1b0fe7b6e5faf9867f51287dab80756e6d72c8a36ca6ae062,512,512,,,,,,,,,
train,SL9,ydfid/SL9/train/good/ydfid_train_004592.bmp,,0,True,b6645a46ad70b246dd34768fbd4808b29c88d7c78a9c6c2f03b5fd9763cf796c,512,512,,,,,,,,,
train,SL9,ydfid/SL9/train/good/ydfid_train_004593.bmp,,0,True,6a37f0b9eb05a1fa129c85add7b9bd1e0b125b3427e6b18eb14436b47a341cbd,512,512,,,,,,,,,
train,SL9,ydfid/SL9/train/good/ydfid_train_004594.bmp,,0,True,f356dcf68d55f3377f430ce4993dd9ad91be1e3070977262754786630d86a543,512,512,,,,,,,,,
train,SL9,ydfid/SL9/train/good/ydfid_train_004595.bmp,,0,True,5ac1910e5afb7a7e967f319ddf34ccd7bd2e893cecbd0f58d4bc2783679b2cad,512,512,,,,,,,,,
train,SL9,ydfid/SL9/train/good/ydfid_train_004596.bmp,,0,True,2f375381c95cf0dfa7506d70ef0ff0712880ab470c8db2ff3cb4cef845dd12dd,512,512,,,,,,,,,
train,SL9,ydfid/SL9/train/good/ydfid_train_004597.bmp,,0,True,cb49db8bb59b8c607c8065b67668b72e2d9f6065999aaed5e781ff7a24706fc9,512,512,,,,,,,,,
train,SL9,ydfid/SL9/train/good/ydfid_train_004598.bmp,,0,True,a1e8663db1108b058fc8b67f74ea743ae55b54bc3b8fffdde873b8bb09f9df86,512,512,,,,,,,,,
train,SL9,ydfid/SL9/train/good/ydfid_train_004599.bmp,,0,True,2a6481f5acb22e75906636f417d7e446d1609441ab2f27dac03924fec3933086,512,512,,,,,,,,,
train,SL9,ydfid/SL9/train/good/ydfid_train_004600.bmp,,0,True,9f795177dc4211f8792e470bd1c2b47bfcae588a75a59a58b8107c8430c235f2,512,512,,,,,,,,,
train,SL9,ydfid/SL9/train/good/ydfid_train_004601.bmp,,0,True,5d0317de66779dc0566a965d8ecddd51f337261242bbcb21a27e1abe1c293b65,512,512,,,,,,,,,
train,SL9,ydfid/SL9/train/good/ydfid_train_004602.bmp,,0,True,2e6a0e2f9bbebc6025595cfb905e2a2904c103d30befb9af9a5cb73966e995bd,512,512,,,,,,,,,
train,SL9,ydfid/SL9/train/good/ydfid_train_004603.bmp,,0,True,8db627eeff71fdd4765bf136d6c76b15e1b2168f9d8937efac4c787a4f22700c,512,512,,,,,,,,,
train,SL9,ydfid/SL9/train/good/ydfid_train_004604.bmp,,0,True,2ce33b48974e2f3a30bd8277f71f4023faa65503702d3156c3427b1cd63d9988,512,512,,,,,,,,,
train,SL9,ydfid/SL9/train/good/ydfid_train_004605.bmp,,0,True,f2aa5767402c77672bcc320058f309e127c4ea4a0cf4d2455d9fc97df6295ba7,512,512,,,,,,,,,
train,SL9,ydfid/SL9/train/good/ydfid_train_004606.bmp,,0,True,241b49f5ddc6344cb561e3707ea56628c04b220488e79d498671e18f5a2ff962,512,512,,,,,,,,,
train,SL9,ydfid/SL9/train/good/ydfid_train_004607.bmp,,0,True,a159c862b9bc9ceacc535aa785afa297dd10fd73c6b3764fa3e9f0c857fb0dfc,512,512,,,,,,,,,
train,SL9,ydfid/SL9/train/good/ydfid_train_004608.bmp,,0,True,6061c6e8e3749ed320fcda19bf1e2c39b0d8e5c9f3570afc99a531c4c5dfcd84,512,512,,,,,,,,,
train,SL9,ydfid/SL9/train/good/ydfid_train_004609.bmp,,0,True,368297c0fee96ca4b43bc3ed5d4826a8d2fdf5e74d8ea5187fa1e1964ecca340,512,512,,,,,,,,,
train,SL9,ydfid/SL9/train/good/ydfid_train_004610.bmp,,0,True,94e095ade5a560b9b8e393734a757c7afe13f79fc31257aa429b34810f8a1b2c,512,512,,,,,,,,,
train,SL9,ydfid/SL9/train/good/ydfid_train_004611.bmp,,0,True,1b83031576974130e30cf6cbadf8a2f96136aaf66d909714a46cab73740992dd,512,512,,,,,,,,,
train,SL9,ydfid/SL9/train/good/ydfid_train_004612.bmp,,0,True,58733b2f8f3e5b1feae046451d1c2078f193e1f1133185c664f351a09915e966,512,512,,,,,,,,,
train,SL9,ydfid/SL9/train/good/ydfid_train_004613.bmp,,0,True,ef7487e82c9b9899fff80057bc5a3f4cb62c3a9d777d7c6342542a01f4578349,512,512,,,,,,,,,
train,SL9,ydfid/SL9/train/good/ydfid_train_004614.bmp,,0,True,8608732179d102b1ede373b84de724743e3285a0b6f6e45b14b045bbd06b47a2,512,512,,,,,,,,,
train,SL9,ydfid/SL9/train/good/ydfid_train_004615.bmp,,0,True,d6426654ae9cac31828dd477a30e0cae83ce3903bf89661f0876215f514a0043,512,512,,,,,,,,,
train,SL9,ydfid/SL9/train/good/ydfid_train_004616.bmp,,0,True,16116ec4c870b6fb9c4af856c40ba720b0fd8587406f1c212ce3e95e74d24b3a,512,512,,,,,,,,,
train,SL9,ydfid/SL9/train/good/ydfid_train_004617.bmp,,0,True,729b0d965f77d3cdfe9041e53ac812158b7f3febe26a4b5536450308b7385e17,512,512,,,,,,,,,
train,SL9,ydfid/SL9/train/good/ydfid_train_004618.bmp,,0,True,04ed7421dd870a60092b3b8167c88d41bd875e8666fdce02f488da46725abb52,512,512,,,,,,,,,
train,SL9,ydfid/SL9/train/good/ydfid_train_004619.bmp,,0,True,1212c2a5cdc8f12ad08f8d22eec40e33f0b2847174131dd2dedfa0d36af43c2f,512,512,,,,,,,,,
train,SL9,ydfid/SL9/train/good/ydfid_train_004620.bmp,,0,True,a631d32e46c983959c1aebc6e652cee83f81fc07a88caa7b0b9a8756b60c82b9,512,512,,,,,,,,,
train,SL9,ydfid/SL9/train/good/ydfid_train_004621.bmp,,0,True,969956332c5199961860e5677779432d425a4073bae0a0a7d3c49e4473b36648,512,512,,,,,,,,,
train,SL9,ydfid/SL9/train/good/ydfid_train_004622.bmp,,0,True,4453f0819ee28cc0aa65cd4e86144662a5b13f91eb238a5cf9ad013e8a96c04d,512,512,,,,,,,,,
train,SL9,ydfid/SL9/train/good/ydfid_train_004623.bmp,,0,True,9ca6fbf6da15e72b8adf73e6382bbb0e2fa7fada0140b33fa9e560d65440fd10,512,512,,,,,,,,,
train,SL9,ydfid/SL9/train/good/ydfid_train_004624.bmp,,0,True,51a0dbdcf80f46757eba140a4e1ac2ff9d6895597040724b503f8f22cd458249,512,512,,,,,,,,,
train,SL9,ydfid/SL9/train/good/ydfid_train_004625.bmp,,0,True,18e539e599cf224d90675d6c0ccb5f961f42c61f7400e863cb06a1903ddf8712,512,512,,,,,,,,,
train,SL9,ydfid/SL9/train/good/ydfid_train_004626.bmp,,0,True,462cd20558c567e9d730478d4276365e9330146da506f7a4574d8e807be18e7c,512,512,,,,,,,,,
train,SL9,ydfid/SL9/train/good/ydfid_train_004627.bmp,,0,True,fe740eb809fa0d5fde40144b25879e4647ac009cc3640f14428039db2371818f,512,512,,,,,,,,,
train,SL9,ydfid/SL9/train/good/ydfid_train_004628.bmp,,0,True,f43e8f4a332137ccb098b6e2d4190465e95dbb090038c4471b841ce839b27885,512,512,,,,,,,,,
train,SL9,ydfid/SL9/train/good/ydfid_train_004629.bmp,,0,True,2d0d92f0de00cadaac378b959bdf39699e486168ea80a2336804cfe5ebf417fb,512,512,,,,,,,,,
train,SL9,ydfid/SL9/train/good/ydfid_train_004630.bmp,,0,True,87f21ed9ade54c154648143fd1094efe6de4bab101cca1a854f6a9cb2f222132,512,512,,,,,,,,,
train,SL9,ydfid/SL9/train/good/ydfid_train_004631.bmp,,0,True,395adb0716a12266be11040703a0319caacdd31bc7ceb89868151feb2987257d,512,512,,,,,,,,,
train,SL9,ydfid/SL9/train/good/ydfid_train_004632.bmp,,0,True,3bc1b7dc56cc5c81d582b97c01f9f0b2074904c5f4ecebb793a43a88bf5bbaef,512,512,,,,,,,,,
train,SL9,ydfid/SL9/train/good/ydfid_train_004633.bmp,,0,True,94e5dbd306d4d0a654cce483111757bb3391f1c62bab3360715f86a6dc97293e,512,512,,,,,,,,,
train,SL9,ydfid/SL9/train/good/ydfid_train_004634.bmp,,0,True,184ca002bf9a25fbf6e9c91f2e9f40b2b6cd2258d7e15741926e6735416aabe6,512,512,,,,,,,,,
train,SL9,ydfid/SL9/train/good/ydfid_train_004635.bmp,,0,True,6c0de68561731e31152410b7c63b46babbc398bc9b34648f93fe6dc25723c542,512,512,,,,,,,,,
train,SL9,ydfid/SL9/train/good/ydfid_train_004636.bmp,,0,True,2c3a7fe4da66fd14ba8cd8a9dcf10242b6e451ccd44058f7486be866851d4663,512,512,,,,,,,,,
train,SL9,ydfid/SL9/train/good/ydfid_train_004637.bmp,,0,True,0db1983bc4f5c2ad22752e28e9be9a92c11f45b053d2a55ba5c5dd444ab93a8c,512,512,,,,,,,,,
train,SL9,ydfid/SL9/train/good/ydfid_train_004638.bmp,,0,True,1714b4e424c9a3e13bd24623d840d8a1d4be2f0812d9b96fa59b3e8eac3796d6,512,512,,,,,,,,,
train,SL9,ydfid/SL9/train/good/ydfid_train_004639.bmp,,0,True,405b5dc7545a82605d0234412d66b1f3be596f32cb0e71699ddfe7ec17519b6a,512,512,,,,,,,,,
train,SL9,ydfid/SL9/train/good/ydfid_train_004640.bmp,,0,True,157e3c512a8ca78cdee54b90ea131db6e5a4f731ac2fdf8de0acfd457a645b16,512,512,,,,,,,,,
train,SL9,ydfid/SL9/train/good/ydfid_train_004641.bmp,,0,True,0afa7d718f07ff456b4475d889e6106aa8e4784ae4047202fa3ff50fdf4dfb48,512,512,,,,,,,,,
train,SL9,ydfid/SL9/train/good/ydfid_train_004642.bmp,,0,True,f6caf2fad52f4c15869f5a4b7a97b9902a0d5d8975e4168ee1f7abba2b753189,512,512,,,,,,,,,
train,SL9,ydfid/SL9/train/good/ydfid_train_004643.bmp,,0,True,7ced22203882fc55bd103b136db8ea66b549954abc21db6b818a64797ea0e1a1,512,512,,,,,,,,,
train,SL9,ydfid/SL9/train/good/ydfid_train_004644.bmp,,0,True,addb89a315500a95503d99bb9ea06888d46a49e4b78203a1b931fd3d259e20ff,512,512,,,,,,,,,
train,SL9,ydfid/SL9/train/good/ydfid_train_004645.bmp,,0,True,ca86b4aa9d1b872309ec10c929f3fa49f1e02851a7aff0d7240603db7204a8aa,512,512,,,,,,,,,
train,SL9,ydfid/SL9/train/good/ydfid_train_004646.bmp,,0,True,b35cf19a1dbd4155b9457cb27109aefc1fa2885e2e75f9eeff63d525db4ea5e6,512,512,,,,,,,,,
train,SL9,ydfid/SL9/train/good/ydfid_train_004647.bmp,,0,True,a7716f62ef69a4e9fd31047f808e2a40758c014ccade38b4f8933542191c3ec7,512,512,,,,,,,,,
train,SL9,ydfid/SL9/train/good/ydfid_train_004648.bmp,,0,True,bf96236106497450792e983044751bb6234f2e32aeb79e92398c27c692ce929a,512,512,,,,,,,,,
train,SL9,ydfid/SL9/train/good/ydfid_train_004649.bmp,,0,True,c7d3445b19d4b955ad6f7be05d1661e5215b3246d0f103cea8a88cecc2dc3a4a,512,512,,,,,,,,,
train,SL9,ydfid/SL9/train/good/ydfid_train_004650.bmp,,0,True,831f09081af56ce34c62714af5ea7282a3da7b93a083b6ae3e4425569a88ba0a,512,512,,,,,,,,,
train,SL9,ydfid/SL9/train/good/ydfid_train_004651.bmp,,0,True,1dd4f62bf53205cf94e3274091f20afc8d47e0d95f96a61a86c8f1e73f2be3d5,512,512,,,,,,,,,
train,SL9,ydfid/SL9/train/good/ydfid_train_004652.bmp,,0,True,d544a730f2c13ca2f8b8c10c1d07f94916aad3463e6f2af48a6b225605ddb839,512,512,,,,,,,,,
train,SL9,ydfid/SL9/train/good/ydfid_train_004653.bmp,,0,True,0727b4dda0e73be3eea344e185f759d48eb765f7315353abf2377eed8217f1dc,512,512,,,,,,,,,
train,SL9,ydfid/SL9/train/good/ydfid_train_004654.bmp,,0,True,33c18e269614e8e008198c82aef8d7740becba11a0ead6e80994f76c2c9e19da,512,512,,,,,,,,,
train,SL9,ydfid/SL9/train/good/ydfid_train_004655.bmp,,0,True,7acdb5a70c5cfc0857ac425fca2c95698d0f520d20fa332ac88c3ba7d2e10d39,512,512,,,,,,,,,
train,SL9,ydfid/SL9/train/good/ydfid_train_004656.bmp,,0,True,7d8c5287efcebc3d47b629d7ba000d66aeb48c3caa2325b4c7a4d2d326031e03,512,512,,,,,,,,,
train,SL9,ydfid/SL9/train/good/ydfid_train_004657.bmp,,0,True,f33cf41a8bd4325f69fdd4b9f48dba30ff7dec5c6e6f65499df01a88c35b7ebc,512,512,,,,,,,,,
train,SL9,ydfid/SL9/train/good/ydfid_train_004658.bmp,,0,True,049babe456b798abc91bd10634efc0ee10b4ba5b8889080cfe02116607f092a1,512,512,,,,,,,,,
train,SL9,ydfid/SL9/train/good/ydfid_train_004659.bmp,,0,True,301a652e83e3c7a227e410e477c828609caecb15d07d027731bcad4de0e53614,512,512,,,,,,,,,
train,SL9,ydfid/SL9/train/good/ydfid_train_004660.bmp,,0,True,beac8a6735a19765008e29c63adf22a0f896c0b952730dbc8540137b9f037fcc,512,512,,,,,,,,,
train,SL9,ydfid/SL9/train/good/ydfid_train_004661.bmp,,0,True,8af3854ebd71a59d7f9b8d0b8fb1083241b705d47ab4d9d6de98765269562f40,512,512,,,,,,,,,
train,SL9,ydfid/SL9/train/good/ydfid_train_004662.bmp,,0,True,5d23be335d61dbdedfb5900dc4d0c88d3ac772bd21e73c197dff4ca43c2e2879,512,512,,,,,,,,,
train,SL9,ydfid/SL9/train/good/ydfid_train_004663.bmp,,0,True,2cf8b8c857e5a7bf7594a93ea917240ea8cacf292ddce9f59aac0d69690365cf,512,512,,,,,,,,,
train,SL9,ydfid/SL9/train/good/ydfid_train_004664.bmp,,0,True,cea4ea1216fda40efdb17c630f723d888c098c29661723fc7bc861dc8d2194a3,512,512,,,,,,,,,
train,SL9,ydfid/SL9/train/good/ydfid_train_004665.bmp,,0,True,19add968d45c32cab9660ed7afeebb1a0d8135c1ffc4a4cb8b1cdf16e828d646,512,512,,,,,,,,,
train,SL9,ydfid/SL9/train/good/ydfid_train_004666.bmp,,0,True,dd4d3efc4555b5268024cadf3657b3250c2dd08964af1c9bf0d0674dd66d3956,512,512,,,,,,,,,
train,SL9,ydfid/SL9/train/good/ydfid_train_004667.bmp,,0,True,867d0ebf6b2db16754af75d69dae4d31d2b89642838eb05a44132f55cdd8d1ce,512,512,,,,,,,,,
train,SL9,ydfid/SL9/train/good/ydfid_train_004668.bmp,,0,True,fa1853f2dcb98db2d5bf7abe21b31e8036c7bdbfd838be15b24e37f9b0926b67,512,512,,,,,,,,,
train,SL9,ydfid/SL9/train/good/ydfid_train_004669.bmp,,0,True,5a2e47cf620d404a92a06d6f63d2a9b0b77fab608a6504fa12c65fbe18169c3c,512,512,,,,,,,,,
train,SL9,ydfid/SL9/train/good/ydfid_train_004670.bmp,,0,True,a6611344ea207ef9723ecc64b1c3f77c671ba0375ed16d36c1d7b16d7ddbc676,512,512,,,,,,,,,
train,SL9,ydfid/SL9/train/good/ydfid_train_004671.bmp,,0,True,6ae773f365c05418f66e46abf668c77b78de9c05fb17f4db35cd97786b40fd57,512,512,,,,,,,,,
train,SL9,ydfid/SL9/train/good/ydfid_train_004672.bmp,,0,True,a452ae54f811bc97b3d9707ea619fb3619c2246d4e3d336303b2dc19d7fba1d0,512,512,,,,,,,,,
train,SL9,ydfid/SL9/train/good/ydfid_train_004673.bmp,,0,True,5d41554ff737b7247c6ca6f0ffeaa8205093cf687d249354505ae2a7dbafe5c9,512,512,,,,,,,,,
train,SL9,ydfid/SL9/train/good/ydfid_train_004674.bmp,,0,True,698d62dc2f24ae166c9193cb20927eb7ba7c44f4d5b5a705c545aa2ba4c95c67,512,512,,,,,,,,,
train,SL9,ydfid/SL9/train/good/ydfid_train_004675.bmp,,0,True,5d8c00fe494b9af8ae7b2e3dd16b92e4b4183f3d215b2361c576778459927100,512,512,,,,,,,,,
train,SL9,ydfid/SL9/train/good/ydfid_train_004676.bmp,,0,True,484239b2764253efda3d6aa6f331b9d1ee31c2b838d25b9f93499c13a67a352c,512,512,,,,,,,,,
train,SL9,ydfid/SL9/train/good/ydfid_train_004677.bmp,,0,True,2a6a62a35dfc5dae264676424aaa43d4b44c266ee73536e21af12e17040dc841,512,512,,,,,,,,,
train,SL9,ydfid/SL9/train/good/ydfid_train_004678.bmp,,0,True,5ad339eb5dbe4cde315b681c29cceb006a927d990469ff203b39ce55cb289562,512,512,,,,,,,,,
train,SL9,ydfid/SL9/train/good/ydfid_train_004679.bmp,,0,True,aad9e77264766cb218bcf71d1a123dddbd4c5ce41fdbb19854fb50edbd64ddb6,512,512,,,,,,,,,
train,SL9,ydfid/SL9/train/good/ydfid_train_004680.bmp,,0,True,16704dedb44eaee969844b9c048ef22c326cdf8a9ed93bd229865c7de155ac99,512,512,,,,,,,,,
train,SL9,ydfid/SL9/train/good/ydfid_train_004681.bmp,,0,True,17801ec1af854a50947365917811dce2d809722ae1607f892ba7db7018f74d8a,512,512,,,,,,,,,
train,SL9,ydfid/SL9/train/good/ydfid_train_004682.bmp,,0,True,dc24c2ec7e2e81e4df0558b88d3fa6c42b45e8cdbebfcbdb9c51aa49ded7176d,512,512,,,,,,,,,
train,SL9,ydfid/SL9/train/good/ydfid_train_004683.bmp,,0,True,8ebfd1f66d146ae9ed00ad5c1b57f4f17d60c7b2e953d7f52fbf293506c84446,512,512,,,,,,,,,
train,SL9,ydfid/SL9/train/good/ydfid_train_004684.bmp,,0,True,e3370beb29c5be8e45792255bfddeb62ba39c0c72714678245cf015268b2d5d0,512,512,,,,,,,,,
train,SL9,ydfid/SL9/train/good/ydfid_train_004685.bmp,,0,True,0e9c57ea47736431be49fda5a801640d74036bb7a53223a8656ee1e2b6d0751a,512,512,,,,,,,,,
train,SL9,ydfid/SL9/train/good/ydfid_train_004686.bmp,,0,True,97280a226781cac3e4c48a605a4989e4e65ef10902a1840bb859cb58ce7b24a1,512,512,,,,,,,,,
train,SL9,ydfid/SL9/train/good/ydfid_train_004687.bmp,,0,True,56e3d65a6b76e0ff420cd6c48fc76f97ace4537633252f81d437a9eef2ac3598,512,512,,,,,,,,,
train,SL9,ydfid/SL9/train/good/ydfid_train_004688.bmp,,0,True,d5f8bf177921222ed66fa3ae136ccc3e1f178628f9b46b93ec6a7d40f771cd36,512,512,,,,,,,,,
train,SL9,ydfid/SL9/train/good/ydfid_train_004689.bmp,,0,True,b4331f4e977c2adcdb0b4ed42f9ded9d20a3c7ce5c7c193ad47f9190570633c4,512,512,,,,,,,,,
train,SL9,ydfid/SL9/train/good/ydfid_train_004690.bmp,,0,True,0de554d4d521611da664c4a1e5e3e8b304dc1d088bd560927a9e49bac3f4a8f3,512,512,,,,,,,,,
train,SL9,ydfid/SL9/train/good/ydfid_train_004691.bmp,,0,True,c3cd359c235a34da839d0371b1fb22cd7100d8ccea193d17269500293b7111a2,512,512,,,,,,,,,
train,SL9,ydfid/SL9/train/good/ydfid_train_004692.bmp,,0,True,4345096f703a7ceba1175d883e8309cf9c02fec8ac60ad9fbe52f329910c02d9,512,512,,,,,,,,,
train,SL9,ydfid/SL9/train/good/ydfid_train_004693.bmp,,0,True,98843e89f26ac8e0bb69b14b02267a3cc5111bf44b2daa3817a1afdbb6558762,512,512,,,,,,,,,
train,SP19,ydfid/SP19/train/good/ydfid_train_004945.bmp,,0,True,f985d5a7ca0ff1d1828c9b3e3a55ff9afeaa4a0d07b4b0ca5653cdaeb0e21e1c,512,512,,,,,,,,,
train,SP19,ydfid/SP19/train/good/ydfid_train_004946.bmp,,0,True,ad25d9e0441c4578c90518e3f0e1f820a1aca8eeec161ac13896c1fa0f8f9b6c,512,512,,,,,,,,,
train,SP19,ydfid/SP19/train/good/ydfid_train_004947.bmp,,0,True,7fac481453c401d9d7d7103d7d7a3c047d8a29eb67765ae9fef0e6764b6bae4e,512,512,,,,,,,,,
train,SP19,ydfid/SP19/train/good/ydfid_train_004948.bmp,,0,True,35429f4f0f3222f799e1599e418145941edfb848a84b13f5103ed51dcdc08fd8,512,512,,,,,,,,,
train,SP19,ydfid/SP19/train/good/ydfid_train_004949.bmp,,0,True,0e2f85395c8e0e3caa42e9f91ad1a7ffa22e829aeee9b87257047f9880312772,512,512,,,,,,,,,
train,SP19,ydfid/SP19/train/good/ydfid_train_004950.bmp,,0,True,0c8d4da5ac7b073cf982ce22d01810ac52b5df025c6d8ef5ce8f15f24e2611ba,512,512,,,,,,,,,
train,SP19,ydfid/SP19/train/good/ydfid_train_004951.bmp,,0,True,9109ec91472c36f56d423818fb7d59bd5a62b2b8f5491f23222b5f7fdfac3231,512,512,,,,,,,,,
train,SP19,ydfid/SP19/train/good/ydfid_train_004952.bmp,,0,True,0c5454e608092bd3e8aa5d08f5996e4e4a162a04bc5ad0439ab6d39ab55bab3d,512,512,,,,,,,,,
train,SP19,ydfid/SP19/train/good/ydfid_train_004953.bmp,,0,True,7a834dd56766d7dbb6af1513e18d6a9051e613ffcb9f4e635af8b6f429b556a1,512,512,,,,,,,,,
train,SP19,ydfid/SP19/train/good/ydfid_train_004954.bmp,,0,True,56a4dceb3a728e53b2cb68ccb3e7349c82eb960a49ae37fc1756e8a6f377294d,512,512,,,,,,,,,
train,SP19,ydfid/SP19/train/good/ydfid_train_004955.bmp,,0,True,ac2b76a8f4c41dc8b7fbc14210951a6f35473c2a3dac85fb235b95049735db12,512,512,,,,,,,,,
train,SP19,ydfid/SP19/train/good/ydfid_train_004956.bmp,,0,True,770331586902278b10f888c7555ec0424775f0eecedea524ad143703ce711fbf,512,512,,,,,,,,,
train,SP19,ydfid/SP19/train/good/ydfid_train_004957.bmp,,0,True,56dc97a53d811faf59239e5e69a8f71230582e2211a53aed9a331e1ac67db7e6,512,512,,,,,,,,,
train,SP19,ydfid/SP19/train/good/ydfid_train_004958.bmp,,0,True,96468826301067973c67a0fbaff53c5aad006f9e7e02a3958916fdab9ea7a2ec,512,512,,,,,,,,,
train,SP19,ydfid/SP19/train/good/ydfid_train_004959.bmp,,0,True,a92db7e9859a2394be4035eb4ef15de86b5eb782d0277f064a5b6b5993550d5d,512,512,,,,,,,,,
train,SP19,ydfid/SP19/train/good/ydfid_train_004960.bmp,,0,True,bab4a85594cd67cdca87da25164d84eb34193cd3dbb7be600bea2c729ccce3a8,512,512,,,,,,,,,
train,SP19,ydfid/SP19/train/good/ydfid_train_004961.bmp,,0,True,51da589f9a6fea48bb2cd0ba05db31444452445e4662e48f8539be621e7d658c,512,512,,,,,,,,,
train,SP19,ydfid/SP19/train/good/ydfid_train_004962.bmp,,0,True,59b5fdc443d62328216d82f14e205f157166afe49f455fae969f3f0b2a55ea24,512,512,,,,,,,,,
train,SP19,ydfid/SP19/train/good/ydfid_train_004963.bmp,,0,True,c7467b40a6e4e0ed8b1d29df191f0835df440d274f8fe1e35715581e74158cb8,512,512,,,,,,,,,
train,SP19,ydfid/SP19/train/good/ydfid_train_004964.bmp,,0,True,11d1ce59bc159b6abd0fc15da751143fc9b9e8a59943b82072528bd14ffe591d,512,512,,,,,,,,,
train,SP19,ydfid/SP19/train/good/ydfid_train_004965.bmp,,0,True,afa25d4781ece58fea6c66bc35dc574e926db7c2d0cbd0cc2faf087ccffb26d8,512,512,,,,,,,,,
train,SP19,ydfid/SP19/train/good/ydfid_train_004966.bmp,,0,True,95bb0e537f7904746513226743e7cd26302dd5b471e54332f6759d8efa2fc869,512,512,,,,,,,,,
train,SP19,ydfid/SP19/train/good/ydfid_train_004967.bmp,,0,True,8c8b3602124c6464179fec605f79039ddaccd5f950e0b29c3868e940cdfdc8ef,512,512,,,,,,,,,
train,SP19,ydfid/SP19/train/good/ydfid_train_004968.bmp,,0,True,a0d0793e36e9b43eebe46b758a4d917abefb03bbf8cbbdf29f3fd529628dbd00,512,512,,,,,,,,,
train,SP19,ydfid/SP19/train/good/ydfid_train_004969.bmp,,0,True,3ebb29323e2f1494508d0a0d6e8dd4faff065e738eae4bd36404b321251943c7,512,512,,,,,,,,,
train,SP19,ydfid/SP19/train/good/ydfid_train_004970.bmp,,0,True,db266bb237cf45e451737236f5de84dd5a5dd8a2f6a8705599fbb1fda529a04a,512,512,,,,,,,,,
train,SP19,ydfid/SP19/train/good/ydfid_train_004971.bmp,,0,True,08dec6949ce3d046104cab662d7faf3657a59e255747b99ca9c4f09d70d6e0db,512,512,,,,,,,,,
train,SP19,ydfid/SP19/train/good/ydfid_train_004972.bmp,,0,True,f7721244f9b05b96b839f479c724bff3903f4da3dc29b7bbd8f6e8a28f6d0689,512,512,,,,,,,,,
train,SP19,ydfid/SP19/train/good/ydfid_train_004973.bmp,,0,True,c7cff7e4160fc55fe67c29b3093f54b20b5d99fb8f9fb35b6d178447abc395fc,512,512,,,,,,,,,
train,SP19,ydfid/SP19/train/good/ydfid_train_004974.bmp,,0,True,7280230afbc6ddb6218b928a17670c07608e9f133add017cb5d4390fec9960b8,512,512,,,,,,,,,
train,SP19,ydfid/SP19/train/good/ydfid_train_004975.bmp,,0,True,86e5fa42ede19728d37747d062797696f8689672709f132cbc14131f7b1f1ac0,512,512,,,,,,,,,
train,SP19,ydfid/SP19/train/good/ydfid_train_004976.bmp,,0,True,46919b053af89b16aa81af3aa8cf1c22674f3ba01841dfa599f50d49644975c8,512,512,,,,,,,,,
train,SP19,ydfid/SP19/train/good/ydfid_train_004977.bmp,,0,True,abcb7f841d265e693efd74c376487cda43ef1b5c6366322e104745cb1335ab40,512,512,,,,,,,,,
train,SP19,ydfid/SP19/train/good/ydfid_train_004978.bmp,,0,True,16bb47e5fbbd8ae86b43b17253f6a5b8498a3ce0468eeb9e0f4757216129ba1e,512,512,,,,,,,,,
train,SP19,ydfid/SP19/train/good/ydfid_train_004979.bmp,,0,True,15066f37205035cea0de9627612e4046639f6b4cda4297fce873b41e9c4adf45,512,512,,,,,,,,,
train,SP19,ydfid/SP19/train/good/ydfid_train_004980.bmp,,0,True,bb16413e709c04a63ce65fbf958822d82f018c8f26befd2bfca5c42bf3ce8525,512,512,,,,,,,,,
train,SP19,ydfid/SP19/train/good/ydfid_train_004981.bmp,,0,True,e1c390203d1ae3a12b870c5d4b8ffde532fe369b0690bc8dc83d18dc74a1f346,512,512,,,,,,,,,
train,SP19,ydfid/SP19/train/good/ydfid_train_004982.bmp,,0,True,2f8045a7c621e3873cdaa7824a7a968d757dc8227635025bb794392aeb8659b9,512,512,,,,,,,,,
train,SP19,ydfid/SP19/train/good/ydfid_train_004983.bmp,,0,True,fdd1c2e6d7081db5f8f69af9684a3f5338c5d9548ea658f15e1179be4819b429,512,512,,,,,,,,,
train,SP19,ydfid/SP19/train/good/ydfid_train_004984.bmp,,0,True,5f5739cc60a8a6bdc99371d032d79923553fc5aa81aaa20397b445488ba9d21e,512,512,,,,,,,,,
train,SP19,ydfid/SP19/train/good/ydfid_train_004985.bmp,,0,True,558b8d054edadc25b0b6ea2b3334c285e4bcf447ca04a6cff0ffec2c3e98b0a9,512,512,,,,,,,,,
train,SP19,ydfid/SP19/train/good/ydfid_train_004986.bmp,,0,True,ff353bae419186a1bc6a8343b87ba215bfa38149c4945322290c53668251ce5d,512,512,,,,,,,,,
train,SP19,ydfid/SP19/train/good/ydfid_train_004987.bmp,,0,True,edff60fd3a59337fa07d33bc3c5ca8231c70c6d8364637c6ecfcf4692e225ed7,512,512,,,,,,,,,
train,SP19,ydfid/SP19/train/good/ydfid_train_004988.bmp,,0,True,02f5b39f9376c4189b1a41fd98dcd625046ee209f590d91829cfbe4c0b9fbe96,512,512,,,,,,,,,
train,SP19,ydfid/SP19/train/good/ydfid_train_004989.bmp,,0,True,55500641760a93ffca645af3cb27204d6245875c68194d841d9595c227be478a,512,512,,,,,,,,,
train,SP19,ydfid/SP19/train/good/ydfid_train_004990.bmp,,0,True,151e480de6f4e940566bc003bbbbcb7b393720b79d4050429f45d6ce42b556aa,512,512,,,,,,,,,
train,SP19,ydfid/SP19/train/good/ydfid_train_004991.bmp,,0,True,11516c82cb6a16159ca4dea7cc85a672e4a57832553e3af7cde267cf573fe221,512,512,,,,,,,,,
train,SP19,ydfid/SP19/train/good/ydfid_train_004992.bmp,,0,True,a496389a1a7cf719ecdcc67e6ac5f0abfdec426fae5de0d08850e5c43b57f62b,512,512,,,,,,,,,
train,SP19,ydfid/SP19/train/good/ydfid_train_004993.bmp,,0,True,c3a9d72f763ccc9545bcad899b171adc28b9b514b093bc989a627850583cd63a,512,512,,,,,,,,,
train,SP19,ydfid/SP19/train/good/ydfid_train_004994.bmp,,0,True,3ea424976e98ac605ab1da82a46cb2c0edb05cc6663e603f51625208f6fbe5b6,512,512,,,,,,,,,
train,SP19,ydfid/SP19/train/good/ydfid_train_004995.bmp,,0,True,0e9ff467c33888c81f43276874b18fc9954a0fa7d3f2cca10c8fb3a614122fa8,512,512,,,,,,,,,
train,SP19,ydfid/SP19/train/good/ydfid_train_004996.bmp,,0,True,0c9733d4413b7109247b57d83764f52a54546bc1b94073a632adb74b44b37cd6,512,512,,,,,,,,,
train,SP19,ydfid/SP19/train/good/ydfid_train_004997.bmp,,0,True,4155d7659d1665f6fafecf29ffecf134b6b75da6d6ae26390f3091fa32277116,512,512,,,,,,,,,
train,SP19,ydfid/SP19/train/good/ydfid_train_004998.bmp,,0,True,12c50fa40e5f8043ae041231cb8886dcadfe46b246e4845fcbbc396fcaa87dfe,512,512,,,,,,,,,
train,SP19,ydfid/SP19/train/good/ydfid_train_004999.bmp,,0,True,23e7c0240c79dc31b0a86f161e2d0acc7d5d43eceff123028e8c45606b23f7f0,512,512,,,,,,,,,
train,SP19,ydfid/SP19/train/good/ydfid_train_005000.bmp,,0,True,6bd358c18ff6bdbd9d9541bea9470b3fc01ca595647a44bb19012ceca7abb457,512,512,,,,,,,,,
train,SP19,ydfid/SP19/train/good/ydfid_train_005001.bmp,,0,True,5eac1756b8b35a5049d32f82c82195400e0dfa4cca8f1827655c5ff52ba65b12,512,512,,,,,,,,,
train,SP19,ydfid/SP19/train/good/ydfid_train_005002.bmp,,0,True,32bc59078880873833cb60a820598b5ca8e7ccfa506ce08ef5f56798de612716,512,512,,,,,,,,,
train,SP19,ydfid/SP19/train/good/ydfid_train_005003.bmp,,0,True,d9b66b1a54bd7819361b18b3e8b9cb21a913ecf7452f4cff4c57a8215d2bfb34,512,512,,,,,,,,,
train,SP19,ydfid/SP19/train/good/ydfid_train_005004.bmp,,0,True,ab2f9d8ad1f44116252d86fde17fe1b9551e2ebc081dc355e8bc777f1cb644f7,512,512,,,,,,,,,
train,SP19,ydfid/SP19/train/good/ydfid_train_005005.bmp,,0,True,39c391e9c2bcede09b27c0810206e261296281dc2aebf8daa963eafcb4dc7b65,512,512,,,,,,,,,
train,SP19,ydfid/SP19/train/good/ydfid_train_005006.bmp,,0,True,621750c81c18d4a90c3a5b630aed35d5e01b22811ddd70c10379a6f609ca0d21,512,512,,,,,,,,,
train,SP19,ydfid/SP19/train/good/ydfid_train_005007.bmp,,0,True,41e158c42554810c828b209447f945c707c56e1439ea8b61d29cc6dffc4d2195,512,512,,,,,,,,,
train,SP19,ydfid/SP19/train/good/ydfid_train_005008.bmp,,0,True,72a2428ad4e4f70b383c7c1d57b1ce6487e2ebfcf63bd8d1f57e054234ca05b5,512,512,,,,,,,,,
train,SP19,ydfid/SP19/train/good/ydfid_train_005009.bmp,,0,True,dfd30c6c2ccfa239500c8863c5aa3ea86f4a584d7610f2409fb50fd2d3980318,512,512,,,,,,,,,
train,SP19,ydfid/SP19/train/good/ydfid_train_005010.bmp,,0,True,91d07820e6f182f5a2928db079186696880be4500310bae4a6c7d665129b85ff,512,512,,,,,,,,,
train,SP19,ydfid/SP19/train/good/ydfid_train_005011.bmp,,0,True,a481b78fbcba8e27309195736d3d00d993bfd7d7b570ab97721256b01040cdcb,512,512,,,,,,,,,
train,SP19,ydfid/SP19/train/good/ydfid_train_005012.bmp,,0,True,4e7afef0348913b9bd736ef06ee62b9b47f47ed9088b8638bfeaf4f4f6af5897,512,512,,,,,,,,,
train,SP19,ydfid/SP19/train/good/ydfid_train_005013.bmp,,0,True,d19b2414e43499c363319707cb22cd2b142d501f676176744d618c98c5baa102,512,512,,,,,,,,,
train,SP19,ydfid/SP19/train/good/ydfid_train_005014.bmp,,0,True,245a2b319e513080ef6139002cd63582b120c5d0eab7bcd11af9dd5fe5a73f49,512,512,,,,,,,,,
train,SP19,ydfid/SP19/train/good/ydfid_train_005015.bmp,,0,True,32698f39f6baa8d68601e5fe7780a337580f214d74acc23faa70281b22bc997e,512,512,,,,,,,,,
train,SP19,ydfid/SP19/train/good/ydfid_train_005016.bmp,,0,True,d4286c64d5bc2bb30735e04a31cd8ca5ec2c3405e7f52e7f74a8d239cee834f1,512,512,,,,,,,,,
train,SP19,ydfid/SP19/train/good/ydfid_train_005017.bmp,,0,True,567624389b4eab0d9676ef232e6b64eba30ab7d5c61b82e6dbc908cd47b1a75c,512,512,,,,,,,,,
train,SP19,ydfid/SP19/train/good/ydfid_train_005018.bmp,,0,True,1ab2ef257ac44da3214fc404ee995d35afb7bfdcfd60df3c5f28babf57dcd8d2,512,512,,,,,,,,,
train,SP19,ydfid/SP19/train/good/ydfid_train_005019.bmp,,0,True,61130c63fb2b5a142fbbfcb6ef43270978aeddc3cd8209c673bae578b5376aa2,512,512,,,,,,,,,
train,SP19,ydfid/SP19/train/good/ydfid_train_005020.bmp,,0,True,592e173ec85f976c3d9a29dc2b286f11fca5bbfb1719cc2f0732f0a7d5d36a73,512,512,,,,,,,,,
train,SP19,ydfid/SP19/train/good/ydfid_train_005021.bmp,,0,True,9d913d7d8ba858082cb6a02e38ffcf15795dce4e6d2425003f3793b2700279f8,512,512,,,,,,,,,
train,SP19,ydfid/SP19/train/good/ydfid_train_005022.bmp,,0,True,48f36bde54ca541928c6e246167801848debb36e70ddffb9347f4b0244e58a1b,512,512,,,,,,,,,
train,SP19,ydfid/SP19/train/good/ydfid_train_005023.bmp,,0,True,3a76844f827f062e70bca903ef56df475ec7187e086dd2b6557e43bf53ce11cc,512,512,,,,,,,,,
train,SP19,ydfid/SP19/train/good/ydfid_train_005024.bmp,,0,True,48bc02b3f2899045d1a7afdb8de4658958e5e685210a3e6c94f4ba87cafcbdee,512,512,,,,,,,,,
train,SP19,ydfid/SP19/train/good/ydfid_train_005025.bmp,,0,True,ac2ee142388e8dcca03434646df6347a4644aed9f15ae7c05e4ec5d227525393,512,512,,,,,,,,,
train,SP19,ydfid/SP19/train/good/ydfid_train_005026.bmp,,0,True,c6b3b29e2ed7e7258b6fd64cac463549515940360d4bc1438f921ebedbe21def,512,512,,,,,,,,,
train,SP19,ydfid/SP19/train/good/ydfid_train_005027.bmp,,0,True,ffa7aaf6b8e7d4c51cb87ce4ffdf27291c13392e5ee07fd82b3c44f3dff04387,512,512,,,,,,,,,
train,SP19,ydfid/SP19/train/good/ydfid_train_005028.bmp,,0,True,89a96467cef879da3fb6eb6352cda3421ae875a85eb38c181ea79c53c01db102,512,512,,,,,,,,,
train,SP19,ydfid/SP19/train/good/ydfid_train_005029.bmp,,0,True,2ecefa37fdcbbc978263754bc6de90de98d35546660de8af15ae6adeb43b4163,512,512,,,,,,,,,
train,SP19,ydfid/SP19/train/good/ydfid_train_005030.bmp,,0,True,386513676ff78184500fddb83aaa32604848dab6d7b0fb95037778310628e3a4,512,512,,,,,,,,,
train,SP19,ydfid/SP19/train/good/ydfid_train_005031.bmp,,0,True,4bee0bb5aecd9869659b58fb438b7b933c7156089cc5cb09d967eab2377ee13d,512,512,,,,,,,,,
train,SP19,ydfid/SP19/train/good/ydfid_train_005032.bmp,,0,True,237f00ae523fe13d616c7de0ffe7f81db316b253b898499396ca32278df14950,512,512,,,,,,,,,
train,SP19,ydfid/SP19/train/good/ydfid_train_005033.bmp,,0,True,48d579be6499ac075effce285c632453b1c5b581df96ec85018dd7d270f7e86d,512,512,,,,,,,,,
train,SP19,ydfid/SP19/train/good/ydfid_train_005034.bmp,,0,True,c9bcf18aa38c886fc263aed32caa21a0d05d432218e57a2294bf72bbb98c360c,512,512,,,,,,,,,
train,SP19,ydfid/SP19/train/good/ydfid_train_005035.bmp,,0,True,5b00beccb652a4bc4e031981aacb8574150e839ee9e94122ed0c19ff2e32b841,512,512,,,,,,,,,
train,SP19,ydfid/SP19/train/good/ydfid_train_005036.bmp,,0,True,5e385fe90fb25d245cfe21733639a27ec10f89ff1b3907e0b2c6f99b94b09476,512,512,,,,,,,,,
train,SP19,ydfid/SP19/train/good/ydfid_train_005037.bmp,,0,True,7395a0a8c6a4f2248784db7969539782cbca52d1747bd0cfb2ca219efcc24f81,512,512,,,,,,,,,
train,SP19,ydfid/SP19/train/good/ydfid_train_005038.bmp,,0,True,046fc452fdb1bcb7c4e3a26355c493f2f7f065169f46274e5e316076925dad55,512,512,,,,,,,,,
train,SP19,ydfid/SP19/train/good/ydfid_train_005039.bmp,,0,True,d8bf6943ba98a2a5789349c09a52df9346893a04d969c66a2dfb5a157e10ef29,512,512,,,,,,,,,
train,SP19,ydfid/SP19/train/good/ydfid_train_005040.bmp,,0,True,e4874dd8e4a4b8fe1839202f926f7ed1dd0cb097640fe9aa24e4ce5abaeae454,512,512,,,,,,,,,
train,SP19,ydfid/SP19/train/good/ydfid_train_005041.bmp,,0,True,56a022081ddf404261991252b5e6946ea6159cff00d5f8d7d40e709740141282,512,512,,,,,,,,,
train,SP19,ydfid/SP19/train/good/ydfid_train_005042.bmp,,0,True,e58dbff9d2409de19dc07910e238930538cd6dae04ae0bb2723a1e548035f052,512,512,,,,,,,,,
train,SP19,ydfid/SP19/train/good/ydfid_train_005043.bmp,,0,True,a745cbee14c416ca797cf89812b6f31d93faa3b0b4337b26caac391f8fde9bfc,512,512,,,,,,,,,
train,SP19,ydfid/SP19/train/good/ydfid_train_005044.bmp,,0,True,6130ccf627ebfae70e4bdfe640a3c127cff99cf1977370c7b7050afc7c9c8f3d,512,512,,,,,,,,,
train,SP19,ydfid/SP19/train/good/ydfid_train_005045.bmp,,0,True,c153a3c172fb0b9bab1e51d7f9565de0685d073d6134749e96eb5081d81395ac,512,512,,,,,,,,,
train,SP19,ydfid/SP19/train/good/ydfid_train_005046.bmp,,0,True,46d1f6eca4169ba1e0ff3fca126f9d6c44904b4d8aca4959b6ca67b7a5b406ec,512,512,,,,,,,,,
train,SP19,ydfid/SP19/train/good/ydfid_train_005047.bmp,,0,True,38bec2ae707492253ea38d0b4dfbb007598bbf9cf701373344908ca9f7413aa2,512,512,,,,,,,,,
train,SP19,ydfid/SP19/train/good/ydfid_train_005048.bmp,,0,True,d0414aa5338fc2c046e7373c6968b2e934a7e24be083c10f2054e623325c45ee,512,512,,,,,,,,,
train,SP19,ydfid/SP19/train/good/ydfid_train_005049.bmp,,0,True,385fd5ce5c4d07958080c7a3a1e0cd98bda175f9da139b853604d2f3dfdfb458,512,512,,,,,,,,,
train,SP19,ydfid/SP19/train/good/ydfid_train_005050.bmp,,0,True,d9f7b739bcc91dcbf2e601dd4b2361930a392240bc72800bbb18fb7578512fe3,512,512,,,,,,,,,
train,SP19,ydfid/SP19/train/good/ydfid_train_005051.bmp,,0,True,8922b7719f5c2e6ac952448c6742ccff4932e44554176b835546c5a6332da642,512,512,,,,,,,,,
train,SP19,ydfid/SP19/train/good/ydfid_train_005052.bmp,,0,True,9707bde9c222cf6595046719feb97c60d3916e93768ca377638957cfac9b9a27,512,512,,,,,,,,,
train,SP19,ydfid/SP19/train/good/ydfid_train_005053.bmp,,0,True,4dca6a2f609bef04504b954f8ec9800dd5a62cc097cb6bd03ee8d1a907e2ff0f,512,512,,,,,,,,,
train,SP19,ydfid/SP19/train/good/ydfid_train_005054.bmp,,0,True,0520e44abecd1fbe4c9b95b5b72f38017549b527083b6c5f149f33638681e461,512,512,,,,,,,,,
train,SP19,ydfid/SP19/train/good/ydfid_train_005055.bmp,,0,True,3f5f3ea8880d0317921a9981894096022856c95f51c67d57ace7acf1ca1462ed,512,512,,,,,,,,,
train,SP19,ydfid/SP19/train/good/ydfid_train_005056.bmp,,0,True,56c2c08924e7548fa53590b0c48751eed6f469ca398ef7c33d4bc513460dbf56,512,512,,,,,,,,,
train,SP19,ydfid/SP19/train/good/ydfid_train_005057.bmp,,0,True,57bd37de63b8cffd3717e7eadb9197423bb87666a2ead5616c837f387e3d2b02,512,512,,,,,,,,,
train,SP19,ydfid/SP19/train/good/ydfid_train_005058.bmp,,0,True,781cc05e472eee66255d537e4247d990b08d47abb72867f1c8cce702d4e1bd21,512,512,,,,,,,,,
train,SP19,ydfid/SP19/train/good/ydfid_train_005059.bmp,,0,True,5e1ed460924666a36f66ff15f9021c1f6eb39aed69d44bcaf843304ded0a047a,512,512,,,,,,,,,
train,SP19,ydfid/SP19/train/good/ydfid_train_005060.bmp,,0,True,460244349b6cc2936421efb8eea8913936ac13ccee20e5780b8bf25bc1d795cc,512,512,,,,,,,,,
train,SP19,ydfid/SP19/train/good/ydfid_train_005061.bmp,,0,True,575c8c82bcc49bed126ff8ffa388603167ec668d4efef94c3feafaf3823daa07,512,512,,,,,,,,,
train,SP19,ydfid/SP19/train/good/ydfid_train_005062.bmp,,0,True,e9a1cbfcd07e8a4a45c6d16696dd0a0ed1006814578b4e8406495fd2f1178d17,512,512,,,,,,,,,
train,SP19,ydfid/SP19/train/good/ydfid_train_005063.bmp,,0,True,d79eac95984111ffc1be6f560bdf98bf4ea89c4408ad50eef4831435ead70189,512,512,,,,,,,,,
train,SP19,ydfid/SP19/train/good/ydfid_train_005064.bmp,,0,True,8a26ae21652184f0e6db5fedb40c1d931b609220364087a2f48d5493e756a010,512,512,,,,,,,,,
train,SP19,ydfid/SP19/train/good/ydfid_train_005065.bmp,,0,True,baeb5dc44dbb19b0871d491585e09cad7f7958689781e2061a46ada73b97ede2,512,512,,,,,,,,,
train,SP19,ydfid/SP19/train/good/ydfid_train_005066.bmp,,0,True,aa33793ed7fcab271a851917d534380b10dc3ff2f4ca5bfee05f99f7743ac999,512,512,,,,,,,,,
train,SP19,ydfid/SP19/train/good/ydfid_train_005067.bmp,,0,True,478dce747b9f46864fcb56c546b2bfe881ec20d24c9b50104f86961938f8e9ad,512,512,,,,,,,,,
train,SP19,ydfid/SP19/train/good/ydfid_train_005068.bmp,,0,True,1eba53e79d08401ff000a381205d123a66781807a025e7dfd53433b1ab818146,512,512,,,,,,,,,
train,SP19,ydfid/SP19/train/good/ydfid_train_005069.bmp,,0,True,e181522190e643a4ccc739b8a0ebe2e926c2737d24045daa804a24bcd3fc86d9,512,512,,,,,,,,,
train,SP19,ydfid/SP19/train/good/ydfid_train_005070.bmp,,0,True,b1e49a8f8d94a232ef8ff940bc0faa9dfeec35510ba9b4d98a72d9b8479337a1,512,512,,,,,,,,,
train,SP19,ydfid/SP19/train/good/ydfid_train_005071.bmp,,0,True,f3e8e1c05c45254461e7359af5ae157ba4c222c2b7ec477efdfe6ba12fd88d72,512,512,,,,,,,,,
train,SP19,ydfid/SP19/train/good/ydfid_train_005072.bmp,,0,True,dc75eb8a2a90d91bb5d10a8a6598bc89644e174a34af8200020796270dada740,512,512,,,,,,,,,
train,SP19,ydfid/SP19/train/good/ydfid_train_005073.bmp,,0,True,4403581e7e5a2006e923798f28ce64e875cbec32f320dbdca358c348cabc7607,512,512,,,,,,,,,
train,SP19,ydfid/SP19/train/good/ydfid_train_005074.bmp,,0,True,44979e7dd7f49e67124796f23014a27e21535927a715a3f3505da167c6085ea7,512,512,,,,,,,,,
train,SP19,ydfid/SP19/train/good/ydfid_train_005075.bmp,,0,True,6b03ba8ba04f1374a3f19814e296bd17a2ea71a0f9a71632829dbb0282a859ca,512,512,,,,,,,,,
train,SP19,ydfid/SP19/train/good/ydfid_train_005076.bmp,,0,True,fc78e261038f57fb8e43adf48948922f4c21d1ade19289518322a31a3f702b63,512,512,,,,,,,,,
train,SP19,ydfid/SP19/train/good/ydfid_train_005077.bmp,,0,True,dca10b8cc5384571fa13219df2926d5957f3ec29692d4bf2aae923599f942ac7,512,512,,,,,,,,,
train,SP19,ydfid/SP19/train/good/ydfid_train_005078.bmp,,0,True,91da5ba67c92874da24dc32b8cf105d3311acccfd1f0b6cfe86fa8be9316e79b,512,512,,,,,,,,,
train,SP19,ydfid/SP19/train/good/ydfid_train_005079.bmp,,0,True,5c02852227a8f74acbc572add68d72affce3ee0a6683545f524ee25a25c666c6,512,512,,,,,,,,,
train,SP19,ydfid/SP19/train/good/ydfid_train_005080.bmp,,0,True,56cc9e862f305d634cdf2625b69ff9736744575f2030487643cbd5b1ca573949,512,512,,,,,,,,,
train,SP19,ydfid/SP19/train/good/ydfid_train_005081.bmp,,0,True,c6a7f718a40d70f12c9908f2bc17b99ad8ec00a7235a32ec137935410b6f70a4,512,512,,,,,,,,,
train,SP19,ydfid/SP19/train/good/ydfid_train_005082.bmp,,0,True,0af8c439b38a02551fcd10ee4bd2c6ce34b25352a13c10c387624a61d0cbbd5f,512,512,,,,,,,,,
train,SP19,ydfid/SP19/train/good/ydfid_train_005083.bmp,,0,True,1f5dce4a4c8824533352767476aae4e4099b7a83a2b65892d1a2e79cb823ecaf,512,512,,,,,,,,,
train,SP19,ydfid/SP19/train/good/ydfid_train_005084.bmp,,0,True,fd88d361c4ce56fb24f2b675c0c5397a044a15c077627fbf51952bcb23433834,512,512,,,,,,,,,
train,SP19,ydfid/SP19/train/good/ydfid_train_005085.bmp,,0,True,05152867104596a2f84d08fc9430c9db47d7a094e91dc5ef47ddb78b05aa43e8,512,512,,,,,,,,,
train,SP19,ydfid/SP19/train/good/ydfid_train_005086.bmp,,0,True,7bef5fad678b6e7f23e45a908401b3b49cdc1232b00d227276c46afb243e31b1,512,512,,,,,,,,,
train,SP19,ydfid/SP19/train/good/ydfid_train_005087.bmp,,0,True,d38b40e341a9e50cc8dda787e4a30fd8f9314f73807e96605231670cf61b9798,512,512,,,,,,,,,
train,SP19,ydfid/SP19/train/good/ydfid_train_005088.bmp,,0,True,95a81d633fdd9c8e0a281c7df5ee240b434985fd145161080748ee2d340740e4,512,512,,,,,,,,,
train,SP19,ydfid/SP19/train/good/ydfid_train_005089.bmp,,0,True,3d8b36d555eb067d67126c1a35d108afcf8bbdfcc770c31a524ba3880e5eff2c,512,512,,,,,,,,,
train,SP19,ydfid/SP19/train/good/ydfid_train_005090.bmp,,0,True,55f16bb71c4b266d5864c2248818501e71e94bcaa719a7b8c7adcc02cf385497,512,512,,,,,,,,,
train,SP19,ydfid/SP19/train/good/ydfid_train_005091.bmp,,0,True,45580f43ef69e5f486f969bfe78f4dc2f049e00085639effc4d71bf3b9524ca8,512,512,,,,,,,,,
train,SP19,ydfid/SP19/train/good/ydfid_train_005092.bmp,,0,True,71d04c50a70d37be6ee37f47a77ceee99d46c767ea0722b3bd021987680dc821,512,512,,,,,,,,,
train,SP19,ydfid/SP19/train/good/ydfid_train_005093.bmp,,0,True,b5dd60cd9434e712f887c16299d1b7c203ea85fff93671fec8947d1035aa0ba0,512,512,,,,,,,,,
train,SP19,ydfid/SP19/train/good/ydfid_train_005094.bmp,,0,True,fdb493099ad78e9cb369d4b169de79e3868584bfbf34fe78080d22f9539ffd9e,512,512,,,,,,,,,
train,SP19,ydfid/SP19/train/good/ydfid_train_005095.bmp,,0,True,f77bf02af78aa103376aa4c53e378d4c2119243693322331eab14503e08321d4,512,512,,,,,,,,,
train,SP19,ydfid/SP19/train/good/ydfid_train_005096.bmp,,0,True,674e6e68041cbd8bad56da904c39e10b28070cbdf9dfb526391863f879312df2,512,512,,,,,,,,,
train,SP19,ydfid/SP19/train/good/ydfid_train_005097.bmp,,0,True,bd0e199677cdbc07f02a017960d7baba90ac2c713806d881bb73d85b0b072f4f,512,512,,,,,,,,,
train,SP19,ydfid/SP19/train/good/ydfid_train_005098.bmp,,0,True,7acb340e93745a72a90825de6865134641ba6abe62068098ba6ca9c2647f628e,512,512,,,,,,,,,
train,SP24,ydfid/SP24/train/good/ydfid_train_005268.bmp,,0,True,2e0e2e679f69eb8caeafd3be20bc4254e662e29fdc305953b45c587aecc51045,512,512,,,,,,,,,
train,SP24,ydfid/SP24/train/good/ydfid_train_005269.bmp,,0,True,07fb2cd83675901dc57873972ed406f8f2514c4afd69ad43af9ef09e80e275bd,512,512,,,,,,,,,
train,SP24,ydfid/SP24/train/good/ydfid_train_005270.bmp,,0,True,0ac8cc4471078603ba997adbeaf2cb4403561decc16a23f8f70ac56dedbd3290,512,512,,,,,,,,,
train,SP24,ydfid/SP24/train/good/ydfid_train_005271.bmp,,0,True,74eb0be1d0bcf4a787c5fa6eee269d77f32dd3d6a3034c07d034c8d78b29b7f2,512,512,,,,,,,,,
train,SP24,ydfid/SP24/train/good/ydfid_train_005272.bmp,,0,True,ac1d7f663524e9253e6efc43b4cb4d81ba48f4abc63e000920df8e94feda7760,512,512,,,,,,,,,
train,SP24,ydfid/SP24/train/good/ydfid_train_005273.bmp,,0,True,0e095051ed93bfcb9fe2e98a6e054029886c4887079287422b83d2412f79002c,512,512,,,,,,,,,
train,SP24,ydfid/SP24/train/good/ydfid_train_005274.bmp,,0,True,3ba0194c901ea29706989b7790ce28c6c4e9afe929e3bed4f6d416abd5c4fc04,512,512,,,,,,,,,
train,SP24,ydfid/SP24/train/good/ydfid_train_005275.bmp,,0,True,77d3b709f2be2c9db5774ab10f66c3d8fab5e2c87dea8b6cb833ec7b18c6bad1,512,512,,,,,,,,,
train,SP24,ydfid/SP24/train/good/ydfid_train_005276.bmp,,0,True,937adf30eb3fc612ae9f957bc9d0b67e1b70c7d134109a73f0cf5a4ce9692b0f,512,512,,,,,,,,,
train,SP24,ydfid/SP24/train/good/ydfid_train_005277.bmp,,0,True,e08ab8f949be4cfd25b98807ebafe874ec78de8b9cb4b8db149b9f75cadd6e9f,512,512,,,,,,,,,
train,SP24,ydfid/SP24/train/good/ydfid_train_005278.bmp,,0,True,e3b1e6ae55d3d46eb880768153b0d3dfbf01d2792a17f6d53cfa4845d1fe172d,512,512,,,,,,,,,
train,SP24,ydfid/SP24/train/good/ydfid_train_005279.bmp,,0,True,54ec1e2c16515f28d9b77f8720184e5d20ea41ed8fe36f7abd74e714e785d94d,512,512,,,,,,,,,
train,SP24,ydfid/SP24/train/good/ydfid_train_005280.bmp,,0,True,5a27889c35673a0041a4bff23d38645f9cb27286bbae3742b7dca8f8b5233972,512,512,,,,,,,,,
train,SP24,ydfid/SP24/train/good/ydfid_train_005281.bmp,,0,True,78d62a73ca2721bd093a22ecc41213d3b03f4d76e33ca41339ae80ead1110efb,512,512,,,,,,,,,
train,SP24,ydfid/SP24/train/good/ydfid_train_005282.bmp,,0,True,64a8e8deb015db664fb748ed0563cdc7b6999c684449e68a4b3e7bf0065d16c2,512,512,,,,,,,,,
train,SP24,ydfid/SP24/train/good/ydfid_train_005283.bmp,,0,True,66cf538cfb4a02c3b51526aee0ccde1089dfec0cfce0205e94faba8588694ac9,512,512,,,,,,,,,
train,SP24,ydfid/SP24/train/good/ydfid_train_005284.bmp,,0,True,aea6b5100c5cd753e9aa50c350badf00c969bfff7b0660a076b9668db54563b2,512,512,,,,,,,,,
train,SP24,ydfid/SP24/train/good/ydfid_train_005285.bmp,,0,True,e21a281e53f6c7279aba611b7f990ab5ed294bb9579b7c368e8a2548985febad,512,512,,,,,,,,,
train,SP24,ydfid/SP24/train/good/ydfid_train_005286.bmp,,0,True,5a7a358628d427613b31a8ef193bfaab17c3da80793ae3f35ebe091c5fbaf544,512,512,,,,,,,,,
train,SP24,ydfid/SP24/train/good/ydfid_train_005287.bmp,,0,True,507ab6fd6b5c53f5d26971637bc6b3cf0f57c96fd3d4ce84e2b42f61fdcb73b2,512,512,,,,,,,,,
train,SP24,ydfid/SP24/train/good/ydfid_train_005288.bmp,,0,True,536758a74944f2980657d369f443ff1ea6ccb9b7f915b83af0ad85746f1a135b,512,512,,,,,,,,,
train,SP24,ydfid/SP24/train/good/ydfid_train_005289.bmp,,0,True,59e4d10493b23b2c1308bcdcb98aed4449657bccb8b8fab27355cea508407160,512,512,,,,,,,,,
train,SP24,ydfid/SP24/train/good/ydfid_train_005290.bmp,,0,True,7d4eeb48909a3adbc71d27e3fa53fb1e3c4160079fe85370272b1281ccb641b5,512,512,,,,,,,,,
train,SP24,ydfid/SP24/train/good/ydfid_train_005291.bmp,,0,True,ddc5c6465f111d7254a1e3acb5121ffee0a50e6c65a9dfe586dc610e444120b7,512,512,,,,,,,,,
train,SP24,ydfid/SP24/train/good/ydfid_train_005292.bmp,,0,True,e49e64b1a9654d0c57d30bf14230d54144554a10579c42d37be8bef4cbe604f2,512,512,,,,,,,,,
train,SP24,ydfid/SP24/train/good/ydfid_train_005293.bmp,,0,True,40c15573a7e7f69abf97cefd7cb8edcd8bb6405cc70726e7e9f26043b0d79b49,512,512,,,,,,,,,
train,SP24,ydfid/SP24/train/good/ydfid_train_005294.bmp,,0,True,c0d0e0908fcc0a3d2e1237ab41d98ac6b0e7022406a756cdebdb5d2ba111a7a6,512,512,,,,,,,,,
train,SP24,ydfid/SP24/train/good/ydfid_train_005295.bmp,,0,True,8d4e583e411f38f90e3b9135d1ed6ebb7e9f27bdf24948992cab53f8a6ccf750,512,512,,,,,,,,,
train,SP24,ydfid/SP24/train/good/ydfid_train_005296.bmp,,0,True,076091f4c993bd90664b065808459e4daab731811a6a2280b7acd2d4eda2c56b,512,512,,,,,,,,,
train,SP24,ydfid/SP24/train/good/ydfid_train_005297.bmp,,0,True,a3b12db879eabaa96cb17f5b61d95bce34d5de1662b5dc61b927578f2d2b1070,512,512,,,,,,,,,
train,SP24,ydfid/SP24/train/good/ydfid_train_005298.bmp,,0,True,7e24269cde1714e0856115ad2f8af4245da56f55d459320ab53c5e4eeb13c70f,512,512,,,,,,,,,
train,SP24,ydfid/SP24/train/good/ydfid_train_005299.bmp,,0,True,527ed9c55b3214b0658343112a01f0e29f09cd640a512c594597092f6af71e92,512,512,,,,,,,,,
train,SP24,ydfid/SP24/train/good/ydfid_train_005300.bmp,,0,True,15cdd7d46ca4f644deab21407fe1224bc32436a042921f8472a5c3f1567da35a,512,512,,,,,,,,,
train,SP24,ydfid/SP24/train/good/ydfid_train_005301.bmp,,0,True,9e8fdbdeec13b62437de6599d15f8b5dd205d4adcdd8d2e224510c5c6153f686,512,512,,,,,,,,,
train,SP24,ydfid/SP24/train/good/ydfid_train_005302.bmp,,0,True,eb5603d54b00a7b90bb980276c9e4f3fe96dc780ddbbdecb1483e315fe07f4be,512,512,,,,,,,,,
train,SP24,ydfid/SP24/train/good/ydfid_train_005303.bmp,,0,True,12342dbf314d533d80d4547fc1d04e3a0b41f572c5165dec8163285c816878fd,512,512,,,,,,,,,
train,SP24,ydfid/SP24/train/good/ydfid_train_005304.bmp,,0,True,f121c1b4323e26ce357cd8f4888557a3131fab180a5b0429c122bb8aab1c718e,512,512,,,,,,,,,
train,SP24,ydfid/SP24/train/good/ydfid_train_005305.bmp,,0,True,252d8f29d00c829f1ac8513a5199c7d0d815cb0f8edc650c85d6dba41d6824bb,512,512,,,,,,,,,
train,SP24,ydfid/SP24/train/good/ydfid_train_005306.bmp,,0,True,0eb5bffeda461f4505274c9b5de7764e1ba82a12d350f11946528e77334a8b60,512,512,,,,,,,,,
train,SP24,ydfid/SP24/train/good/ydfid_train_005307.bmp,,0,True,e412507c808ec9949dcd19b49d808deb8fd57beaad89b4de33e45758fd97b9f5,512,512,,,,,,,,,
train,SP24,ydfid/SP24/train/good/ydfid_train_005308.bmp,,0,True,7cffe8323d016217f3b3723dccdb9d7ac65f3a9b9b939b55abdb973c593b3f75,512,512,,,,,,,,,
train,SP24,ydfid/SP24/train/good/ydfid_train_005309.bmp,,0,True,cefd81ec426f76bc742501a1e5e9c6493b4d869325a31bc52ef0b15e5efe028c,512,512,,,,,,,,,
train,SP24,ydfid/SP24/train/good/ydfid_train_005310.bmp,,0,True,dc023cfb5e46233da78a1f313cdf74ad82999d0c9a5c5ca9ab9220975465ec71,512,512,,,,,,,,,
train,SP24,ydfid/SP24/train/good/ydfid_train_005311.bmp,,0,True,a589544a76dc7c6e24efd7a5735a3b22103596d42345f4e8e60f4b1ac14545e9,512,512,,,,,,,,,
train,SP24,ydfid/SP24/train/good/ydfid_train_005312.bmp,,0,True,021ec729a33412842750a2ca3b2fdc30aee933784d6a565b9c03c6484b391a08,512,512,,,,,,,,,
train,SP24,ydfid/SP24/train/good/ydfid_train_005313.bmp,,0,True,650a936e1c0d19ec821373dcb9052a166ebe05a1515fcfa274fa985b17d0af36,512,512,,,,,,,,,
train,SP24,ydfid/SP24/train/good/ydfid_train_005314.bmp,,0,True,8d6aa6c4f7c91f3f239606d98c0c359170645ef25dd10eba7a064c0580e8a3ad,512,512,,,,,,,,,
train,SP24,ydfid/SP24/train/good/ydfid_train_005315.bmp,,0,True,68c12505e33b2800825280d6d42db9e163745f2cfab811785c5ca8d8e595b137,512,512,,,,,,,,,
train,SP24,ydfid/SP24/train/good/ydfid_train_005316.bmp,,0,True,dd24b3de4f857b78e3f3a828855d78b687467cd1bf9887bf6e895cfda64850d8,512,512,,,,,,,,,
train,SP24,ydfid/SP24/train/good/ydfid_train_005317.bmp,,0,True,53bac9e5a5e939857fa289e3cd1022f6629681745aae1dd624199f552eca6300,512,512,,,,,,,,,
train,SP24,ydfid/SP24/train/good/ydfid_train_005318.bmp,,0,True,834aee467531137a74e52d41a7e5670b644caf005a72cac2001b3c80a92e5b59,512,512,,,,,,,,,
train,SP24,ydfid/SP24/train/good/ydfid_train_005319.bmp,,0,True,674c3126a887075019525958b183bb7895076a8039b5b85875682a6e9db30fbe,512,512,,,,,,,,,
train,SP24,ydfid/SP24/train/good/ydfid_train_005320.bmp,,0,True,eb671c2a1ca8e8c15c0af297306c29073c6d540e579be315e4aaca9a8e6dab57,512,512,,,,,,,,,
train,SP24,ydfid/SP24/train/good/ydfid_train_005321.bmp,,0,True,605b7ef7536b5d247e9aa96cfa3a9335251258ad1516ea36c222fa5a1c6182ce,512,512,,,,,,,,,
train,SP24,ydfid/SP24/train/good/ydfid_train_005322.bmp,,0,True,d56069ac89a43bdd1c6bc3494f818efdf873693b91178ab9f4ea7ba08f925e15,512,512,,,,,,,,,
train,SP24,ydfid/SP24/train/good/ydfid_train_005323.bmp,,0,True,472ced6bd99f996d48d1026042faace3bc1564653ca9c44ee3e27aed84372120,512,512,,,,,,,,,
train,SP24,ydfid/SP24/train/good/ydfid_train_005324.bmp,,0,True,e91ee7ed9f3cf0b4fcdebe004de40f7d1ada2383c1959aecbfc19f2f8cb8a553,512,512,,,,,,,,,
train,SP24,ydfid/SP24/train/good/ydfid_train_005325.bmp,,0,True,bbbab324278f32725fc327871afac203b5211deead8b715b0f7a5b9233b321b4,512,512,,,,,,,,,
train,SP24,ydfid/SP24/train/good/ydfid_train_005326.bmp,,0,True,f7f0a577e222110f5ce945f8bd764245246188bb7ef490aa1caed1b82dde9583,512,512,,,,,,,,,
train,SP24,ydfid/SP24/train/good/ydfid_train_005327.bmp,,0,True,7db579a82ebd3ae1d7ed2b49184107cd77db1f928ed8e6251d537a7a5e093cd5,512,512,,,,,,,,,
train,SP24,ydfid/SP24/train/good/ydfid_train_005328.bmp,,0,True,75075d0f336adc303f0290911c92595450db90cc2604cf6fefb063a26193edc5,512,512,,,,,,,,,
train,SP24,ydfid/SP24/train/good/ydfid_train_005329.bmp,,0,True,ba042275a9bab13c158ed061b2593cb1f35751fa7daa42d703288b1276f321cb,512,512,,,,,,,,,
train,SP24,ydfid/SP24/train/good/ydfid_train_005330.bmp,,0,True,01eb363f3f4746693e6ad739fcaff9b3ce4c6e150d579fa07d56cb8d71ba4a27,512,512,,,,,,,,,
train,SP24,ydfid/SP24/train/good/ydfid_train_005331.bmp,,0,True,d7022299ee44937daa956a74ebe674a7fca32e19485b43a9edbfe11927f45f08,512,512,,,,,,,,,
train,SP24,ydfid/SP24/train/good/ydfid_train_005332.bmp,,0,True,eb3974ad2fce354bd6056188cff50fe9cc1a5d75acaeb1c8c0e76ab1b1271261,512,512,,,,,,,,,
train,SP24,ydfid/SP24/train/good/ydfid_train_005333.bmp,,0,True,cd1fbbab2b77c0e9b24975b475723e5d57beacb880d31a48b03443a279812380,512,512,,,,,,,,,
train,SP24,ydfid/SP24/train/good/ydfid_train_005334.bmp,,0,True,475e479320b6395ff2741777365fe6d7f0917ebb282276b5732d6bc1c5995439,512,512,,,,,,,,,
train,SP24,ydfid/SP24/train/good/ydfid_train_005335.bmp,,0,True,f2a7e24993aea702ad07739f4de84b10aa1e99275f584623cc289f06dfd217e8,512,512,,,,,,,,,
train,SP24,ydfid/SP24/train/good/ydfid_train_005336.bmp,,0,True,1f35b374fe878a06403b136820ce7c7e9a97758ea13e0f6ec2359d1bcd0291fb,512,512,,,,,,,,,
train,SP24,ydfid/SP24/train/good/ydfid_train_005337.bmp,,0,True,a527da5995034e4c7b0b3d6df9dcac3f870e7a035983cd13da4256f9bf3f0801,512,512,,,,,,,,,
train,SP24,ydfid/SP24/train/good/ydfid_train_005338.bmp,,0,True,037f553739dcdb6130dc04dd28f197bdcc061955a8adebc588bc057669309e1b,512,512,,,,,,,,,
train,SP24,ydfid/SP24/train/good/ydfid_train_005339.bmp,,0,True,e3994270f7590186b68a9d49bfe9d0c73be8ce3d3c76dc7926752df224437b65,512,512,,,,,,,,,
train,SP24,ydfid/SP24/train/good/ydfid_train_005340.bmp,,0,True,7ae71915360708e73c275ccb7c4f89c745028ccf72ed79fbff2139c116fdad8e,512,512,,,,,,,,,
train,SP24,ydfid/SP24/train/good/ydfid_train_005341.bmp,,0,True,4a219286c39d04282c8d05a0197a3b78322d811511c223670fe6c841014caa9a,512,512,,,,,,,,,
train,SP24,ydfid/SP24/train/good/ydfid_train_005342.bmp,,0,True,abf5fa6412b8085a08f4fd95d8cf11eeed9121b7471bba8c24a566943dca98e9,512,512,,,,,,,,,
train,SP24,ydfid/SP24/train/good/ydfid_train_005343.bmp,,0,True,9e9209a21fe1eff0039100b304aade8ba5783d2f0343aa34be388768bb08afe5,512,512,,,,,,,,,
train,SP24,ydfid/SP24/train/good/ydfid_train_005344.bmp,,0,True,6203a78756bd37744ddf62c41f940d6d07b3b43f7e254a453860f5d540fe38fe,512,512,,,,,,,,,
train,SP24,ydfid/SP24/train/good/ydfid_train_005345.bmp,,0,True,ad00dd9ae739d50dfbc6602bb390d3c2a18e32e28bf94ec8e23c4cf42ed87314,512,512,,,,,,,,,
train,SP24,ydfid/SP24/train/good/ydfid_train_005346.bmp,,0,True,1afc349a3c7f8cf5e1138f8374f26906bd238e0c116a3b5b1e07d598b41b9c2a,512,512,,,,,,,,,
train,SP24,ydfid/SP24/train/good/ydfid_train_005347.bmp,,0,True,07af5d6d2ee7bde97941a842f4a68555c12500bd1a8df9b495b13475c6d35432,512,512,,,,,,,,,
train,SP24,ydfid/SP24/train/good/ydfid_train_005348.bmp,,0,True,2daf67ecfe6590a272227b869b4404758b2da8cd3aacf4b011b1b07c968ab9cf,512,512,,,,,,,,,
train,SP24,ydfid/SP24/train/good/ydfid_train_005349.bmp,,0,True,a6a1dabbcac8d25ba9de5300b7bf96f03d9ff1e7c2e54b29d55a822e4cae274a,512,512,,,,,,,,,
train,SP24,ydfid/SP24/train/good/ydfid_train_005350.bmp,,0,True,c8efbf73c1e87f5c91d123e0ac4ef617e5a99f467c91dc5aa8a9b22d41666cd6,512,512,,,,,,,,,
train,SP24,ydfid/SP24/train/good/ydfid_train_005351.bmp,,0,True,5977f1f2c8dc39b4370f058fc2a941210d180e8a24d9f2b47c78045d1247abf3,512,512,,,,,,,,,
train,SP24,ydfid/SP24/train/good/ydfid_train_005352.bmp,,0,True,63884c6b7c21d0a10abf6bce29dae0ab78e90aab60a358f05237e5f44715521d,512,512,,,,,,,,,
train,SP24,ydfid/SP24/train/good/ydfid_train_005353.bmp,,0,True,32f438ab2eed9add1f3d1e96458e6d20b114746f94be3a64e8d06c55b375ee1a,512,512,,,,,,,,,
train,SP24,ydfid/SP24/train/good/ydfid_train_005354.bmp,,0,True,a311886bac1f437d4d3944bd4a5bb0a1253faf15d6a40e054650f23a9f58dcde,512,512,,,,,,,,,
train,SP24,ydfid/SP24/train/good/ydfid_train_005355.bmp,,0,True,7f39469cafe4989724e6517961a2e61eb1fa70064cd798fcc68ede98898764de,512,512,,,,,,,,,
train,SP24,ydfid/SP24/train/good/ydfid_train_005356.bmp,,0,True,a8444e10d18ca57fb681ed7282b5cbd3160ce0b0e3b67bb0249a0f1980e6a87e,512,512,,,,,,,,,
train,SP24,ydfid/SP24/train/good/ydfid_train_005357.bmp,,0,True,32f34e8116600289d6e74692bf332534a1be16071219d9baebd54898ec6281ec,512,512,,,,,,,,,
train,SP24,ydfid/SP24/train/good/ydfid_train_005358.bmp,,0,True,7bfcc3b1907b9321a2bc1bb657d8269c09b007e4e3fa4535dc0752d0614b6255,512,512,,,,,,,,,
train,SP24,ydfid/SP24/train/good/ydfid_train_005359.bmp,,0,True,16d3b7a998d9460246eb34c7b826dd8717c2606ad952ec838029a5b9e0ca5b23,512,512,,,,,,,,,
train,SP24,ydfid/SP24/train/good/ydfid_train_005360.bmp,,0,True,a2ccfdce2aed1024006f5d2c098b73e9850f8d2438154e0d81b1db4ff8cb0938,512,512,,,,,,,,,
train,SP24,ydfid/SP24/train/good/ydfid_train_005361.bmp,,0,True,bc3c5748b62f09a6af3b5184b025682bf2dc95ccbfc05725d7e370b5a7d0c3d7,512,512,,,,,,,,,
train,SP24,ydfid/SP24/train/good/ydfid_train_005362.bmp,,0,True,ce3d4c05bf6634c58edcf3615e07b860c46cec23644852361d3d01b32cb03262,512,512,,,,,,,,,
train,SP24,ydfid/SP24/train/good/ydfid_train_005363.bmp,,0,True,202714a5822aa031a9512252b5298e9220c7e21bb250286eaeddfe545b42f402,512,512,,,,,,,,,
train,SP24,ydfid/SP24/train/good/ydfid_train_005364.bmp,,0,True,b8ecffd58bc5e0c6a613a426589995dbae51098d75c010de12816a68cf6bb805,512,512,,,,,,,,,
train,SP24,ydfid/SP24/train/good/ydfid_train_005365.bmp,,0,True,f7fbb56a664309c37da2f3647e7a47b4d57b95f2453d2ae7cc53a904af16c244,512,512,,,,,,,,,
train,SP24,ydfid/SP24/train/good/ydfid_train_005366.bmp,,0,True,5d26671957a15df779ae5ee90bddd8f09fcc59dd1023cf79ee95f96e091282f2,512,512,,,,,,,,,
train,SP24,ydfid/SP24/train/good/ydfid_train_005367.bmp,,0,True,0cd53ccec5733e4dadeb10ee9ad07dddc3708085c148b88ef6ab652af832dd49,512,512,,,,,,,,,
train,SP24,ydfid/SP24/train/good/ydfid_train_005368.bmp,,0,True,e10b0ad617e7c6a12b067b937faa6dc411672cadce96dab0291c081e4a3387f7,512,512,,,,,,,,,
train,SP24,ydfid/SP24/train/good/ydfid_train_005369.bmp,,0,True,1bb8b4d5cc9a34f28102348d36fef953d451a8280000a248d3f512115db2b643,512,512,,,,,,,,,
train,SP24,ydfid/SP24/train/good/ydfid_train_005370.bmp,,0,True,25b0b56675a33ad6f4d25a4f70519669bf672d52ba7c697bc34947e16063bd20,512,512,,,,,,,,,
train,SP24,ydfid/SP24/train/good/ydfid_train_005371.bmp,,0,True,89b6dfff45827ee12249ef130081e29b6982d0a26fc0610bc1d8c005e2237462,512,512,,,,,,,,,
train,SP24,ydfid/SP24/train/good/ydfid_train_005372.bmp,,0,True,2fc77286f1f01eda99416c74298170f5787078e97a649b1d06e6404d40855e3e,512,512,,,,,,,,,
train,SP24,ydfid/SP24/train/good/ydfid_train_005373.bmp,,0,True,8914f4cd31c345cbd631f79267eb8923bda4baa5e3b9dca4d22288d13e824046,512,512,,,,,,,,,
train,SP24,ydfid/SP24/train/good/ydfid_train_005374.bmp,,0,True,b2ba6c0a8afdd7d8f73b7ad986fa2903cc617f342a81239e83edafd2f8a99031,512,512,,,,,,,,,
train,SP24,ydfid/SP24/train/good/ydfid_train_005375.bmp,,0,True,e653d99ed7486363b0dc83c21dc52c8a2b6863966e7fde7145bb01566b1c6a3a,512,512,,,,,,,,,
train,SP24,ydfid/SP24/train/good/ydfid_train_005376.bmp,,0,True,a8122574e1f046c8a8c4562eb19e21dc5416332eb93c843acfb6781b0f11b4ea,512,512,,,,,,,,,
train,SP24,ydfid/SP24/train/good/ydfid_train_005377.bmp,,0,True,cfb94c09649265dc0da4b3b968c0954aa42924a2bf50dc8fe68f6416e9f1c5c6,512,512,,,,,,,,,
train,SP24,ydfid/SP24/train/good/ydfid_train_005378.bmp,,0,True,e0f96a52c1b756f39511ac1f227f14d37a0efcf30407be5bce00a114bd86a5dc,512,512,,,,,,,,,
train,SP24,ydfid/SP24/train/good/ydfid_train_005379.bmp,,0,True,5756256e15c5c14282ac8bcfc9981f7a2bf25077cc6d0d0df6083d98bb27ed44,512,512,,,,,,,,,
train,SP24,ydfid/SP24/train/good/ydfid_train_005380.bmp,,0,True,a246e23d55908879399b57bb5d32eadb0918f3e522444dce18bcb16ffe4c38da,512,512,,,,,,,,,
train,SP24,ydfid/SP24/train/good/ydfid_train_005381.bmp,,0,True,6bbf3c6bd83de7b9b6e7b1aa484c3077f64fab19647255088db6ac22a53320a9,512,512,,,,,,,,,
train,SP24,ydfid/SP24/train/good/ydfid_train_005382.bmp,,0,True,2adbd656e99f0aa5a20b73f05fb153dd0ea62fb98eec809076aeba5165167f4b,512,512,,,,,,,,,
train,SP24,ydfid/SP24/train/good/ydfid_train_005383.bmp,,0,True,79e99ef86be44a1723a2264b96156b1af5ab4f6e55191f679ccf6b7196b26dc5,512,512,,,,,,,,,
train,SP24,ydfid/SP24/train/good/ydfid_train_005384.bmp,,0,True,04fb9f007abb23ca7af3ed7cbfa83333d28b4175f531398dcbabfa5483f7de73,512,512,,,,,,,,,
train,SP24,ydfid/SP24/train/good/ydfid_train_005385.bmp,,0,True,cca0667c47a0889c42d861ca83a68b702b565d6f3b8ec9ac9ce0fea13bcb6f36,512,512,,,,,,,,,
train,SP24,ydfid/SP24/train/good/ydfid_train_005386.bmp,,0,True,98e483a149164a69735dc4fa34c2d784771deb55f46ed528421b740d39b0163b,512,512,,,,,,,,,
train,SP24,ydfid/SP24/train/good/ydfid_train_005387.bmp,,0,True,1332b68e11e1863dffdcc00fbf1f6bcc380503319b5848d046eb68cb15db2338,512,512,,,,,,,,,
train,SP24,ydfid/SP24/train/good/ydfid_train_005388.bmp,,0,True,8b27362c76e8866c6c66e9783de6acf73886ee2a600818971894c509a8ca9714,512,512,,,,,,,,,
train,SP24,ydfid/SP24/train/good/ydfid_train_005389.bmp,,0,True,a1f23b6c890c0e1a87d44ba6f3f3d7e50c1cf75bcba3e7bb3320f370a394fcbe,512,512,,,,,,,,,
train,SP24,ydfid/SP24/train/good/ydfid_train_005390.bmp,,0,True,52e9f9c5773b2dd8a4769c890d6400ebee32b9e47e0976bc06b23b7894499f73,512,512,,,,,,,,,
train,SP24,ydfid/SP24/train/good/ydfid_train_005391.bmp,,0,True,961aa1b61e10bd1bde83a6efb069c84c4d6c8cc1649d94c615eec247b1e5f021,512,512,,,,,,,,,
train,SP24,ydfid/SP24/train/good/ydfid_train_005392.bmp,,0,True,3d0cb30a17df176e1be1b2e26f931f6b680308a0a3fa3e56c5153858487c2ac7,512,512,,,,,,,,,
train,SP24,ydfid/SP24/train/good/ydfid_train_005393.bmp,,0,True,1e53cf00eb8c9efa08248c8dd0da08a96f2603f166366ce488dfe86c26ec323a,512,512,,,,,,,,,
train,SP24,ydfid/SP24/train/good/ydfid_train_005394.bmp,,0,True,7eec2295dd0d7c620d1eecbad8d103c0bfc959013cf2f4b6894af3915805ee38,512,512,,,,,,,,,
train,SP24,ydfid/SP24/train/good/ydfid_train_005395.bmp,,0,True,bdd8ea980850aabe09b26320197ac826783b1e856f5d2beacd5b43c3bff7e6df,512,512,,,,,,,,,
train,SP24,ydfid/SP24/train/good/ydfid_train_005396.bmp,,0,True,887bc70b168448fa021eb8613955dd548a065a9308e5e5a3fdc2ebcc4cf9d286,512,512,,,,,,,,,
train,SP24,ydfid/SP24/train/good/ydfid_train_005397.bmp,,0,True,6d15b13458a9393ba23fdaba30027f389ce11b9316957dc3372677efd16b1e8a,512,512,,,,,,,,,
train,SP24,ydfid/SP24/train/good/ydfid_train_005398.bmp,,0,True,57b5cc8e29d6314e0ad5d7a19fc1876a88b8df6e1e35f294a1e96bfcb3205392,512,512,,,,,,,,,
train,SP24,ydfid/SP24/train/good/ydfid_train_005399.bmp,,0,True,19b6db6e625ffa2c2cf03e87e7ad70b063171a9a6939e24a1dba25dbcf2b3532,512,512,,,,,,,,,
train,SP24,ydfid/SP24/train/good/ydfid_train_005400.bmp,,0,True,5f6fc184caa1054015e419984fd1f2e9bb85679ff9fb263e8f0a6af943c109aa,512,512,,,,,,,,,
train,SP24,ydfid/SP24/train/good/ydfid_train_005401.bmp,,0,True,6fb8fbc53869e9fddef287a8af600a517eec80f4ba9687dba612304a1b2dbd56,512,512,,,,,,,,,
train,SP24,ydfid/SP24/train/good/ydfid_train_005402.bmp,,0,True,a9e9e3833bc8655158187b8e3989e9b89cf7fb170a3f59a6e157a89c2ca5b7bc,512,512,,,,,,,,,
train,SP24,ydfid/SP24/train/good/ydfid_train_005403.bmp,,0,True,1c4c54350ef47529930ca40acc11d529e579472d40d1cc8b8df46794f0e0e4c5,512,512,,,,,,,,,
train,SP24,ydfid/SP24/train/good/ydfid_train_005404.bmp,,0,True,c3e8fabfbb4e43279f3f606db01d6f23518ac306343c39039c5a3696989af2e8,512,512,,,,,,,,,
train,SP24,ydfid/SP24/train/good/ydfid_train_005405.bmp,,0,True,e57cb7b5d8a734b1f9a68e02538894db564c3033164b7c83db262f615196ee8e,512,512,,,,,,,,,
train,SP24,ydfid/SP24/train/good/ydfid_train_005406.bmp,,0,True,dc33576b893ca7dca58efd161fd9ea150a3054e64a75fe4c081757cae80aef8d,512,512,,,,,,,,,
train,SP24,ydfid/SP24/train/good/ydfid_train_005407.bmp,,0,True,a9fb09e1c857a4cf6b01518d0000b9e8d22e38bfa498db5a4d4bd2c8fb23f1a8,512,512,,,,,,,,,
train,SP24,ydfid/SP24/train/good/ydfid_train_005408.bmp,,0,True,a5ea29071af261829f4c8993c20e97fc2d61338aa84d0b3dad2e4841a8bfa2d2,512,512,,,,,,,,,
train,SP24,ydfid/SP24/train/good/ydfid_train_005409.bmp,,0,True,d5e34ec739df21ea9b7d38061e7b59dcdb05d894853406bdf0804b9781a7a0c3,512,512,,,,,,,,,
train,SP24,ydfid/SP24/train/good/ydfid_train_005410.bmp,,0,True,8bc4d20b3c223d8e511989fdb76f7f5c7d2cf8f0a129769d9d5ef0b21418023b,512,512,,,,,,,,,
train,SP24,ydfid/SP24/train/good/ydfid_train_005411.bmp,,0,True,3383afaa68f7db6bbc515658017359e3bd153d37838b7bfbc43eab13947e6606,512,512,,,,,,,,,
train,SP24,ydfid/SP24/train/good/ydfid_train_005412.bmp,,0,True,3f5d5a4dc9e9bf78abec7653196c0867746fd3ceeb56bb6550b5d1f1b11c879c,512,512,,,,,,,,,
train,SP24,ydfid/SP24/train/good/ydfid_train_005413.bmp,,0,True,b31c12890cca8f06f2196d2876d9794aa40c534c503b93ed23e3f70666befb57,512,512,,,,,,,,,
train,SP24,ydfid/SP24/train/good/ydfid_train_005414.bmp,,0,True,cc5e524e1ba19cd3acb3c4b30905feac9f8c9584cd2b16b005277723190524f9,512,512,,,,,,,,,
train,SP24,ydfid/SP24/train/good/ydfid_train_005415.bmp,,0,True,d932cd01c193d53fabc25249166d1bdc8f74fad686ba2b29f67b9403d08fbbe8,512,512,,,,,,,,,
train,SP24,ydfid/SP24/train/good/ydfid_train_005416.bmp,,0,True,e2f4c4a3dc32ae7e227943071bb566488e0d3ea59299975c7248b288b4db381c,512,512,,,,,,,,,
train,SP24,ydfid/SP24/train/good/ydfid_train_005417.bmp,,0,True,0db9d9e0cd4ece975356a5c3389055afb9a99a3736bcf09f745d267d0c3692f1,512,512,,,,,,,,,
train,SP24,ydfid/SP24/train/good/ydfid_train_005418.bmp,,0,True,523de72c293b1b2a3c014d4934961fe8760aa9d88c3af502567018f63c57da08,512,512,,,,,,,,,
train,SP24,ydfid/SP24/train/good/ydfid_train_005419.bmp,,0,True,5cc4f482b1b2ceb4d9982b86ad9267e47bbb17196f2218116181b6d4aff4bfc4,512,512,,,,,,,,,
train,SP24,ydfid/SP24/train/good/ydfid_train_005420.bmp,,0,True,52878c32f1e54e2b803626a24190f27a42f178c13cab53f9fe4839bc05e46eb4,512,512,,,,,,,,,
train,SP24,ydfid/SP24/train/good/ydfid_train_005421.bmp,,0,True,468b296739b15afe76adf75d9c2c2f3ac9ffc0423b9a29f97d4df0267b3c14ce,512,512,,,,,,,,,
train,SP24,ydfid/SP24/train/good/ydfid_train_005422.bmp,,0,True,dca8ddb045f6c36ba09c6189eb0891850eac618da2b3ab7e47fcabc85c386b76,512,512,,,,,,,,,
train,SP24,ydfid/SP24/train/good/ydfid_train_005423.bmp,,0,True,6825131541e8a96063c268e589c537891feaed7a68469aea0afe70160154a1f5,512,512,,,,,,,,,
train,SP24,ydfid/SP24/train/good/ydfid_train_005424.bmp,,0,True,c25988b7739dd36c94b76077cba2ab378eed442f07effeb47948a512999cf962,512,512,,,,,,,,,
train,SP24,ydfid/SP24/train/good/ydfid_train_005425.bmp,,0,True,77a80a491b4b888cb3d69257864e52e26fb6c7f72ceff61b010df2815ff7ae86,512,512,,,,,,,,,
train,SP24,ydfid/SP24/train/good/ydfid_train_005426.bmp,,0,True,bf4dbadc3edd5974d2936cffc2ea473347f4d53fc5a13fcd973dfe7083b2d0ad,512,512,,,,,,,,,
train,SP24,ydfid/SP24/train/good/ydfid_train_005427.bmp,,0,True,197b29dec38e88664ff68964a0bb6c36f8d079304651a627d5a64b214c8ae14d,512,512,,,,,,,,,
train,SP24,ydfid/SP24/train/good/ydfid_train_005428.bmp,,0,True,540734be1cc07cf7cd889c16937eb08cbf2956224ea7dd5d3c553cc1f2d6e4ec,512,512,,,,,,,,,
train,SP24,ydfid/SP24/train/good/ydfid_train_005429.bmp,,0,True,7a4658822c24d9abd2e81213386a7965531833082283948191edf7533a496de7,512,512,,,,,,,,,
train,SP24,ydfid/SP24/train/good/ydfid_train_005430.bmp,,0,True,b58ebb47b83be043816f6cf67fecab3ba3c7bbbf3486ec9a75a2da257c770215,512,512,,,,,,,,,
train,SP24,ydfid/SP24/train/good/ydfid_train_005431.bmp,,0,True,660a0d954d5b27a763bfa5f51e017bac38da075e57b2598eaf89e472d607978c,512,512,,,,,,,,,
train,SP24,ydfid/SP24/train/good/ydfid_train_005432.bmp,,0,True,abdeb444d03205fcbe60df61ea47fad1cbee24c7c839f59833f6292df368de57,512,512,,,,,,,,,
train,SP24,ydfid/SP24/train/good/ydfid_train_005433.bmp,,0,True,ae851ae0bde50615d3beb665ec9655ab443fddc97279862950dc0b25e2e494ee,512,512,,,,,,,,,
train,SP24,ydfid/SP24/train/good/ydfid_train_005434.bmp,,0,True,29cb5216e902a6f644eed5032e1806cd11eafcfd52e383f18486d5306e74ebeb,512,512,,,,,,,,,
train,SP24,ydfid/SP24/train/good/ydfid_train_005435.bmp,,0,True,ffc081901209feb9fdf2800f9c39ac0985e68a220371ed78c7d70e711a7c6301,512,512,,,,,,,,,
train,SP24,ydfid/SP24/train/good/ydfid_train_005436.bmp,,0,True,0c1b8e0d8862ebdde8f82c147d10a0fc78f1dcfbced2b8a681c8f89fc3cc817c,512,512,,,,,,,,,
train,SP24,ydfid/SP24/train/good/ydfid_train_005437.bmp,,0,True,cd7a810bd018064949681e1e5514acedfc17cf59bb80e906255ac48949f4edf3,512,512,,,,,,,,,
train,SP24,ydfid/SP24/train/good/ydfid_train_005438.bmp,,0,True,04f8efe0a9d945154017a84d09e03304ae1409ca6f05188f19bd06879b83bbd2,512,512,,,,,,,,,
train,SP24,ydfid/SP24/train/good/ydfid_train_005439.bmp,,0,True,73f79954949c2db56a83b31d096fd89360f190a33b8f5ef1fec67786a4e9312d,512,512,,,,,,,,,
train,SP24,ydfid/SP24/train/good/ydfid_train_005440.bmp,,0,True,03e9ecc68ae6c952ccf7e7147586093bdc15c0b49fc7dfd7cb4f08606d110fce,512,512,,,,,,,,,
train,SP24,ydfid/SP24/train/good/ydfid_train_005441.bmp,,0,True,d34ee3a58bc48b8af93114e57f563c34fee7eebad33b489a8066916cb452c5b2,512,512,,,,,,,,,
train,SP24,ydfid/SP24/train/good/ydfid_train_005442.bmp,,0,True,0c9bebabb2132a293bfdf8c5f60d39cd9feae79f76003f303e48388327a269fa,512,512,,,,,,,,,
train,SP24,ydfid/SP24/train/good/ydfid_train_005443.bmp,,0,True,59257f87d23b8867afce3734247024725729172f844757ecd038c3fd4ca574a0,512,512,,,,,,,,,
train,SP24,ydfid/SP24/train/good/ydfid_train_005444.bmp,,0,True,e3b6d42c88c3a4a6a4360f3fa41233bc54c276d43824ffbc609b641632b3c3fa,512,512,,,,,,,,,
train,SP24,ydfid/SP24/train/good/ydfid_train_005445.bmp,,0,True,5bd24d998c249ce54d55d0eecb81d23a5eab81d29a17269c430e98cbc2f28556,512,512,,,,,,,,,
train,SP24,ydfid/SP24/train/good/ydfid_train_005446.bmp,,0,True,b0485ba7205374ee05bc78d166548f39e054e6537afd951360e1880e0ddc7f27,512,512,,,,,,,,,
train,SP24,ydfid/SP24/train/good/ydfid_train_005447.bmp,,0,True,817e3e086648e973fa1727b2c247ffd2cd9111cc807402f755294ad68fafee10,512,512,,,,,,,,,
train,SP24,ydfid/SP24/train/good/ydfid_train_005448.bmp,,0,True,1c41224fd1431ecfef7882da6677091dffdc60c8d0611ef71e3a96be09df23ab,512,512,,,,,,,,,
train,SP24,ydfid/SP24/train/good/ydfid_train_005449.bmp,,0,True,18370318681b725c4d624f73d0bac688016f8bce72d6ca4d9dbb352ef90dba76,512,512,,,,,,,,,
train,SP24,ydfid/SP24/train/good/ydfid_train_005450.bmp,,0,True,b15f4345c0a9901446e7bebc9f29d812bb9465b0eb28ca3d94de7b840e5dbd66,512,512,,,,,,,,,
train,SP24,ydfid/SP24/train/good/ydfid_train_005451.bmp,,0,True,6a127b4891c60650bffd2e15fc3f6b7222d7f5f8727113b39a48d583bcff22b1,512,512,,,,,,,,,
train,SP24,ydfid/SP24/train/good/ydfid_train_005452.bmp,,0,True,633cfdb47b7993a883c2e034db017806fdad5b4b1980ceb4ee7dd68db4fa8df5,512,512,,,,,,,,,
train,SP24,ydfid/SP24/train/good/ydfid_train_005453.bmp,,0,True,f47d389d35d50220b5022d20888d1d8ffbdbdcf302dafd9044881845aa556614,512,512,,,,,,,,,
train,SP24,ydfid/SP24/train/good/ydfid_train_005454.bmp,,0,True,b341add784dac39f9629ecaa4f2b2922e09eacd6cb7583ba3ae46a6bf5ec2ddb,512,512,,,,,,,,,
train,SP24,ydfid/SP24/train/good/ydfid_train_005455.bmp,,0,True,deca154cbdbb3a14a97a8873246e9c5334a92ce1e7c5501bf6d6549080a26a97,512,512,,,,,,,,,
train,SP24,ydfid/SP24/train/good/ydfid_train_005456.bmp,,0,True,d57b91b61f3c94c06913c41972cf0693db0f56f59b5babb36272c0517d81cdd9,512,512,,,,,,,,,
train,SP24,ydfid/SP24/train/good/ydfid_train_005457.bmp,,0,True,666e893ab4245f9aabecaeaba827f1687c0409c03dcd8fa33e685f384876ef30,512,512,,,,,,,,,
train,SP24,ydfid/SP24/train/good/ydfid_train_005458.bmp,,0,True,a9d11c0993dc45049212e0dfa9ba9e557c711f945bfe6c33082ba605f142da82,512,512,,,,,,,,,
train,SP24,ydfid/SP24/train/good/ydfid_train_005459.bmp,,0,True,30b8224237b2de968086417b0cb63eb3e39173abeb103a632646eefa99ea01b7,512,512,,,,,,,,,
train,SP24,ydfid/SP24/train/good/ydfid_train_005460.bmp,,0,True,1c7f180340a09d2ba820d74df889dee43708a40c0db3bd31a93ad513a8217d66,512,512,,,,,,,,,
train,SP24,ydfid/SP24/train/good/ydfid_train_005461.bmp,,0,True,17adf45b54f2ddf337c40508156714cf403750da801de2368db0df7072d9e595,512,512,,,,,,,,,
train,SP24,ydfid/SP24/train/good/ydfid_train_005462.bmp,,0,True,29d193376a295aa358ddd466c58b0c1e9ae2a78661119544e5bed4631f4925cb,512,512,,,,,,,,,
train,SP24,ydfid/SP24/train/good/ydfid_train_005463.bmp,,0,True,c3ce89a2ecd4b5e9dc2d232a0d0af77ded4769e1809fb117547dbbebdffcebd3,512,512,,,,,,,,,
train,SP24,ydfid/SP24/train/good/ydfid_train_005464.bmp,,0,True,787cf4c4512b164c4d4e851d4ac3a22c376b27d8b4e38726adf6b760bbdd4808,512,512,,,,,,,,,
train,SP24,ydfid/SP24/train/good/ydfid_train_005465.bmp,,0,True,abf541eaf6586da334c58e4fb21dff54a09edce7eac5f2bedc1d908392ddefda,512,512,,,,,,,,,
train,SP24,ydfid/SP24/train/good/ydfid_train_005466.bmp,,0,True,62063dbedbf25e8fbc4ff41b31fb8c6b6d286a9038bc416b19bc7242ff330bdf,512,512,,,,,,,,,
train,SP24,ydfid/SP24/train/good/ydfid_train_005467.bmp,,0,True,804e46f5b2e46b055ce27a3a115d03f2875ffe746c4747527ae574dfaebdb954,512,512,,,,,,,,,
train,SP24,ydfid/SP24/train/good/ydfid_train_005468.bmp,,0,True,df31dd647026f4bb7d1691b468224a2113ed2d8a4b5404b4c63ca8ccea263681,512,512,,,,,,,,,
train,SP24,ydfid/SP24/train/good/ydfid_train_005469.bmp,,0,True,3feeddccdd3e46d5df5d84af86c053d7a05b8b8912387942902f8c0e7c632fbb,512,512,,,,,,,,,
train,SP24,ydfid/SP24/train/good/ydfid_train_005470.bmp,,0,True,ff02b4afafbec39eb2f1ae9c2b9063b45c4171a9c4c3f4ca8f23871845d7866d,512,512,,,,,,,,,
train,SP24,ydfid/SP24/train/good/ydfid_train_005471.bmp,,0,True,113b0ba8d123633f17bb29a469dbf61c93aa7923872b322955b8289e515821b9,512,512,,,,,,,,,
train,SP24,ydfid/SP24/train/good/ydfid_train_005472.bmp,,0,True,9b16fa1fb58558eeafd92c975119ee67f4e78022210aaf9b39571a4287c1fc21,512,512,,,,,,,,,
train,SP24,ydfid/SP24/train/good/ydfid_train_005473.bmp,,0,True,12ad4f42c72cc955c02f71defdd84351db890eeb12ea257b8d23312229b99f27,512,512,,,,,,,,,
train,SP24,ydfid/SP24/train/good/ydfid_train_005474.bmp,,0,True,d574eb747de18a68d2e4d54699473e7944e9b5e46981f3e8d05f0af9c68420c3,512,512,,,,,,,,,
train,SP24,ydfid/SP24/train/good/ydfid_train_005475.bmp,,0,True,b2031a226a8c37f6d479d77face74973b66812920b96de860a253eedf123d9b6,512,512,,,,,,,,,
train,SP24,ydfid/SP24/train/good/ydfid_train_005476.bmp,,0,True,e48bc974c093b4f805c9287860f8bbf3f4cf5e1d8210f6b5d7e7ebeef46bb123,512,512,,,,,,,,,
train,SP24,ydfid/SP24/train/good/ydfid_train_005477.bmp,,0,True,42b36aec14789f16163fc5610bedaf728aa1fe9ba0f415934a8396748c03dc60,512,512,,,,,,,,,
train,SP24,ydfid/SP24/train/good/ydfid_train_005478.bmp,,0,True,07c4c4243fad3c9f59af4fa16273dffc4bf39dcc9cfe253e242fab223c196254,512,512,,,,,,,,,
train,SP24,ydfid/SP24/train/good/ydfid_train_005479.bmp,,0,True,2b95cfce6a55f2abd9361909f355ec282dca252d2f8ea2ef6547fbe11d55259b,512,512,,,,,,,,,
train,SP24,ydfid/SP24/train/good/ydfid_train_005480.bmp,,0,True,dbdd0aa03a68312c5d40353cc8f9def991953d3472f37a86c599ea20fe37de28,512,512,,,,,,,,,
train,SP24,ydfid/SP24/train/good/ydfid_train_005481.bmp,,0,True,89dd6600a142b1cb934d0c45966f78881c31d432eac1dce69b253bf7a4dbda01,512,512,,,,,,,,,
train,SP24,ydfid/SP24/train/good/ydfid_train_005482.bmp,,0,True,dfb45f7effbdd82194a09e088fb9aabd0206bf5a47d0a53e0ad5913f51c10077,512,512,,,,,,,,,
train,SP24,ydfid/SP24/train/good/ydfid_train_005483.bmp,,0,True,a5f7c53bda3e1908e5b46575e72a39aeadbe12865cf9dc26fe76b4d563f8c88a,512,512,,,,,,,,,
train,SP24,ydfid/SP24/train/good/ydfid_train_005484.bmp,,0,True,f7acaf0355a88ba38e8c77bda708b65c864f0355a2ba72d1f6f121a4595d1f6d,512,512,,,,,,,,,
train,SP24,ydfid/SP24/train/good/ydfid_train_005485.bmp,,0,True,b1d5c011656fe889e4f10accf83b7e36b1980a8d66d792bdb5c66b93d37aded9,512,512,,,,,,,,,
train,SP24,ydfid/SP24/train/good/ydfid_train_005486.bmp,,0,True,e46cfacc1e9c364766ffbd6bbfcbbe42dbe92e71ee4a0290dcc3c3780ccb183f,512,512,,,,,,,,,
train,SP24,ydfid/SP24/train/good/ydfid_train_005487.bmp,,0,True,21d362d43eb8761907e247d0b0486b2bf4e9b10b30dddbdf5d6a5cc3b0ab11e1,512,512,,,,,,,,,
train,SP24,ydfid/SP24/train/good/ydfid_train_005488.bmp,,0,True,faccc90cb1f5ddfd35c0af84359c20ac5a914f61673a00c09886bae90a81c93f,512,512,,,,,,,,,
train,SP24,ydfid/SP24/train/good/ydfid_train_005489.bmp,,0,True,d1e5a203b158a9eb3b1fa33c3c01046f8261f727e7bb06c1029b88cfa783dabc,512,512,,,,,,,,,
train,SP24,ydfid/SP24/train/good/ydfid_train_005490.bmp,,0,True,cbd5fd737670780b41498aaf8d4121e0e8d103c8e9727d1b845acbfbe097e8d6,512,512,,,,,,,,,
train,SP24,ydfid/SP24/train/good/ydfid_train_005491.bmp,,0,True,a07c8d54d4885b455797c907bdda5dfd965453a9502638259c97a691006c9373,512,512,,,,,,,,,
train,SP24,ydfid/SP24/train/good/ydfid_train_005492.bmp,,0,True,8916811cce0e72886f2c2a4e7f4087a50f7c54a693c6b5d0aa3ed5da64c34bcc,512,512,,,,,,,,,
train,SP24,ydfid/SP24/train/good/ydfid_train_005493.bmp,,0,True,966ed8e0865105acd895c786b6d675bcb6dd3090e7a1e6b4a7f21e49094c363b,512,512,,,,,,,,,
train,SP24,ydfid/SP24/train/good/ydfid_train_005494.bmp,,0,True,aa1ba6ec76a6c07a4f8dc76e68ec8c0f969780c4166ae94015c6f026feb51062,512,512,,,,,,,,,
train,SP24,ydfid/SP24/train/good/ydfid_train_005495.bmp,,0,True,b19b85d3ef9ef47861c6b07550387905937351adb830b72261ec7967c14f96b0,512,512,,,,,,,,,
train,SP24,ydfid/SP24/train/good/ydfid_train_005496.bmp,,0,True,fd913ec0dc7ad07669c4d2b80cee2df1e3e2703a14ad9e6d65860b39d26a0822,512,512,,,,,,,,,
train,SP24,ydfid/SP24/train/good/ydfid_train_005497.bmp,,0,True,1cb0e31770f583641d14107d2598d18fa0a763506205ab51ec8f42cf524ba19a,512,512,,,,,,,,,
train,SP24,ydfid/SP24/train/good/ydfid_train_005498.bmp,,0,True,a9376080b3d93090364a5e54eb20fd93a73b600938042c6b0a5aaf2f3473fa0b,512,512,,,,,,,,,
train,SP24,ydfid/SP24/train/good/ydfid_train_005499.bmp,,0,True,a813bf45945b4003ae060031b083ae29a9e844c26a6b9eafdf75543515760de8,512,512,,,,,,,,,
train,SP24,ydfid/SP24/train/good/ydfid_train_005500.bmp,,0,True,35be930882686222e58f4ee9cfa1d66ffbb0877fd2bed6ee9c2c9781afaf83ba,512,512,,,,,,,,,
train,SP24,ydfid/SP24/train/good/ydfid_train_005501.bmp,,0,True,9070ad24246ae6a70e7bdeb91b3bc7ba2d7a7ab78236e10e8a023f1bb67ef40b,512,512,,,,,,,,,
train,SP24,ydfid/SP24/train/good/ydfid_train_005502.bmp,,0,True,902a0726cc860f6998ac177db6b78cd30e109eaa8256e8d0d1eb2a74152480b7,512,512,,,,,,,,,
train,SP24,ydfid/SP24/train/good/ydfid_train_005503.bmp,,0,True,553236b4ebe3fe602e116f29918de4b3df8d062ae7ffc26ae6c73418baecdaea,512,512,,,,,,,,,
train,SP3,ydfid/SP3/train/good/ydfid_train_005774.bmp,,0,True,f1ecd09fe94d8de23847ab668ce1fb0be7af3c5426a646ba8ba2907c4109b4cb,512,512,,,,,,,,,
train,SP3,ydfid/SP3/train/good/ydfid_train_005775.bmp,,0,True,610fd376918db33d1014a9e981f88ad5c14fb58ef889fd73ac175ae7459e7a31,512,512,,,,,,,,,
train,SP3,ydfid/SP3/train/good/ydfid_train_005776.bmp,,0,True,ed73364dd04c2e5ba526c534e204915a200481421230bc6831309f6785260ffb,512,512,,,,,,,,,
train,SP3,ydfid/SP3/train/good/ydfid_train_005777.bmp,,0,True,baf084ccecf97bba1912ab1560fd8cca451ac29c6569c4539397ddc5e76d064d,512,512,,,,,,,,,
train,SP3,ydfid/SP3/train/good/ydfid_train_005778.bmp,,0,True,91d535f0f86964bfb09502f4012989f1f3544bee419c53b56142cf36a97ecbb5,512,512,,,,,,,,,
train,SP3,ydfid/SP3/train/good/ydfid_train_005779.bmp,,0,True,9554150bb7fc0788f38004b03eb1dd37a1054fa8bbe2a6e4158982ed0d86c17d,512,512,,,,,,,,,
train,SP3,ydfid/SP3/train/good/ydfid_train_005780.bmp,,0,True,699d6c30480b8cda1fc1cf79f79a369375a8fe93a73c99c4c1555ecfe7d5790a,512,512,,,,,,,,,
train,SP3,ydfid/SP3/train/good/ydfid_train_005781.bmp,,0,True,a2d4eb87606c56e0f0a1fcfb7d0794b2a0e6e5c23c98a1621364b102a439978a,512,512,,,,,,,,,
train,SP3,ydfid/SP3/train/good/ydfid_train_005782.bmp,,0,True,adedc936c16757ea62746edd668c5beb2347f148f1b8e64e668233354eea1a5b,512,512,,,,,,,,,
train,SP3,ydfid/SP3/train/good/ydfid_train_005783.bmp,,0,True,f6002f13fe80a55d269fe08eef754acf81600c2dbcc72c25768d6629feeb85c1,512,512,,,,,,,,,
train,SP3,ydfid/SP3/train/good/ydfid_train_005784.bmp,,0,True,a565381724dc8a3d8971f7a58b3cf39046aba3883036739a985eb192125d9ac5,512,512,,,,,,,,,
train,SP3,ydfid/SP3/train/good/ydfid_train_005785.bmp,,0,True,228b1f3e7ee1008201d6b2d56ea9c12ccc2011ed8fba3b42ac46f964fbef61d9,512,512,,,,,,,,,
train,SP3,ydfid/SP3/train/good/ydfid_train_005786.bmp,,0,True,bb1e5d5ed2c1de587be5f9b287f87ec88aa3a8ca3dccf1d3a73c3e033650278f,512,512,,,,,,,,,
train,SP3,ydfid/SP3/train/good/ydfid_train_005787.bmp,,0,True,9b50351c7f1c74691b30f334ad7047526edb65bdc7374813da467c0692d8e5a5,512,512,,,,,,,,,
train,SP3,ydfid/SP3/train/good/ydfid_train_005788.bmp,,0,True,949feded5bc5ad1df714b68e73a2857ed41a86bec9a64a0342c4ad492a2a8f51,512,512,,,,,,,,,
train,SP3,ydfid/SP3/train/good/ydfid_train_005789.bmp,,0,True,5d2c4c1def37fa270af91adb77a06310a83c4e6dd4c5ea611f993490f37d326d,512,512,,,,,,,,,
train,SP3,ydfid/SP3/train/good/ydfid_train_005790.bmp,,0,True,9cbeae334d1193e6cf454febea1c2c828251dc78ca9454cfa7e08f4a35f4f01c,512,512,,,,,,,,,
train,SP3,ydfid/SP3/train/good/ydfid_train_005791.bmp,,0,True,5d909cc32442f550c9baf62975cad846d0bf5bb7c0ab8beb910e01e17a2989a5,512,512,,,,,,,,,
train,SP3,ydfid/SP3/train/good/ydfid_train_005792.bmp,,0,True,47e62a829c1edcf387ba48bd65c3d02d6e9ee2638e93bb83305a5d10359f53df,512,512,,,,,,,,,
train,SP3,ydfid/SP3/train/good/ydfid_train_005793.bmp,,0,True,4d6857288c116a1513f586987d2b3f8a90beae071fa0673ceae626362686a23c,512,512,,,,,,,,,
train,SP3,ydfid/SP3/train/good/ydfid_train_005794.bmp,,0,True,87f5087d179dab53254184425870fbdcb65a646a88277f02af5377e8af5545aa,512,512,,,,,,,,,
train,SP3,ydfid/SP3/train/good/ydfid_train_005795.bmp,,0,True,5536ceddff8f4ea8121ab08715685ea5ab2171c39a23d607be9ff87e3aa10338,512,512,,,,,,,,,
train,SP3,ydfid/SP3/train/good/ydfid_train_005796.bmp,,0,True,5a61ead29662d0800ee08e9b9fe6d32df82043dc54681b58dc877e7948d7306d,512,512,,,,,,,,,
train,SP3,ydfid/SP3/train/good/ydfid_train_005797.bmp,,0,True,d6106721ee5429f0feeee01384aee86648c056c91cfbe81de6f9d4354ce3c3bb,512,512,,,,,,,,,
train,SP3,ydfid/SP3/train/good/ydfid_train_005798.bmp,,0,True,8fd0fe18722fac8dcc7940ee4b616b48a826b1bb3a10a0cf04af99c40e405599,512,512,,,,,,,,,
train,SP3,ydfid/SP3/train/good/ydfid_train_005799.bmp,,0,True,5c8c0a37be1dd0104a3287ff15406b7d92538ffcd8f94de77e6b7dcd489ded64,512,512,,,,,,,,,
train,SP3,ydfid/SP3/train/good/ydfid_train_005800.bmp,,0,True,59c74bba680bead0c1017b672aa1b67ee179a2ec4c55612c27b4d1c04843a7d7,512,512,,,,,,,,,
train,SP3,ydfid/SP3/train/good/ydfid_train_005801.bmp,,0,True,81d0d89ea24983c05281fa30c7d029fead164fdcd653c6df82231d85c7fce80c,512,512,,,,,,,,,
train,SP3,ydfid/SP3/train/good/ydfid_train_005802.bmp,,0,True,8d9b9ff252750454992080321f09685da05be946af62608940c2e001dfd77b83,512,512,,,,,,,,,
train,SP3,ydfid/SP3/train/good/ydfid_train_005803.bmp,,0,True,a2696ceb8b0db9fb0140abf2ed8a6a9ea7100df30038e6d1abbc410c4ae7169e,512,512,,,,,,,,,
train,SP3,ydfid/SP3/train/good/ydfid_train_005804.bmp,,0,True,f695d85583c5da84888e252a050a420577a3b925264f2afb2ecf8be54408e422,512,512,,,,,,,,,
train,SP3,ydfid/SP3/train/good/ydfid_train_005805.bmp,,0,True,9aaee82ce84b8266fad54c98867ec87a25fde4d69c649c258e91a9c21cad660a,512,512,,,,,,,,,
train,SP3,ydfid/SP3/train/good/ydfid_train_005806.bmp,,0,True,aeca5cb7026b4be5b671ad20c253da72edfaaa5b158492b2456786accac50470,512,512,,,,,,,,,
train,SP3,ydfid/SP3/train/good/ydfid_train_005807.bmp,,0,True,47540e25766e5b1be4fb24756051f4846449e5a3e918b14048d37d9b729303e6,512,512,,,,,,,,,
train,SP3,ydfid/SP3/train/good/ydfid_train_005808.bmp,,0,True,27d578352e533e9f8700503f5cf3b05bead5031a0aea23ab27bca730fe88033b,512,512,,,,,,,,,
train,SP3,ydfid/SP3/train/good/ydfid_train_005809.bmp,,0,True,b980e4d1fd0f00d3b91d15754028494c1217a9ef62a95b8252e493bd72a540cc,512,512,,,,,,,,,
train,SP3,ydfid/SP3/train/good/ydfid_train_005810.bmp,,0,True,2832243a3a00c5964a33c396d86f1362c7616a4bce7f7d81df5e450f1f0adf0f,512,512,,,,,,,,,
train,SP3,ydfid/SP3/train/good/ydfid_train_005811.bmp,,0,True,4a891d0383fabfd44dd1dc91da9c589366155a1dceb5f9d0a3f630cac1046f1c,512,512,,,,,,,,,
train,SP3,ydfid/SP3/train/good/ydfid_train_005812.bmp,,0,True,2ba724c3022a565c8d0ee462b510c2e61f9bcef803f06c699dc5a00cfec51a32,512,512,,,,,,,,,
train,SP3,ydfid/SP3/train/good/ydfid_train_005813.bmp,,0,True,d77b2483933ea5e1bd6c96d0902f3d61230283c0f4605f2f41c371dfbcafb46b,512,512,,,,,,,,,
train,SP3,ydfid/SP3/train/good/ydfid_train_005814.bmp,,0,True,977ee804af8f1996afdba0223ffa99820e20607aa6ebf4e2a99d82f736e17535,512,512,,,,,,,,,
train,SP3,ydfid/SP3/train/good/ydfid_train_005815.bmp,,0,True,3689b86878105b3e981fe17d17201d227d23161e3524f73d45649b072986199b,512,512,,,,,,,,,
train,SP3,ydfid/SP3/train/good/ydfid_train_005816.bmp,,0,True,e50ba690852707226094c528902ebafaaf08e9bc0c1ce3da0d3ecdeb179bf343,512,512,,,,,,,,,
train,SP3,ydfid/SP3/train/good/ydfid_train_005817.bmp,,0,True,c43d41b99e6587a633aab435e985fb39291bcf1a2d38c64be943f85b48aeebc3,512,512,,,,,,,,,
train,SP3,ydfid/SP3/train/good/ydfid_train_005818.bmp,,0,True,698a2a65567987b90ca7387f67bdead9bf584f9cd97be689279cccdf852e14dc,512,512,,,,,,,,,
train,SP3,ydfid/SP3/train/good/ydfid_train_005819.bmp,,0,True,960a3b1037a9a3566ac7b2317bb9590ca970168c64acedf7a317b9cc3c3cc1b0,512,512,,,,,,,,,
train,SP3,ydfid/SP3/train/good/ydfid_train_005820.bmp,,0,True,7ddcf4e71c22511a841238a6599f366e8543322d982ba25ae3252706cedbbaa8,512,512,,,,,,,,,
train,SP3,ydfid/SP3/train/good/ydfid_train_005821.bmp,,0,True,9ab45cdccf723921dd0727265c92cf2cd01917137b6b0fc72863fba88c3980aa,512,512,,,,,,,,,
train,SP3,ydfid/SP3/train/good/ydfid_train_005822.bmp,,0,True,ee39765a77378eb61424e3fba8d7fadb9650485ba5861f2afc9c7f8d7cd6b18c,512,512,,,,,,,,,
train,SP3,ydfid/SP3/train/good/ydfid_train_005823.bmp,,0,True,b433b85740b6ae3a733771ba25c01632a347eff77bf648bb65067d0d2f906708,512,512,,,,,,,,,
train,SP3,ydfid/SP3/train/good/ydfid_train_005824.bmp,,0,True,b426fff628b0b21329bfaf1dc2ec4bfef443727ef77e39e1cf7cc568b206e889,512,512,,,,,,,,,
train,SP3,ydfid/SP3/train/good/ydfid_train_005825.bmp,,0,True,0707592f2dd7da599a264a14da72ff2d9e90ada19fb70c3946e508cdaf96d986,512,512,,,,,,,,,
train,SP3,ydfid/SP3/train/good/ydfid_train_005826.bmp,,0,True,5ddd51b88e556d52a4f200d8aa974454a4d176eab22f066eb005c0dfc574906d,512,512,,,,,,,,,
train,SP3,ydfid/SP3/train/good/ydfid_train_005827.bmp,,0,True,3e4f87f5ab967f6d252b316747b984388c7a97d4596646a0e40cd0d4802812e6,512,512,,,,,,,,,
train,SP3,ydfid/SP3/train/good/ydfid_train_005828.bmp,,0,True,762799771c907852aa226cb568b9443598bbe863bf32533971dcde4b5109176f,512,512,,,,,,,,,
train,SP3,ydfid/SP3/train/good/ydfid_train_005829.bmp,,0,True,bbbab44436e2f26468e724965940cffab5715cf668edfa4a720c0040160272c8,512,512,,,,,,,,,
train,SP3,ydfid/SP3/train/good/ydfid_train_005830.bmp,,0,True,6175815b9e56d507c84fa53234794b1174f4bed4952acee99129ae1c8e43abfe,512,512,,,,,,,,,
train,SP3,ydfid/SP3/train/good/ydfid_train_005831.bmp,,0,True,fd507f0b1fe473301b4c0a6e9486fdff75b475fd80c280328d3d0e97ec489f2a,512,512,,,,,,,,,
train,SP3,ydfid/SP3/train/good/ydfid_train_005832.bmp,,0,True,44d508bdb3d9857e0e533529972b06f027c5ca5e38311ebd7ecd9dfefe26a4e0,512,512,,,,,,,,,
train,SP3,ydfid/SP3/train/good/ydfid_train_005833.bmp,,0,True,1b8b74ec41a9379e90e54d7ed828f0c9996a4f691aec16d1841dac9979fdafa7,512,512,,,,,,,,,
train,SP3,ydfid/SP3/train/good/ydfid_train_005834.bmp,,0,True,0c6150e65a33e46a2cedf7e2c0b5fcb2b00794b1a65c1f7541bdf74490d9b21e,512,512,,,,,,,,,
train,SP3,ydfid/SP3/train/good/ydfid_train_005835.bmp,,0,True,e1dc9587204aa11cb5328e10a0da449accd907ba229390a34125f90ce636d469,512,512,,,,,,,,,
train,SP3,ydfid/SP3/train/good/ydfid_train_005836.bmp,,0,True,b344702036f17403955f8a285ced8f48f85253a0f7156abe84a0c12323cd937b,512,512,,,,,,,,,
train,SP3,ydfid/SP3/train/good/ydfid_train_005837.bmp,,0,True,b4937698df51e6ff39370d3f97c5cff6be50ec9f49ec091f4bf3affece8cbbc5,512,512,,,,,,,,,
train,SP3,ydfid/SP3/train/good/ydfid_train_005838.bmp,,0,True,8aa6f20959a5c556834d2f938f18e9a62e3a5742a24b220a4e8a794f52d407fd,512,512,,,,,,,,,
train,SP3,ydfid/SP3/train/good/ydfid_train_005839.bmp,,0,True,5efc23b62961f53107e36f2793d8e8700279bdf611bf31b3638ca532d39a6700,512,512,,,,,,,,,
train,SP3,ydfid/SP3/train/good/ydfid_train_005840.bmp,,0,True,20d4283f04156475bccbdae26c0c4f2de3aff918a3b766e919c67340e5538c67,512,512,,,,,,,,,
train,SP3,ydfid/SP3/train/good/ydfid_train_005841.bmp,,0,True,ea645115c5d4aeb299d2625e8df300cd8d6fff52a3b690594842b65e12ba9bc8,512,512,,,,,,,,,
train,SP3,ydfid/SP3/train/good/ydfid_train_005842.bmp,,0,True,10f6a265ec9241cb1a1a713397884c3ba536980b913dc0252c23babef3d229b9,512,512,,,,,,,,,
train,SP3,ydfid/SP3/train/good/ydfid_train_005843.bmp,,0,True,b248bac02020cb1084449a62d5a25977d316b181bd9c700e8e23ab3b19acc6fa,512,512,,,,,,,,,
train,SP3,ydfid/SP3/train/good/ydfid_train_005844.bmp,,0,True,f6fc980e716fcae608336c6a87d85fdf605902e870791baac4ca4ae0f7207f1a,512,512,,,,,,,,,
train,SP3,ydfid/SP3/train/good/ydfid_train_005845.bmp,,0,True,b9018e63bb96dcedcf0bf61b22024f199efd9e196e4a4679398d2dd2e198f229,512,512,,,,,,,,,
train,SP3,ydfid/SP3/train/good/ydfid_train_005846.bmp,,0,True,9ed5ed278da07e4ea6d54335f271d0afc90c5b0abc6ae2ffac695cf9b2d2c60e,512,512,,,,,,,,,
train,SP3,ydfid/SP3/train/good/ydfid_train_005847.bmp,,0,True,5d079be1e6aeb6d7278381ca7bde2ad8f39c7f837f9bc4eca021cef55fdb3bcf,512,512,,,,,,,,,
train,SP3,ydfid/SP3/train/good/ydfid_train_005848.bmp,,0,True,87c7dc8193a5437a8fcf57b1578e96fdc198985bb99a2801831eb15fc3d2b267,512,512,,,,,,,,,
train,SP3,ydfid/SP3/train/good/ydfid_train_005849.bmp,,0,True,b92709233057ca43222a4cb3fc91c73f428fd46b5b8172563a0b3427835f332c,512,512,,,,,,,,,
train,SP3,ydfid/SP3/train/good/ydfid_train_005850.bmp,,0,True,553317d5157440024db52f404784bf44a6ab25734a8f613ab6013b40f4f84449,512,512,,,,,,,,,
train,SP3,ydfid/SP3/train/good/ydfid_train_005851.bmp,,0,True,c186702447a7e82a166f2afeb570fcbdabc7b940498c6ca29bf2ca8d2d5588db,512,512,,,,,,,,,
train,SP3,ydfid/SP3/train/good/ydfid_train_005852.bmp,,0,True,813c8e1b1bea199a15b5963a08bdd2a5a557a66eb0fd0ba59d940d0b3469eb8c,512,512,,,,,,,,,
train,SP3,ydfid/SP3/train/good/ydfid_train_005853.bmp,,0,True,b534a061362571c515afe24bc83013f06b9fbd27590f2a2b539c463a1f5bf842,512,512,,,,,,,,,
train,SP3,ydfid/SP3/train/good/ydfid_train_005854.bmp,,0,True,f6447436d429675705e6adafe3138045317f30f4e67d0f17ceb6bc56196a2fb5,512,512,,,,,,,,,
train,SP3,ydfid/SP3/train/good/ydfid_train_005855.bmp,,0,True,910cf0b354fcdaefed14633b7da146dfe0c1d900fca2380cbbf864332d2f134e,512,512,,,,,,,,,
train,SP3,ydfid/SP3/train/good/ydfid_train_005856.bmp,,0,True,d70b03f8478426b673ea837d5fd0b61f3884348faf2f11d31aa086d2cfeeaae3,512,512,,,,,,,,,
train,SP3,ydfid/SP3/train/good/ydfid_train_005857.bmp,,0,True,31e29727803e3c351b0843c33ac35124cc3af707d537aae5104d90b877645e71,512,512,,,,,,,,,
train,SP3,ydfid/SP3/train/good/ydfid_train_005858.bmp,,0,True,33b5f12594203dfbf696a6c5e5cd470c17cbcf45dd027d3760b5df3b2d40a529,512,512,,,,,,,,,
train,SP3,ydfid/SP3/train/good/ydfid_train_005859.bmp,,0,True,2463dda95e74b8c36c0ceb9e9be6c3af0d8d4658211fe3c80eb7225ec61540d0,512,512,,,,,,,,,
train,SP3,ydfid/SP3/train/good/ydfid_train_005860.bmp,,0,True,0ac2e1a35d65e9e71ad8dbd334dd2a604717f158ea164b78a524d7c7083a73bf,512,512,,,,,,,,,
train,SP3,ydfid/SP3/train/good/ydfid_train_005861.bmp,,0,True,7fb59ccba135581c163453ae7e9009e8b81dad1fa756c796ac24d5d724ef8db1,512,512,,,,,,,,,
train,SP3,ydfid/SP3/train/good/ydfid_train_005862.bmp,,0,True,afa0109b8127e3f055ca149904d313492fa590b2a8bfd3f30116b4b017e84295,512,512,,,,,,,,,
train,SP3,ydfid/SP3/train/good/ydfid_train_005863.bmp,,0,True,e950d1e72dbef62517a4ca9ae68d56e96daa76b123180cc9f9e430e6120bf529,512,512,,,,,,,,,
train,SP3,ydfid/SP3/train/good/ydfid_train_005864.bmp,,0,True,e590296a052298d41ce8b562804e9f782200e586d09d4474194c82d29bc638d0,512,512,,,,,,,,,
train,SP3,ydfid/SP3/train/good/ydfid_train_005865.bmp,,0,True,3003aa0fc5275baa28cb845131a584d8544ad97d2a893b90987fc64fc177e420,512,512,,,,,,,,,
train,SP3,ydfid/SP3/train/good/ydfid_train_005866.bmp,,0,True,da5e2c5ce5160b9349a8325fca36c30469f16c7444ea8ee1fd10941ab9965567,512,512,,,,,,,,,
train,SP3,ydfid/SP3/train/good/ydfid_train_005867.bmp,,0,True,3f1a0e702601d3b514dfcacd27c6b98831ae351ac3d2bde58aaa1162ef3ac343,512,512,,,,,,,,,
train,SP3,ydfid/SP3/train/good/ydfid_train_005868.bmp,,0,True,e2441a5f80d3ae2e8d7dec5fc62ded3358702af5d7c21897f52d287902adede3,512,512,,,,,,,,,
train,SP3,ydfid/SP3/train/good/ydfid_train_005869.bmp,,0,True,1571912094ff82b144230a2b7a53df13cad135412f5994be297dd95ed40d504e,512,512,,,,,,,,,
train,SP3,ydfid/SP3/train/good/ydfid_train_005870.bmp,,0,True,95093b5ef8249538041de294df09bad255d0ab45389aa0103fcbfba3d6c2d840,512,512,,,,,,,,,
train,SP3,ydfid/SP3/train/good/ydfid_train_005871.bmp,,0,True,da98a0757702f5801d5f53d3ae4edcee2b914a5d47384e418b816b207c4332c2,512,512,,,,,,,,,
train,SP3,ydfid/SP3/train/good/ydfid_train_005872.bmp,,0,True,c009c1b15c49ebacf1cf243c25e43127a53dbafc4f7d12bc7ed1d72fc3cc0039,512,512,,,,,,,,,
train,SP3,ydfid/SP3/train/good/ydfid_train_005873.bmp,,0,True,f19511f51e42da20589aae240584b95ded4dac5025f772c7914f33a1d5a5063a,512,512,,,,,,,,,
train,SP3,ydfid/SP3/train/good/ydfid_train_005874.bmp,,0,True,2140a039eac59d420cc634d2d4132e90215ba6bf7192c8c52c93dc93c633aade,512,512,,,,,,,,,
train,SP3,ydfid/SP3/train/good/ydfid_train_005875.bmp,,0,True,17a2f355c7a5a29d1d1e680c0a8ffd7868f59aa8b90080cce1ee4c332e302497,512,512,,,,,,,,,
train,SP3,ydfid/SP3/train/good/ydfid_train_005876.bmp,,0,True,5e262addfcbad13a40c7cbd0bfc08a8ce37bdae552bdc310c23e70290c668205,512,512,,,,,,,,,
train,SP3,ydfid/SP3/train/good/ydfid_train_005877.bmp,,0,True,a0f74ad6af913d1c4f87cfd8e89d0c1394eb46c87a55c04bdaf077a028885c92,512,512,,,,,,,,,
train,SP3,ydfid/SP3/train/good/ydfid_train_005878.bmp,,0,True,3a4fc5656ff7620e9ecd11e7ec38ae74f665a6e6a6fd4b17aa24e60e7e3966d0,512,512,,,,,,,,,
train,SP3,ydfid/SP3/train/good/ydfid_train_005879.bmp,,0,True,4e77220db76df196e2d604dcf1709980c8c5e21aa09323013f24ba75b96497e4,512,512,,,,,,,,,
train,SP3,ydfid/SP3/train/good/ydfid_train_005880.bmp,,0,True,575e6b1959f1717787c406b30d63d0d1d106948c2c7098f4c920f65267348780,512,512,,,,,,,,,
train,SP3,ydfid/SP3/train/good/ydfid_train_005881.bmp,,0,True,ecef8f3865cdaa500aa7f75f66289e3ddb02507baa10f481e9fa67a3f4113c9e,512,512,,,,,,,,,
train,SP3,ydfid/SP3/train/good/ydfid_train_005882.bmp,,0,True,c68ade09e27c1f76d245f77b8f2786498017446fedf66a1130f276ffc3ac60f4,512,512,,,,,,,,,
train,SP3,ydfid/SP3/train/good/ydfid_train_005883.bmp,,0,True,7628f3000f5926ed101278aefe4b35159d6c42933d826e4e4e8bc9820126a257,512,512,,,,,,,,,
train,SP3,ydfid/SP3/train/good/ydfid_train_005884.bmp,,0,True,b407b15388cf68187cc068051bb044a039f435a12b51ff9f4ce0a000c6d917e2,512,512,,,,,,,,,
train,SP3,ydfid/SP3/train/good/ydfid_train_005885.bmp,,0,True,1d976c9f403d967c177793fa97aeb9e839e53b98ea1aaf05f05ef69e689efb6a,512,512,,,,,,,,,
train,SP3,ydfid/SP3/train/good/ydfid_train_005886.bmp,,0,True,337d4e51e5ad4fbaaa7832311824cffde9673953cfcfe90a38cfcd4f8715b121,512,512,,,,,,,,,
train,SP3,ydfid/SP3/train/good/ydfid_train_005887.bmp,,0,True,a614f6ce2819f8ee4e5b2bfc7747f396a251f7efe01d0c6bfb2c83cb64f98c69,512,512,,,,,,,,,
train,SP3,ydfid/SP3/train/good/ydfid_train_005888.bmp,,0,True,3da5da68e7008a7e178a9b7fd7cb91ce29cd60ab49a3983e13cf6a7ed878c05d,512,512,,,,,,,,,
train,SP3,ydfid/SP3/train/good/ydfid_train_005889.bmp,,0,True,f75ba14e605916419a66bac2fb5dea67500dc3e29afc9fc951d6ba26c584637b,512,512,,,,,,,,,
train,SP3,ydfid/SP3/train/good/ydfid_train_005890.bmp,,0,True,2bdd3b7b798da2f980de55da266cd7da8e14ba9ccf452ba0144a0eb5c3b8451c,512,512,,,,,,,,,
train,SP3,ydfid/SP3/train/good/ydfid_train_005891.bmp,,0,True,4569381511a5016111daf9842933b29d155d0f9f05c28d504ddac23310365ff6,512,512,,,,,,,,,
train,SP3,ydfid/SP3/train/good/ydfid_train_005892.bmp,,0,True,4e52e923ee11d254fdf186c129866d3938f31c7bec3f5f1ed4799f6b6ba3459d,512,512,,,,,,,,,
train,SP3,ydfid/SP3/train/good/ydfid_train_005893.bmp,,0,True,ba07c4563a9d61c48908de96c001803573564d49f05b9f8bd742116c1c1b4adc,512,512,,,,,,,,,
train,SP3,ydfid/SP3/train/good/ydfid_train_005894.bmp,,0,True,977f17ac40edafcd99e88b9a67e42a43ebdc0b6c0aabe10fcf17dc37d4246e9d,512,512,,,,,,,,,
train,SP3,ydfid/SP3/train/good/ydfid_train_005895.bmp,,0,True,5e289b6690af866f44a05ff91d87a6f6017450ac8017da45085e81d0d0a01e77,512,512,,,,,,,,,
train,SP3,ydfid/SP3/train/good/ydfid_train_005896.bmp,,0,True,f03f13935aefff1266facaab94c7e566b27f33c94774b89e755a1a4e95cff318,512,512,,,,,,,,,
train,SP3,ydfid/SP3/train/good/ydfid_train_005897.bmp,,0,True,8c262650308e5bb5f014512828907f7bb1ce1593faecca88ac117db96d12440a,512,512,,,,,,,,,
train,SP3,ydfid/SP3/train/good/ydfid_train_005898.bmp,,0,True,1cc9bd27740c91ffe2cecadac1912cac4a1c1de0d682186c8ad2e7bfe0edd37c,512,512,,,,,,,,,
train,SP3,ydfid/SP3/train/good/ydfid_train_005899.bmp,,0,True,196cc13167288d7eb29ccb26d61109282a7ac0b84b0db5aa37dfd39e6aee8705,512,512,,,,,,,,,
train,SP3,ydfid/SP3/train/good/ydfid_train_005900.bmp,,0,True,9edc1f46b1193684dd81559cf43523799e7680d94db32d2d7a6ec61f19999fe6,512,512,,,,,,,,,
train,SP3,ydfid/SP3/train/good/ydfid_train_005901.bmp,,0,True,4c2c49052f123e80944196053e8cb704332be77258ba59e24c69bb4885205a3d,512,512,,,,,,,,,
train,SP3,ydfid/SP3/train/good/ydfid_train_005902.bmp,,0,True,0d8c8d812cc43e04aaeb1b05188ef0f3fec7a841dfb18f25d77aff567a6770d0,512,512,,,,,,,,,
train,SP3,ydfid/SP3/train/good/ydfid_train_005903.bmp,,0,True,e80be11b70592502b91f6a45c691d0bd8f3e699764896b1c4ab1a4a629912335,512,512,,,,,,,,,
train,SP3,ydfid/SP3/train/good/ydfid_train_005904.bmp,,0,True,9797823d95b15846e830f363a1cf04c69b2cc434965cae20d30d6b61f6641bad,512,512,,,,,,,,,
train,SP3,ydfid/SP3/train/good/ydfid_train_005905.bmp,,0,True,d2aba7f0f98c22f3068265d62ae5bfcd17450b60767fd427d2011a4c1ec47a78,512,512,,,,,,,,,
train,SP3,ydfid/SP3/train/good/ydfid_train_005906.bmp,,0,True,6a41c83287d2c93a5f251de47f001922ec9086b1b87750325a2f75f3517a4b8e,512,512,,,,,,,,,
train,SP3,ydfid/SP3/train/good/ydfid_train_005907.bmp,,0,True,403280133219be08f2ca99874d98946df9f7632f01d87f8e3d53bb07d17403e0,512,512,,,,,,,,,
train,SP3,ydfid/SP3/train/good/ydfid_train_005908.bmp,,0,True,37c905ad54dd20399ac5195e4c498d152dc7dc324e923570fdc148736634797a,512,512,,,,,,,,,
train,SP3,ydfid/SP3/train/good/ydfid_train_005909.bmp,,0,True,f6f3b8d19b4fc6c26774c411358f59de53cbd1f33c6870ac7c11f76209d743d2,512,512,,,,,,,,,
train,SP3,ydfid/SP3/train/good/ydfid_train_005910.bmp,,0,True,11fd18781730e6fe68054a3fed5918f695bb7818eb6d44f7ce9036c6ea9a99a6,512,512,,,,,,,,,
train,SP3,ydfid/SP3/train/good/ydfid_train_005911.bmp,,0,True,6c11af60623d7dbe78fbff4568c37a325acd0da3c2273c2e61293ba09db089b1,512,512,,,,,,,,,
train,SP3,ydfid/SP3/train/good/ydfid_train_005912.bmp,,0,True,0830a2ed1f5783679dcd8958b77e88fa324da93ce22e19e9e4b70fa443c7e5a3,512,512,,,,,,,,,
train,SP3,ydfid/SP3/train/good/ydfid_train_005913.bmp,,0,True,3d5b9c0de19428d60fb220ce5c97f2a8bc5b8201e74500414d663ca9e06ee121,512,512,,,,,,,,,
train,SP3,ydfid/SP3/train/good/ydfid_train_005914.bmp,,0,True,0af65f800537d2da05bcabe4c9feb5f945cc2cbdd91f0e86ea3496ce73bec55d,512,512,,,,,,,,,
train,SP3,ydfid/SP3/train/good/ydfid_train_005915.bmp,,0,True,7f3e9c5f71c0c7be12707dcd76f09ae13971fe6ae8f68c415757fb3e5a999de9,512,512,,,,,,,,,
train,SP3,ydfid/SP3/train/good/ydfid_train_005916.bmp,,0,True,bb7d4325b017ca0262987bacd07cecef730c3de4d667f06a52760127b25e0c63,512,512,,,,,,,,,
train,SP3,ydfid/SP3/train/good/ydfid_train_005917.bmp,,0,True,66c1f40d23ac5c5b2cf4fb9a43d738350697e3a6e279d6f3b7891d0f45d5a4e7,512,512,,,,,,,,,
train,SP3,ydfid/SP3/train/good/ydfid_train_005918.bmp,,0,True,4848e73423182cdd17777f7f4533e63f91afb1784b51a9043c4d869d47ffdf1d,512,512,,,,,,,,,
train,SP3,ydfid/SP3/train/good/ydfid_train_005919.bmp,,0,True,8989f60d87960aeebf7d3d8f26a32e3c42b0217e047860bbc5d89cd9c32bef6e,512,512,,,,,,,,,
train,SP3,ydfid/SP3/train/good/ydfid_train_005920.bmp,,0,True,c04c064251bcfae1eeee20aae2eaf5356b86a892edcc3b9ec2b18b12cb1e53ec,512,512,,,,,,,,,
train,SP3,ydfid/SP3/train/good/ydfid_train_005921.bmp,,0,True,93486915fa5a09ac16de2d9ee2ca57b7f90bec02fbc5ca611f770c7b94e88756,512,512,,,,,,,,,
train,SP3,ydfid/SP3/train/good/ydfid_train_005922.bmp,,0,True,513ad41d248eef6664520f41b1c2aadd5fdd423aacae2653864e237b57f97b75,512,512,,,,,,,,,
train,SP3,ydfid/SP3/train/good/ydfid_train_005923.bmp,,0,True,9f804975c5ff6bcb805632a6a58ee2ba1c5f5a6ec729f8c08c73b6c13760710e,512,512,,,,,,,,,
train,SP3,ydfid/SP3/train/good/ydfid_train_005924.bmp,,0,True,7d4e9973fb3f1a8bdda9b6e5dd858773d213b1e62303b0c52913ccf556a3207a,512,512,,,,,,,,,
train,SP3,ydfid/SP3/train/good/ydfid_train_005925.bmp,,0,True,2e3d4a2bd138ea2d93e079a997d1b269df6271fb8671bdbf608330e8814e2b04,512,512,,,,,,,,,
train,SP3,ydfid/SP3/train/good/ydfid_train_005926.bmp,,0,True,989e57de9870dd0cc6a078fc6a672458833770b0481677ca7c0cc3c75faf1f0e,512,512,,,,,,,,,
train,SP3,ydfid/SP3/train/good/ydfid_train_005927.bmp,,0,True,0172f6fc1a203ceaa54584284e4cc6f9aff8c51942e51e0a79f317e6c301f492,512,512,,,,,,,,,
train,SP3,ydfid/SP3/train/good/ydfid_train_005928.bmp,,0,True,48d7e4ab6395329c0be80ea80e64243d3f6c7c6932586e57eae5064e84e7f9b3,512,512,,,,,,,,,
train,SP3,ydfid/SP3/train/good/ydfid_train_005929.bmp,,0,True,416163a055c907d544aff9832e1b6b0093983ca76c08218245ff5c0ae232a762,512,512,,,,,,,,,
train,SP3,ydfid/SP3/train/good/ydfid_train_005930.bmp,,0,True,2eab31c9e1e826dbe9846bf599f879a6d805af1ae15062db1f1b5124cf5d80d2,512,512,,,,,,,,,
train,SP3,ydfid/SP3/train/good/ydfid_train_005931.bmp,,0,True,21d61d7f373d659c3442ca62cdfd7cbc2009a7f7c15f23df070f7cfcbff08814,512,512,,,,,,,,,
train,SP3,ydfid/SP3/train/good/ydfid_train_005932.bmp,,0,True,35cf183866a27470ad216a8419d39dbdf3a6eeb1f44911aa0f1dfc5353d9236c,512,512,,,,,,,,,
train,SP3,ydfid/SP3/train/good/ydfid_train_005933.bmp,,0,True,a61020aac327c9cc66475683a57d74d60d0483d40f5928961a06387801385c67,512,512,,,,,,,,,
train,SP3,ydfid/SP3/train/good/ydfid_train_005934.bmp,,0,True,2c8a76a2c9d88fe0dfb55912707df24c4697d37293f904b2b76b60dd1b74cef4,512,512,,,,,,,,,
train,SP3,ydfid/SP3/train/good/ydfid_train_005935.bmp,,0,True,f2564bb4544639f33fe6f15d154dba816e6d589efe6592d32e1e9f08bde0d5dd,512,512,,,,,,,,,
train,SP3,ydfid/SP3/train/good/ydfid_train_005936.bmp,,0,True,8e79d01a6853737f05f22b8883a18265fa2a9e2c1ec21dfc5a5788678562612a,512,512,,,,,,,,,
train,SP3,ydfid/SP3/train/good/ydfid_train_005937.bmp,,0,True,ff302bc7945687c845d83c4a0615c96f05fd90240ea2819967ea70503607b571,512,512,,,,,,,,,
train,SP3,ydfid/SP3/train/good/ydfid_train_005938.bmp,,0,True,b118a596f6f142ddb920518dc4c0f577863e5f2f330eb1824b8e1defa75b7a67,512,512,,,,,,,,,
train,SP3,ydfid/SP3/train/good/ydfid_train_005939.bmp,,0,True,a0ec4b26f9dc6c390ba3aa990e814d9037821fdcb2702a7e2176689639666546,512,512,,,,,,,,,
train,SP3,ydfid/SP3/train/good/ydfid_train_005940.bmp,,0,True,67c1571366350718e84a0e812ac2bc0f1b775bcadf7e9b9755c57fb9e783f147,512,512,,,,,,,,,
train,SP3,ydfid/SP3/train/good/ydfid_train_005941.bmp,,0,True,27a7fd68be302fd6823d24f09e3ab2203666a7b067c4d1d3654d77a54faec230,512,512,,,,,,,,,
train,SP5,ydfid/SP5/train/good/ydfid_train_006126.bmp,,0,True,700c3392c1c4b196143a177fba072b44f6179f4e3d1569c31ac29322af346f25,512,512,,,,,,,,,
train,SP5,ydfid/SP5/train/good/ydfid_train_006127.bmp,,0,True,5303bb934763f54c43e965f9270dd26eb5f74894147a2dbf442e5d192c4d04ec,512,512,,,,,,,,,
train,SP5,ydfid/SP5/train/good/ydfid_train_006128.bmp,,0,True,4d8aad5db796015d17dfbf63ce4dbebf72279e74d7b988eab22d6ec0a10f8e69,512,512,,,,,,,,,
train,SP5,ydfid/SP5/train/good/ydfid_train_006129.bmp,,0,True,83cc67ac15f3858ac79c413837aa33c9efdde12c2a3bc655f11cf40dcec21072,512,512,,,,,,,,,
train,SP5,ydfid/SP5/train/good/ydfid_train_006130.bmp,,0,True,0b3c1fe7897ad6746c7bc95fb4fbee8842606adaca8b2d5c9a5911b26bff58fc,512,512,,,,,,,,,
train,SP5,ydfid/SP5/train/good/ydfid_train_006131.bmp,,0,True,3869da61c3567e063c486ac156653acbeff618b026a53c969fc25ee06d5363cf,512,512,,,,,,,,,
train,SP5,ydfid/SP5/train/good/ydfid_train_006132.bmp,,0,True,2acbc3cadbe43d4a035a554fd6d1a03c429d49a5b407661a5271e7c46746f322,512,512,,,,,,,,,
train,SP5,ydfid/SP5/train/good/ydfid_train_006133.bmp,,0,True,4b836fdc397c86c186215c600b1b3ca26187b79d51b5aa812958d016d9eac9da,512,512,,,,,,,,,
train,SP5,ydfid/SP5/train/good/ydfid_train_006134.bmp,,0,True,5f8e58ee5b79845e410a58bc56fab56522843fe38642ecf8a907c7337facc44d,512,512,,,,,,,,,
train,SP5,ydfid/SP5/train/good/ydfid_train_006135.bmp,,0,True,bf4544004542f746018f1138c584663db367b78a5f2e23d51c9c63d2a096daa6,512,512,,,,,,,,,
train,SP5,ydfid/SP5/train/good/ydfid_train_006136.bmp,,0,True,eecb8a73f194e092ffd8f44f3f152d34138ecfed12f2c032751f63d66349c190,512,512,,,,,,,,,
train,SP5,ydfid/SP5/train/good/ydfid_train_006137.bmp,,0,True,0cbd3d84bf1aa66dc2a742ea9c7c2af8f6377b48cb252e0a1d2bd615ce883ca8,512,512,,,,,,,,,
train,SP5,ydfid/SP5/train/good/ydfid_train_006138.bmp,,0,True,9e26db32ead26de77e40a4bbdfa07e1501bfaaf4ce4be195a510872caba27322,512,512,,,,,,,,,
train,SP5,ydfid/SP5/train/good/ydfid_train_006139.bmp,,0,True,f27fe1a36b2191256caa82afc9120391e6c15bc28b5a482af804d586f66eb9de,512,512,,,,,,,,,
train,SP5,ydfid/SP5/train/good/ydfid_train_006140.bmp,,0,True,f787530d5f929695a6c818fd2838c3044dd2170287bff2612cb97415e1e9b9ed,512,512,,,,,,,,,
train,SP5,ydfid/SP5/train/good/ydfid_train_006141.bmp,,0,True,0e9ca68322451cec1b8d1a6d8a642f832b3a9210ad24024f098385a9156ff03b,512,512,,,,,,,,,
train,SP5,ydfid/SP5/train/good/ydfid_train_006142.bmp,,0,True,83e1df3d41fb563d72b21fbd9fc677c030b1f60a1501d5f8ab192a138cf3a80c,512,512,,,,,,,,,
train,SP5,ydfid/SP5/train/good/ydfid_train_006143.bmp,,0,True,f59c255c26996bfa44f0e4919abeca3a6c82e17de8a684024683cf2d7911e2f9,512,512,,,,,,,,,
train,SP5,ydfid/SP5/train/good/ydfid_train_006144.bmp,,0,True,ad5aae6942ed83e2f5e801d2755b1b445d0cf4d781cd8835c8a4bca447262126,512,512,,,,,,,,,
train,SP5,ydfid/SP5/train/good/ydfid_train_006145.bmp,,0,True,e6bc5047ac22ea3c8f31a9528a26fd685be816db59ed0eadfddb48571db5426a,512,512,,,,,,,,,
train,SP5,ydfid/SP5/train/good/ydfid_train_006146.bmp,,0,True,8bec87dd456b4d683d6e601a868aa1f49070dc5593f848b806c2e7bf84d629ad,512,512,,,,,,,,,
train,SP5,ydfid/SP5/train/good/ydfid_train_006147.bmp,,0,True,dfdba4fd8196bf2330c23255e368f1cecfce13e5b8e45fff1b991044a88cd664,512,512,,,,,,,,,
train,SP5,ydfid/SP5/train/good/ydfid_train_006148.bmp,,0,True,0780f0acb20fda53b4a60b0f188ba19fe8bcfdb228d0651bab34af060c577346,512,512,,,,,,,,,
train,SP5,ydfid/SP5/train/good/ydfid_train_006149.bmp,,0,True,eb944d8d4ae70a669f79dc7c671208d4404976f4acefc5f9faf6ecc8febd0e1a,512,512,,,,,,,,,
train,SP5,ydfid/SP5/train/good/ydfid_train_006150.bmp,,0,True,662379ff67d08ea119cff661369adc620cd5fb22614a48b6b476db22abbb5cea,512,512,,,,,,,,,
train,SP5,ydfid/SP5/train/good/ydfid_train_006151.bmp,,0,True,7e181992a82ec3288682ddf6b870c081ddf6116db3a1e02a316e8677343dcdd9,512,512,,,,,,,,,
train,SP5,ydfid/SP5/train/good/ydfid_train_006152.bmp,,0,True,b589aeca6464e2ae84df97c6dc40ae8a3e67b041a578b82a86cc1e4431de6781,512,512,,,,,,,,,
train,SP5,ydfid/SP5/train/good/ydfid_train_006153.bmp,,0,True,4fe72ad9b41e0f3aa75a98ffa4b2007b6d3d14f2e312b03ac3954c71191ea821,512,512,,,,,,,,,
train,SP5,ydfid/SP5/train/good/ydfid_train_006154.bmp,,0,True,2768f0a4ff016b795e9b125c437ca4d64b1004ff3045a3d0276be4d0efcfcc48,512,512,,,,,,,,,
train,SP5,ydfid/SP5/train/good/ydfid_train_006155.bmp,,0,True,8e0d4f46d9e20c27199431e17d48ef626394f1c5a07e14b37fc41cc3252e82a5,512,512,,,,,,,,,
train,SP5,ydfid/SP5/train/good/ydfid_train_006156.bmp,,0,True,2745abfb15a5e3ed06e2cde9e0927a551e681267abd3aa42160ec8848ae40e82,512,512,,,,,,,,,
train,SP5,ydfid/SP5/train/good/ydfid_train_006157.bmp,,0,True,c6f9c3821e35108f365377c2b6e1b2a05a31f86d0ec32b751f55fc6d79fa6651,512,512,,,,,,,,,
train,SP5,ydfid/SP5/train/good/ydfid_train_006158.bmp,,0,True,9f5e67218db712e225a218c6fab982754319d634c200f563045355a4f4ec60af,512,512,,,,,,,,,
train,SP5,ydfid/SP5/train/good/ydfid_train_006159.bmp,,0,True,8e4cc4bef2fdad45035698521d5e61c22a442d61a46698e012ec62ef2c7ca7e1,512,512,,,,,,,,,
train,SP5,ydfid/SP5/train/good/ydfid_train_006160.bmp,,0,True,c04226341a3ff4e46bed14a002a6d287e678ed11dda12546b013b0a3cd6ea2a9,512,512,,,,,,,,,
train,SP5,ydfid/SP5/train/good/ydfid_train_006161.bmp,,0,True,c3c281e06723b01e1b1ded31cb97950d2504e85214aafd9608a8a6d61835e2cd,512,512,,,,,,,,,
train,SP5,ydfid/SP5/train/good/ydfid_train_006162.bmp,,0,True,0a970b8b5bafe0b68ccef28b6e786c5d13a923300ac1c3b1ac3989d5efff8aeb,512,512,,,,,,,,,
train,SP5,ydfid/SP5/train/good/ydfid_train_006163.bmp,,0,True,e00143c961d3f00ae51a610d3a56fc9a90bf1b525c9cba990c8d817d4a5e17bf,512,512,,,,,,,,,
train,SP5,ydfid/SP5/train/good/ydfid_train_006164.bmp,,0,True,eb68be3b9e4126cb05b02d6865d8d7279bbaf2e4bd1f94085c102e3e4200439b,512,512,,,,,,,,,
train,SP5,ydfid/SP5/train/good/ydfid_train_006165.bmp,,0,True,257b7aff1eb82e8d3cd377cea88b73bc48a913f40b6055ff9383dae7196f65ba,512,512,,,,,,,,,
train,SP5,ydfid/SP5/train/good/ydfid_train_006166.bmp,,0,True,5b705f22fb7e4d37a55172f57b84a7aa195d3312fdaf20189474791e506eeff7,512,512,,,,,,,,,
train,SP5,ydfid/SP5/train/good/ydfid_train_006167.bmp,,0,True,ea5431ae0aecb84daac3a5997d5544c3030677940bbde8983dc17bd3c2492302,512,512,,,,,,,,,
train,SP5,ydfid/SP5/train/good/ydfid_train_006168.bmp,,0,True,6811f267e0d052b4bb811e74a616bbee71ea30148a14d7a54aa1d17eec6d235e,512,512,,,,,,,,,
train,SP5,ydfid/SP5/train/good/ydfid_train_006169.bmp,,0,True,0b66dd35c4983127728732aedf142f48d4206063722a776fc75526babb8557a2,512,512,,,,,,,,,
train,SP5,ydfid/SP5/train/good/ydfid_train_006170.bmp,,0,True,8c54bcee4448f03d0431a50f8cda479a0a8099ddb046b1e31394d97271ec10dd,512,512,,,,,,,,,
train,SP5,ydfid/SP5/train/good/ydfid_train_006171.bmp,,0,True,aa60c52281bb9e5212ff6c49af994b5dc1d8df401cf9bd8eca94bfe0e7b03595,512,512,,,,,,,,,
train,SP5,ydfid/SP5/train/good/ydfid_train_006172.bmp,,0,True,a4545494746bc88d07755d1f5622795712a6863bec406943bdedd103f322c309,512,512,,,,,,,,,
train,SP5,ydfid/SP5/train/good/ydfid_train_006173.bmp,,0,True,4011b321d600bc8d67591b18bfba76dcb95fc355c6da161689814d988f5246b4,512,512,,,,,,,,,
train,SP5,ydfid/SP5/train/good/ydfid_train_006174.bmp,,0,True,4e770c68c6b68812d054f453a29ebc392c607e6762eeac88186ae9ca62e8f8ad,512,512,,,,,,,,,
train,SP5,ydfid/SP5/train/good/ydfid_train_006175.bmp,,0,True,5c63fc780fc7ac7285f01df894b215fc70d4944c23fbdf03b08b3c848f5a2b96,512,512,,,,,,,,,
train,SP5,ydfid/SP5/train/good/ydfid_train_006176.bmp,,0,True,c76b9e3524cebe33aa6d613d2a72a16e408624192068b2a710c5c08bbcd7bef1,512,512,,,,,,,,,
train,SP5,ydfid/SP5/train/good/ydfid_train_006177.bmp,,0,True,9e26126d14d0480dcdb21c63aa0d05c2fdd069ee5cb1943293e1d031d2d020d6,512,512,,,,,,,,,
train,SP5,ydfid/SP5/train/good/ydfid_train_006178.bmp,,0,True,03d92aee62fab13d2c7013eb0776d7aa6f0321eeeb6d4aab2ca2b21a86def973,512,512,,,,,,,,,
train,SP5,ydfid/SP5/train/good/ydfid_train_006179.bmp,,0,True,5bddd8893fe273462e9d8b5162a24ea8810c536b50ea06fa7fd0e6629c64d4e8,512,512,,,,,,,,,
train,SP5,ydfid/SP5/train/good/ydfid_train_006180.bmp,,0,True,b840c0e5acbfc14813f5329ae3bd07d881109d976e199db0f38bcf3e5e6a1ed8,512,512,,,,,,,,,
train,SP5,ydfid/SP5/train/good/ydfid_train_006181.bmp,,0,True,1b6e52f0c9a7c0faba9374b0484099f4fcd21d566896278cb5dc064aa55f648d,512,512,,,,,,,,,
train,SP5,ydfid/SP5/train/good/ydfid_train_006182.bmp,,0,True,1b19e47cc10c9c4a5f9c421ea23bdd513c8d5a2a2d9906aacb4d758268841a4f,512,512,,,,,,,,,
train,SP5,ydfid/SP5/train/good/ydfid_train_006183.bmp,,0,True,c708726fa0fb8a2bd9e444da42ba6fd8c81de9ddf0fd1a4b8e48ab7082af5020,512,512,,,,,,,,,
train,SP5,ydfid/SP5/train/good/ydfid_train_006184.bmp,,0,True,e33cf4ff2e2a48c377459dc9e5df4f8fd504f8cb2c2f8e30223878171eb152aa,512,512,,,,,,,,,
train,SP5,ydfid/SP5/train/good/ydfid_train_006185.bmp,,0,True,245ec7b740077fd8b819da46219ed7cd23d74441d52e63f7b1997117e9af1d0d,512,512,,,,,,,,,
train,SP5,ydfid/SP5/train/good/ydfid_train_006186.bmp,,0,True,c8ad043d4ccf3c44050e570fac4660eeb2e12988d3fbd1d6b137fc7c34a4e80f,512,512,,,,,,,,,
train,SP5,ydfid/SP5/train/good/ydfid_train_006187.bmp,,0,True,5694cf40f66a95d61dd7b45d1f663dfdf2bb3b4ae1a9cac4687bebd6e0e41cd6,512,512,,,,,,,,,
train,SP5,ydfid/SP5/train/good/ydfid_train_006188.bmp,,0,True,fcf8168133aa33c93c680d6f579f440ba81dd3e435b41a24eeb43a982c380802,512,512,,,,,,,,,
train,SP5,ydfid/SP5/train/good/ydfid_train_006189.bmp,,0,True,269d3d05f551e1c12893fbab81b6e99e49e7dd758b470720051ee0c883c0b8fd,512,512,,,,,,,,,
train,SP5,ydfid/SP5/train/good/ydfid_train_006190.bmp,,0,True,2a410b3523dbb6e8ad51f3732d4dd6ed0282bfe82e8ee51a51f0848e633f50db,512,512,,,,,,,,,
train,SP5,ydfid/SP5/train/good/ydfid_train_006191.bmp,,0,True,2e8527022d4849bffef459e333a3a04c6eab8f214ee8ee9c72ea99c0b8d81e85,512,512,,,,,,,,,
train,SP5,ydfid/SP5/train/good/ydfid_train_006192.bmp,,0,True,b88c0a61a204061635041157a85b862fb7a5be1c8ad33ee33223cdf2af5f7175,512,512,,,,,,,,,
train,SP5,ydfid/SP5/train/good/ydfid_train_006193.bmp,,0,True,0f79e5f44d2fe3d760e2fc1fccd62296e2aba358a62322db94be27b272ed8890,512,512,,,,,,,,,
train,SP5,ydfid/SP5/train/good/ydfid_train_006194.bmp,,0,True,9faad52ff26a8a4e8f1776f18a6359b436e449bbf7b923559db1df5bd8c32e73,512,512,,,,,,,,,
train,SP5,ydfid/SP5/train/good/ydfid_train_006195.bmp,,0,True,6d084d39bc2234b292e68c920ab4c45a13672c24690c2c386fe2028a666504a7,512,512,,,,,,,,,
train,SP5,ydfid/SP5/train/good/ydfid_train_006196.bmp,,0,True,5dcfa3041cf2bffde3e9329caedb16d58cdc8df2330fd6aeb357f9bd0e4a89c1,512,512,,,,,,,,,
train,SP5,ydfid/SP5/train/good/ydfid_train_006197.bmp,,0,True,8f1669027d258341766dbe3ae7f9818d4afaa5620f1f873db811887ea93110ae,512,512,,,,,,,,,
train,SP5,ydfid/SP5/train/good/ydfid_train_006198.bmp,,0,True,53b68a0258f3ce74715426642a3e82447095a65fd8b8b789d6a66a729fcf8c28,512,512,,,,,,,,,
train,SP5,ydfid/SP5/train/good/ydfid_train_006199.bmp,,0,True,f35b998114f684c882e0f19db9f525459da6cc7dd884725b6f058e5ccdce1650,512,512,,,,,,,,,
train,SP5,ydfid/SP5/train/good/ydfid_train_006200.bmp,,0,True,a64782aa827404529e960bb298262d5cf54927b87c7900cc3f70104933b879bb,512,512,,,,,,,,,
train,SP5,ydfid/SP5/train/good/ydfid_train_006201.bmp,,0,True,f94c342d7f8adc5e08131ee5da114905d15f3c232bcbe55c1205d138a32479c3,512,512,,,,,,,,,
train,SP5,ydfid/SP5/train/good/ydfid_train_006202.bmp,,0,True,97023c197d39c7c3c947db44c94c60d8e5d02756a769f564e27de51c819b5ec4,512,512,,,,,,,,,
train,SP5,ydfid/SP5/train/good/ydfid_train_006203.bmp,,0,True,5fb30a152aa50fd0f9141495f7df75b65abd24040704169ca76353088d4579f1,512,512,,,,,,,,,
train,SP5,ydfid/SP5/train/good/ydfid_train_006204.bmp,,0,True,9bcc0e2341d9efa23d2e303cca287eca5855825bbd77082c3a84badc29e09091,512,512,,,,,,,,,
train,SP5,ydfid/SP5/train/good/ydfid_train_006205.bmp,,0,True,15e794f82627432a5351e5eec94672ca3b9468bcf320112a96a7a9b026055c9d,512,512,,,,,,,,,
train,SP5,ydfid/SP5/train/good/ydfid_train_006206.bmp,,0,True,ef157d092dafe8b4ab265982c54167478e713a1501f8a001ba47be0ba9fbd360,512,512,,,,,,,,,
train,SP5,ydfid/SP5/train/good/ydfid_train_006207.bmp,,0,True,d76394adc95bd5d6549dfda64b12e7dabdefdb5c2e0ef6cc28a170016a65e7d0,512,512,,,,,,,,,
train,SP5,ydfid/SP5/train/good/ydfid_train_006208.bmp,,0,True,409a1f23b7d26268ebfbc23da8a337f192f04cffd9b72b953e347c8f36d12fd7,512,512,,,,,,,,,
train,SP5,ydfid/SP5/train/good/ydfid_train_006209.bmp,,0,True,4eb26507169ba14c8dfed86b0f57a60341fcd38cb0f97e93a84be2184f8f7b4b,512,512,,,,,,,,,
train,SP5,ydfid/SP5/train/good/ydfid_train_006210.bmp,,0,True,5e2a04dc16d1d7a382d8035ca5ae1c804a3fe9b09b363e5cfba9a8f5967a1862,512,512,,,,,,,,,
train,SP5,ydfid/SP5/train/good/ydfid_train_006211.bmp,,0,True,57b4e80c73e6f2a47e7587106f2de0a2e83574382dc82f173614cca42958fdb5,512,512,,,,,,,,,
train,SP5,ydfid/SP5/train/good/ydfid_train_006212.bmp,,0,True,a01eb3a969e774d448530e0902cbe5aca99f4f4fa6fbbc7beb49c1b19d9aefd7,512,512,,,,,,,,,
train,SP5,ydfid/SP5/train/good/ydfid_train_006213.bmp,,0,True,ba27da38e5c5e837335f071f3a0f74381da586453c21a3b1d2387043c09b28f0,512,512,,,,,,,,,
train,SP5,ydfid/SP5/train/good/ydfid_train_006214.bmp,,0,True,e8be8716c5d94ef4f3237d57b484e0e4b99b6e023cc0485d6fee53b8bd2fea79,512,512,,,,,,,,,
train,SP5,ydfid/SP5/train/good/ydfid_train_006215.bmp,,0,True,115473008de010a5d5ce86a4005662d986d531571ff649932c8d8123720fe9f2,512,512,,,,,,,,,
train,SP5,ydfid/SP5/train/good/ydfid_train_006216.bmp,,0,True,051087fe4fb0092d9962de807690af33d30d3ed91d38d516817a606d800b6c09,512,512,,,,,,,,,
train,SP5,ydfid/SP5/train/good/ydfid_train_006217.bmp,,0,True,1ac1f1b851f28d313f17c16900193b7f65a27c38c2261d6e22f593a97bf25637,512,512,,,,,,,,,
train,SP5,ydfid/SP5/train/good/ydfid_train_006218.bmp,,0,True,b6b3b0fab3a4d7afcdc2ac45b40e909d956fe3f41ddc695bf83c5ede97c6c579,512,512,,,,,,,,,
train,SP5,ydfid/SP5/train/good/ydfid_train_006219.bmp,,0,True,411cb7a6bc9ed2c49ed9948f30c5c15852e1500d26cc58e1a1b402fe9cc3f062,512,512,,,,,,,,,
train,SP5,ydfid/SP5/train/good/ydfid_train_006220.bmp,,0,True,aa6a6710877f6cdf0d5febd084ad4af50e02559aa3d767fcdbbb6a01282b2bee,512,512,,,,,,,,,
train,SP5,ydfid/SP5/train/good/ydfid_train_006221.bmp,,0,True,ad4215662cd0c622639666cc31aa1ed26d5c109d894d779411e5afc9f6dffa1c,512,512,,,,,,,,,
train,SP5,ydfid/SP5/train/good/ydfid_train_006222.bmp,,0,True,9e73bd858eb620c2bbcc7faa5cf859929f12bce4dca0fd098bbd40a6d3c8fd0d,512,512,,,,,,,,,
train,SP5,ydfid/SP5/train/good/ydfid_train_006223.bmp,,0,True,fc449f067b0f50971753fc7f892491b31502c580ba722a9c59b025f8093bd8ad,512,512,,,,,,,,,
train,SP5,ydfid/SP5/train/good/ydfid_train_006224.bmp,,0,True,7b58c046ebf26321ab961f12a23263e0cd57a669c74a4397d69d18082393a251,512,512,,,,,,,,,
train,SP5,ydfid/SP5/train/good/ydfid_train_006225.bmp,,0,True,4ce1406e782fd189f17c39de374d0a7b147d762811f6946dd551ae5051507114,512,512,,,,,,,,,
train,SP5,ydfid/SP5/train/good/ydfid_train_006226.bmp,,0,True,239e45019bf99d32dfdd72d6f0edaf5dd76d577a5db85e23eb2f15b52119dcf1,512,512,,,,,,,,,
train,SP5,ydfid/SP5/train/good/ydfid_train_006227.bmp,,0,True,6a19d7683854341d0ef575f4fe2f485f5e2644754e409b6854a60ddce9a15f54,512,512,,,,,,,,,
train,SP5,ydfid/SP5/train/good/ydfid_train_006228.bmp,,0,True,65147648fd52b8dcdeba3456a71c275a7d8bddc0af78d8c11351e975e3ba15b2,512,512,,,,,,,,,
train,SP5,ydfid/SP5/train/good/ydfid_train_006229.bmp,,0,True,86dab3a692a3b2a31a46daa562ffc34b389c93da447afaf81433508f7249d5f2,512,512,,,,,,,,,
train,SP5,ydfid/SP5/train/good/ydfid_train_006230.bmp,,0,True,69411173003053a6a41681559b2763f2e2cbd070383a8ea5dacca0e6f27f1b4c,512,512,,,,,,,,,
train,SP5,ydfid/SP5/train/good/ydfid_train_006231.bmp,,0,True,1a6acb2716c4b1e2c715efc5579946fc5f9af23d2f2140b07535822284c6f509,512,512,,,,,,,,,
train,SP5,ydfid/SP5/train/good/ydfid_train_006232.bmp,,0,True,df41f4c3d11ddbf93c55616a60327f2159d38ee4ca6e4a06c7527b077250a71f,512,512,,,,,,,,,
train,SP5,ydfid/SP5/train/good/ydfid_train_006233.bmp,,0,True,ab9067de9e6ef0f1f4d221215ad8f2d19a84e593cd1b969cd3fd0a0c52e13eba,512,512,,,,,,,,,
train,SP5,ydfid/SP5/train/good/ydfid_train_006234.bmp,,0,True,26955caab89addf42632737082e1a4eb32b2919ea547d0cd55898014ea3da78f,512,512,,,,,,,,,
train,SP5,ydfid/SP5/train/good/ydfid_train_006235.bmp,,0,True,adbf4071aa50b9fb6b83a6e47eed304f2ed7aa6b41de406d34a1257925b312a6,512,512,,,,,,,,,
train,SP5,ydfid/SP5/train/good/ydfid_train_006236.bmp,,0,True,c8afcb7eab54e9c8ef59ebb3ebf8488d3197f160abe5ec4c7cee247fb7da58fa,512,512,,,,,,,,,
train,SP5,ydfid/SP5/train/good/ydfid_train_006237.bmp,,0,True,7b6ac039e9ceb8fabc6dd7ae94cd79eb5f223767774a2316b5ae6a6e1b5b92e8,512,512,,,,,,,,,
train,SP5,ydfid/SP5/train/good/ydfid_train_006238.bmp,,0,True,053d6867d43f171bd733ed6655496751ad476ce2ceac1540ec9fb4025c357f1d,512,512,,,,,,,,,
train,SP5,ydfid/SP5/train/good/ydfid_train_006239.bmp,,0,True,4671acc2f119b052975726260c4bf35e47bd218621bad61cd852f42a66adc15a,512,512,,,,,,,,,
train,SP5,ydfid/SP5/train/good/ydfid_train_006240.bmp,,0,True,9733551f5daf581954b998a7a156f15ba7dbc4ba72eae12908eee0b3eb7cb710,512,512,,,,,,,,,
train,SP5,ydfid/SP5/train/good/ydfid_train_006241.bmp,,0,True,d3ec42c393b9233febfccd04f38d332ca6e92885376258d6a4f91dafb5e95466,512,512,,,,,,,,,
train,SP5,ydfid/SP5/train/good/ydfid_train_006242.bmp,,0,True,3ed9bb28ac3e77cc8986dff3f3527d9f30264f87672bac7426943b7516f18725,512,512,,,,,,,,,
train,SP5,ydfid/SP5/train/good/ydfid_train_006243.bmp,,0,True,7134e1e301721d1dc211d4b7a8f852b9c7d99028d195e0e149255677bb5cc800,512,512,,,,,,,,,
train,SP5,ydfid/SP5/train/good/ydfid_train_006244.bmp,,0,True,dbaab15228aadb5a67e245c7a5c9a971646f8e53590e500b8147afaf3ff2adfe,512,512,,,,,,,,,
train,SP5,ydfid/SP5/train/good/ydfid_train_006245.bmp,,0,True,7f339359aa0dc0b7a1abfaaffe7a9e7f827a498d4696bc4b7645a2032c26036c,512,512,,,,,,,,,
train,SP5,ydfid/SP5/train/good/ydfid_train_006246.bmp,,0,True,7d525f5c6469c42bbc4803a38ba65334fd1d85cd78c4b641d5fa129866b0249c,512,512,,,,,,,,,
train,SP5,ydfid/SP5/train/good/ydfid_train_006247.bmp,,0,True,497fb3612227e483460ff342e270f73e8cdd81cefdca9ca6d6b6b4acc3a13040,512,512,,,,,,,,,
train,SP5,ydfid/SP5/train/good/ydfid_train_006248.bmp,,0,True,20b342f920e8ec82f9ba2775eb4b8d950acb23c91f950e212af1853f0c39b8f9,512,512,,,,,,,,,
train,SP5,ydfid/SP5/train/good/ydfid_train_006249.bmp,,0,True,5cb02e4ebf53a4715ced847223e332b450d4434a747c50add9df88f1050348ca,512,512,,,,,,,,,
train,SP5,ydfid/SP5/train/good/ydfid_train_006250.bmp,,0,True,22c586dadb6ea3aceeafde815d8c12633431e4e6b682d5f39b406e03f8e17850,512,512,,,,,,,,,
train,SP5,ydfid/SP5/train/good/ydfid_train_006251.bmp,,0,True,beda91d28648d3df9f540eecc6a3a465fa27ccf6d95d53b33827e3ef72173922,512,512,,,,,,,,,
train,SP5,ydfid/SP5/train/good/ydfid_train_006252.bmp,,0,True,f055b6df85705ead32c6cad005c51217901f3ce7e2324d5dde4b786f0276c9d3,512,512,,,,,,,,,
train,SP5,ydfid/SP5/train/good/ydfid_train_006253.bmp,,0,True,f4f826c32ae37caa42183ba1ce6fbd7a74164612d6977237ba31be59c080fd58,512,512,,,,,,,,,
train,SP5,ydfid/SP5/train/good/ydfid_train_006254.bmp,,0,True,3aa1e46421d7fd9a66f1c37ca4b042b7f6ca1cf302e4ff0c264d804cd1f1dd73,512,512,,,,,,,,,
train,SP5,ydfid/SP5/train/good/ydfid_train_006255.bmp,,0,True,e9de71649c100ab4ba7fb44c2f3d9c5a98b2830f54474c583eb6f3974c2a52d3,512,512,,,,,,,,,
train,SP5,ydfid/SP5/train/good/ydfid_train_006256.bmp,,0,True,2f47713a8bc27ab276208b805f82c470f5bef48d63b59539b81052b8aa72f9d8,512,512,,,,,,,,,
train,SP5,ydfid/SP5/train/good/ydfid_train_006257.bmp,,0,True,8ac65515ef7c9e35db6f7d6b787c8993cbceabadd377b9d7db120abfe0117bfd,512,512,,,,,,,,,
train,SP5,ydfid/SP5/train/good/ydfid_train_006258.bmp,,0,True,c86fee3aea350fb83f9527b76a9f4cdcb73e22f84fdf2bdf54fc70ce21d5b2ad,512,512,,,,,,,,,
train,SP5,ydfid/SP5/train/good/ydfid_train_006259.bmp,,0,True,441534240f591303046dc0e8b8e49fe8f2aa4eb6583f6cc94cd2c936e9970b36,512,512,,,,,,,,,
train,SP5,ydfid/SP5/train/good/ydfid_train_006260.bmp,,0,True,f2c864cdcd8d235cc9522b4c5d8343f40ffa328673b225534954cc1331f20411,512,512,,,,,,,,,
train,SP5,ydfid/SP5/train/good/ydfid_train_006261.bmp,,0,True,00f9f199df7c66b2ffaf6cf1bb99738530eb68b62e0488978331256c867c5072,512,512,,,,,,,,,
train,SP5,ydfid/SP5/train/good/ydfid_train_006262.bmp,,0,True,2087158092b2a52f14ef87f0d7cfa6ca448164584c318f4b6eac3a811b2cf97e,512,512,,,,,,,,,
train,SP5,ydfid/SP5/train/good/ydfid_train_006263.bmp,,0,True,71d4e2adc751e5e1db0061260b21389133d96182143a76871f2ea7c49fde92cf,512,512,,,,,,,,,
train,SP5,ydfid/SP5/train/good/ydfid_train_006264.bmp,,0,True,ce0381ce7f8f69371175ef1739b48b1744e7c6fe027d4debe28a4cc515055d6c,512,512,,,,,,,,,
train,SP5,ydfid/SP5/train/good/ydfid_train_006265.bmp,,0,True,05d44c083e4ce49837cffebdb6207b12287b9f60cc68b401f5bd61aef4822076,512,512,,,,,,,,,
train,SP5,ydfid/SP5/train/good/ydfid_train_006266.bmp,,0,True,50fbdb5f58fee35a28d89de2586c283032451f1b01ad9549c9fddf91af61d638,512,512,,,,,,,,,
train,SP5,ydfid/SP5/train/good/ydfid_train_006267.bmp,,0,True,5716b60acaba518ae04d54700c835afd3b34bfd58b501d533742ff161d7f5a8a,512,512,,,,,,,,,
train,SP5,ydfid/SP5/train/good/ydfid_train_006268.bmp,,0,True,e93f6c058f2039c82a664711892981d804c2241eb5914fc9f0d71a8d81b48e7e,512,512,,,,,,,,,
train,SP5,ydfid/SP5/train/good/ydfid_train_006269.bmp,,0,True,12b692f6dde1eb61023b1409549f57cca37a1997a26dd7962adfa15ff4ac40a3,512,512,,,,,,,,,
train,SP5,ydfid/SP5/train/good/ydfid_train_006270.bmp,,0,True,e27ca308ff9a3f6353a43f5dac15b3a3e1c4af9255f39ba3cba8078bf24c080e,512,512,,,,,,,,,
train,SP5,ydfid/SP5/train/good/ydfid_train_006271.bmp,,0,True,7620663e200b27ecfe74c6abd77ea7f60b7e5a92929a4d95bce17071414f200f,512,512,,,,,,,,,
train,SP5,ydfid/SP5/train/good/ydfid_train_006272.bmp,,0,True,963e2f2cb4817abfdfe1b649bd6c597d53fe5318220a9499c2a9d8985907d80d,512,512,,,,,,,,,
train,SP5,ydfid/SP5/train/good/ydfid_train_006273.bmp,,0,True,899e1844405e648bc9c04f9478ff48e1029e2d07d94f2e1f69632200b9fbf77f,512,512,,,,,,,,,
train,SP5,ydfid/SP5/train/good/ydfid_train_006274.bmp,,0,True,02dbada235af18832cf89a1dbed0142408ccd3c945cf4ed8e3333cf777bae34e,512,512,,,,,,,,,
train,SP5,ydfid/SP5/train/good/ydfid_train_006275.bmp,,0,True,8d6eaffb74179580a4fbb28c097d1a68015f101684a11739ab8a72f578c89820,512,512,,,,,,,,,
train,SP5,ydfid/SP5/train/good/ydfid_train_006276.bmp,,0,True,00fe80beb3f0235dae0408cf41efc4b38fae181a2bcf8edfa33911694ac36870,512,512,,,,,,,,,
train,SP5,ydfid/SP5/train/good/ydfid_train_006277.bmp,,0,True,87d6e11b238a1de97577eab72ce25e8693418e56e40df13e8491600c627a291f,512,512,,,,,,,,,
train,SP5,ydfid/SP5/train/good/ydfid_train_006278.bmp,,0,True,0847013da70b321b1a6f1501aed3d9b57669880bb71772dd8306963328579312,512,512,,,,,,,,,
train,SP5,ydfid/SP5/train/good/ydfid_train_006279.bmp,,0,True,9eec6d2bc6bd8e2ee2eb17af22727eecf23b1df781e7745a906f51cafe11591b,512,512,,,,,,,,,
train,SP5,ydfid/SP5/train/good/ydfid_train_006280.bmp,,0,True,1059f5077eaf04c7a8b8367251237e4373df0a06b8d635a82007c62a5da3ec4d,512,512,,,,,,,,,
train,SP5,ydfid/SP5/train/good/ydfid_train_006281.bmp,,0,True,9f0cebf808ca6d2a3235f2849affbe3edee1ddc49a574bd5fc3eda61a9e1e40a,512,512,,,,,,,,,
train,SP5,ydfid/SP5/train/good/ydfid_train_006282.bmp,,0,True,245c307064e8924a98ec589d1109e0b9a96c7f44cb5a0c362b88a39327e401df,512,512,,,,,,,,,
train,SP5,ydfid/SP5/train/good/ydfid_train_006283.bmp,,0,True,41f825a80ee6181a4ed40c5f9394f3231d08fd9a82c26665e933e82071452255,512,512,,,,,,,,,
train,SP5,ydfid/SP5/train/good/ydfid_train_006284.bmp,,0,True,050266adebdcb82f04f40f603c9687ce9197c75ed8a298b8f7531cd826ab6a85,512,512,,,,,,,,,
train,SP5,ydfid/SP5/train/good/ydfid_train_006285.bmp,,0,True,c57c5512dae856a6fe5afbd801ab30e323cf544f5680ab32c666aacb528f4980,512,512,,,,,,,,,
train,SP5,ydfid/SP5/train/good/ydfid_train_006286.bmp,,0,True,a6b6d538432c8c23597bb79186e299c8a09784ba78deff43916db0dcec20f751,512,512,,,,,,,,,
train,SP5,ydfid/SP5/train/good/ydfid_train_006287.bmp,,0,True,7a67bf01c4f101fdfb032bc4a45dddcf832da983e9f2ad172d944fb7651b9174,512,512,,,,,,,,,
train,SP5,ydfid/SP5/train/good/ydfid_train_006288.bmp,,0,True,9c242b7195a1b41b07a985acae902544d087b42d007640adbf48e5494d330651,512,512,,,,,,,,,
train,SP5,ydfid/SP5/train/good/ydfid_train_006289.bmp,,0,True,78fa6a5a647bf0752c0e0d433f2f4323cc6272704dd8f998682a720abc3430a1,512,512,,,,,,,,,
train,SP5,ydfid/SP5/train/good/ydfid_train_006290.bmp,,0,True,5cfb3a7fdfb178547f04a5087fa86fce7255ee7eee51ea12de7c5397017e27ab,512,512,,,,,,,,,
train,SP5,ydfid/SP5/train/good/ydfid_train_006291.bmp,,0,True,854e3049de2fb4876b321cfbea622467d0543cd1f24fa8aa551c1a2fbfad3ad8,512,512,,,,,,,,,
test,CL1,ydfid/CL1/test/anomaly/ydfid_defect_000330.bmp,ydfid/CL1/ground_truth/anomaly/ydfid_defect_000330.png,1,True,31be9d2d68863c60bebc1035e7c00a3d22d6baa0697ff42a7316cf4dd998d852,512,512,True,512,512,0|255,553,0.002109527587890625,1.08163,False,
test,CL1,ydfid/CL1/test/anomaly/ydfid_defect_000331.bmp,ydfid/CL1/ground_truth/anomaly/ydfid_defect_000331.png,1,True,a07a9616fd162bac55b4b1c05a7a03b0ac4158d4fa9e4018bd1b7816113903b8,512,512,True,512,512,0|255,595,0.002269744873046875,1.20833,False,
test,CL1,ydfid/CL1/test/anomaly/ydfid_defect_000332.bmp,ydfid/CL1/ground_truth/anomaly/ydfid_defect_000332.png,1,True,88866d870926ed8ed7699a03693310439812f8f414306f18cbba2114b0d3e186,512,512,True,512,512,0|255,557,0.002124786376953125,1.21277,False,
test,CL1,ydfid/CL1/test/anomaly/ydfid_defect_000333.bmp,ydfid/CL1/ground_truth/anomaly/ydfid_defect_000333.png,1,True,92e7ca74c887d9cfd2b24fbe69e87f7e99d31993dec420bc694421efe50abf15,512,512,True,512,512,0|255,559,0.002132415771484375,1.1087,False,
test,CL1,ydfid/CL1/test/anomaly/ydfid_defect_000334.bmp,ydfid/CL1/ground_truth/anomaly/ydfid_defect_000334.png,1,True,9ac5042f7f9a6af8609ae4f0396242ee81a8c4a568e560006082ab4862d86669,512,512,True,512,512,0|255,330,0.00125885009765625,1.0,False,
test,CL1,ydfid/CL1/test/anomaly/ydfid_defect_000335.bmp,ydfid/CL1/ground_truth/anomaly/ydfid_defect_000335.png,1,True,ebb017bd11136d8e94c9358620fe458359c4f809a9d462033d6f68f40bb0914f,512,512,True,512,512,0|255,385,0.001468658447265625,2.15,False,
test,CL1,ydfid/CL1/test/anomaly/ydfid_defect_000336.bmp,ydfid/CL1/ground_truth/anomaly/ydfid_defect_000336.png,1,True,b70272b0bb50c7e1733918156be397dce64a3bdc2faf4e10df72149a22c2bbf1,512,512,True,512,512,0|255,551,0.002101898193359375,3.08696,False,
test,CL1,ydfid/CL1/test/anomaly/ydfid_defect_000337.bmp,ydfid/CL1/ground_truth/anomaly/ydfid_defect_000337.png,1,True,bdc1f642ea9fb0916d215e747bf165bbb9ddfb7cca3dd34ac52b5fc18cd97090,512,512,True,512,512,0|255,453,0.001728057861328125,3.5,False,
test,CL1,ydfid/CL1/test/anomaly/ydfid_defect_000338.bmp,ydfid/CL1/ground_truth/anomaly/ydfid_defect_000338.png,1,True,ff68393e9ac568137e4da55731699c849e3c7d8f78a875003947b414dba7eb8b,512,512,True,512,512,0|255,473,0.001804351806640625,1.08511,False,
test,CL1,ydfid/CL1/test/good/ydfid_good_000165.bmp,,0,True,750c02218154550c32aab3179246f8e10f0d0b3a7dd0026a58582e4f3d3822d8,512,512,,,,,,,,,
test,CL1,ydfid/CL1/test/good/ydfid_good_000166.bmp,,0,True,3f172e4e9927edf9c58d210b384af08a3f44010c81d3be5e2b6887969244034e,512,512,,,,,,,,,
test,CL1,ydfid/CL1/test/good/ydfid_good_000167.bmp,,0,True,bec6c593136eb0343430ae70eeda5b07bcfb170291aeb9d1133dd2cb1a760146,512,512,,,,,,,,,
test,CL1,ydfid/CL1/test/good/ydfid_good_000168.bmp,,0,True,46754bc101f53dabc9e19a7d132da2ee8b2651e09bf143a4b5e9cbcc74c94c06,512,512,,,,,,,,,
test,CL1,ydfid/CL1/test/good/ydfid_good_000169.bmp,,0,True,11305e680242d16038930f3d2eff54234894cd045ffa712a8e1a7ce8a2835caf,512,512,,,,,,,,,
test,CL1,ydfid/CL1/test/good/ydfid_good_000170.bmp,,0,True,a8ec368d82803c9d2b3b7c8193f6992784548f2d5b90b3c62b66b2e006f79ad7,512,512,,,,,,,,,
test,CL1,ydfid/CL1/test/good/ydfid_good_000171.bmp,,0,True,7ca425f9749c88f8f0a77b37cff1e5722b2ab3512c10e73f0135d2dd6815fcb0,512,512,,,,,,,,,
test,CL1,ydfid/CL1/test/good/ydfid_good_000172.bmp,,0,True,c569af6e19e1bcb6540e42f8256cafdac8d03b2ee729762812e0a21b3762d54d,512,512,,,,,,,,,
test,CL1,ydfid/CL1/test/good/ydfid_good_000173.bmp,,0,True,a322184c9409588ab6c6d703ee0425eed0594ec38e68594b942a1c5d464640be,512,512,,,,,,,,,
test,CL1,ydfid/CL1/test/good/ydfid_good_000174.bmp,,0,True,ad758cf0ab3dfab7dbd8172a67cf6bb4063b5da11f53d8bccf7dc65ace6e8eef,512,512,,,,,,,,,
test,CL1,ydfid/CL1/test/good/ydfid_good_000175.bmp,,0,True,6cbc07698f27de8875cfe8ea91bfd4aaa8053695f719ba5184da6a589d525955,512,512,,,,,,,,,
test,CL1,ydfid/CL1/test/good/ydfid_good_000176.bmp,,0,True,34db8684ad922cee0b57189809bdb8b9b3d653cd757605882f0dd81e774b998e,512,512,,,,,,,,,
test,CL1,ydfid/CL1/test/good/ydfid_good_000177.bmp,,0,True,d7766d8a2e1147919a683d041f90466a6c43974b90e38d60e8c78ac3fd640b2c,512,512,,,,,,,,,
test,CL1,ydfid/CL1/test/good/ydfid_good_000178.bmp,,0,True,cae273c3257f0a337103935bc70a63a5d89bea5203af3ec8e084eaf6a1b82c5a,512,512,,,,,,,,,
test,CL1,ydfid/CL1/test/good/ydfid_good_000179.bmp,,0,True,94d15022481554faf21d29ee84a6fb9e81f3c62d2942903775f7d66b6de8ef33,512,512,,,,,,,,,
test,CL1,ydfid/CL1/test/good/ydfid_good_000180.bmp,,0,True,82ff02e215839b2a88b7e9dcd8159fe6d341232761058686dbb1aeba20c46bb1,512,512,,,,,,,,,
test,CL1,ydfid/CL1/test/good/ydfid_good_000181.bmp,,0,True,4949270ca748733c77565616430869dcbfba2bf72dc79ae1c1d3ffc0d4a48557,512,512,,,,,,,,,
test,CL1,ydfid/CL1/test/good/ydfid_good_000182.bmp,,0,True,511dbc17d13f9b0b9220b1e1d8ff2ee013c11a478a403f1d872594b02ab7f400,512,512,,,,,,,,,
test,CL1,ydfid/CL1/test/good/ydfid_good_000183.bmp,,0,True,41835140f61e71c117a95f9355b705dc53a838f0a8354a98974ced65b207c80f,512,512,,,,,,,,,
test,CL1,ydfid/CL1/test/good/ydfid_good_000184.bmp,,0,True,5f5003117b3e4eb85f150f4e1bc4ee50ce25d7f82ba10ff3733584fd8508e061,512,512,,,,,,,,,
test,CL1,ydfid/CL1/test/good/ydfid_good_000185.bmp,,0,True,f9a4fd39ed632e425b351f4c50908a1d92ecd94d0fa69007fe1790feed452e9f,512,512,,,,,,,,,
test,CL1,ydfid/CL1/test/good/ydfid_good_000186.bmp,,0,True,e93410820f7dc68a54c65bad0c27f1735cf6e85977b295d1e7d2cdf808c23688,512,512,,,,,,,,,
test,CL1,ydfid/CL1/test/good/ydfid_good_000187.bmp,,0,True,07c95cf2f186fd52462079a4f5e669112b77f33471605a3b2f4a0b91161e8a36,512,512,,,,,,,,,
test,CL1,ydfid/CL1/test/good/ydfid_good_000188.bmp,,0,True,63b4dc108d4b18ddf868dbffa5c90a9884341178748118ee82de8a7d460841d5,512,512,,,,,,,,,
test,CL1,ydfid/CL1/test/good/ydfid_good_000189.bmp,,0,True,67cb54089062a7c70d6d8e6ecf27d92df536a2a75571f7ef001039baccb4c55f,512,512,,,,,,,,,
test,CL1,ydfid/CL1/test/good/ydfid_good_000190.bmp,,0,True,92c5c1d57c414984efef5c00bddcb017d88671b3d8cf5ad4e0bce1f7f52a29c7,512,512,,,,,,,,,
test,CL1,ydfid/CL1/test/good/ydfid_good_000191.bmp,,0,True,4b55cc3627b1835d5595e43e558dd84a6c605f3dcb3a603f810a94c53189d8fc,512,512,,,,,,,,,
test,CL1,ydfid/CL1/test/good/ydfid_good_000192.bmp,,0,True,13b6517ce87bcfe35418bdbb35dd77cd435cfdaf2241e4dc2bbb85bf421f3e0d,512,512,,,,,,,,,
test,CL1,ydfid/CL1/test/good/ydfid_good_000193.bmp,,0,True,3dde5ff5b4bbc66eaff955d1c8b80121d4d6c778911ec4087e3a4234869a23ba,512,512,,,,,,,,,
test,CL1,ydfid/CL1/test/good/ydfid_good_000194.bmp,,0,True,df3d84bc580919261ae4d4fa065d98f9c75198430514009aa96bf8fe36d869f5,512,512,,,,,,,,,
test,CL1,ydfid/CL1/test/good/ydfid_good_000195.bmp,,0,True,775505e6307a9a6de025f179a47baee09ff8b350cdbc25bf810023b3e2feeba6,512,512,,,,,,,,,
test,CL1,ydfid/CL1/test/good/ydfid_good_000196.bmp,,0,True,d7e099e7133d21fd20594ff3935f5425bca27311cd22ab42e8688bdce455ff92,512,512,,,,,,,,,
test,CL1,ydfid/CL1/test/good/ydfid_good_000197.bmp,,0,True,1e57aae5de83715a66426b89aade7d726b0138f999a3d8050679dd4c4afb23bf,512,512,,,,,,,,,
test,CL1,ydfid/CL1/test/good/ydfid_good_000198.bmp,,0,True,fd66e6619e4bcdbf56f7e58d75e98354d7422d5f869f3f318da763298e929880,512,512,,,,,,,,,
test,CL1,ydfid/CL1/test/good/ydfid_good_000199.bmp,,0,True,57dcaf8bfa82e20473a1bd3e61372b378c030ef624065d414f3a76c70fc8eb1b,512,512,,,,,,,,,
test,CL1,ydfid/CL1/test/good/ydfid_good_000200.bmp,,0,True,85e4a3ea463bd1d4c38ba294cfa74f0f01125c7034cb1f64104e37592dfb32b3,512,512,,,,,,,,,
test,CL1,ydfid/CL1/test/good/ydfid_good_000201.bmp,,0,True,3c117fc5cd1eca6b58cc3a3ba25a4712ab99f224b13d5ee83985af689514c8fd,512,512,,,,,,,,,
test,CL1,ydfid/CL1/test/good/ydfid_good_000202.bmp,,0,True,959917e7af4f7dfda37a9e048cb3154197e310f5ef43418bdfa68b679e606c09,512,512,,,,,,,,,
test,CL1,ydfid/CL1/test/good/ydfid_good_000203.bmp,,0,True,a00d41e8c8c5a074411d5b2bc8da19db22f72c71c5d458671b0d64a981dcd29a,512,512,,,,,,,,,
test,CL1,ydfid/CL1/test/good/ydfid_good_000204.bmp,,0,True,2d3521f57be22fd72a9a65c91ae7eb59c4f4916d42b185743481f67e0047d4e2,512,512,,,,,,,,,
test,CL1,ydfid/CL1/test/good/ydfid_good_000205.bmp,,0,True,4aa4b84275213f99a248aded48364c175c178d4efe2ae619e74825114227a0d7,512,512,,,,,,,,,
test,CL1,ydfid/CL1/test/good/ydfid_good_000206.bmp,,0,True,5cb450ffe70c6980dce28276ccc6cdc017ec94616f55bf2db0a5750661643ab8,512,512,,,,,,,,,
test,CL1,ydfid/CL1/test/good/ydfid_good_000207.bmp,,0,True,e84620c253482a76b0c6fa458c7c1e6cb9c55039be0176c262d24ad0034e86de,512,512,,,,,,,,,
test,CL1,ydfid/CL1/test/good/ydfid_good_000208.bmp,,0,True,5aa0db04d8f9f273891957c8685eb64b8fc9ca705e9a1b692170c17d52959bac,512,512,,,,,,,,,
test,CL1,ydfid/CL1/test/good/ydfid_good_000209.bmp,,0,True,88562fa8c94ff05e511420bd4ad08327aed32b19b307982d4bd920f824896e88,512,512,,,,,,,,,
test,CL1,ydfid/CL1/test/good/ydfid_good_000210.bmp,,0,True,46f147f4af81efef43ef1d33ac467dfc967f0b2fc44decdb443d9b8e6caceacb,512,512,,,,,,,,,
test,CL1,ydfid/CL1/test/good/ydfid_good_000211.bmp,,0,True,0149d9242efc3b2595e60e06792e9a210593bc7b4b868e67d8590834b682bd44,512,512,,,,,,,,,
test,CL1,ydfid/CL1/test/good/ydfid_good_000212.bmp,,0,True,08af548801abb1c4a9d1f87c64d7965bf80d12b71bdf5e044930d9c285e1d081,512,512,,,,,,,,,
test,CL1,ydfid/CL1/test/good/ydfid_good_000213.bmp,,0,True,9fb548d2a3369eaf7e0fe81f36919813fa8a96b3f381dfa8be7886b088e3392b,512,512,,,,,,,,,
test,CL1,ydfid/CL1/test/good/ydfid_good_000214.bmp,,0,True,d73d9b87f0a9b7ec8b8dabc7868cd101d8962a67a7c1443d1715fc63eea8148d,512,512,,,,,,,,,
test,CL1,ydfid/CL1/test/good/ydfid_good_000215.bmp,,0,True,86a96f893f6b2b7328c7bdcafe1074d876877b4caf27e6f77db397f8f5737782,512,512,,,,,,,,,
test,CL1,ydfid/CL1/test/good/ydfid_good_000216.bmp,,0,True,05dbb1eb72c3203ee53e88ebea738d3f15547bd255b2df5f6669ac56d798c426,512,512,,,,,,,,,
test,CL1,ydfid/CL1/test/good/ydfid_good_000217.bmp,,0,True,7c169bc0490b05c68f5557ceb5f0938b48302e9ce11462de80b5651f6b7e98f2,512,512,,,,,,,,,
test,CL1,ydfid/CL1/test/good/ydfid_good_000218.bmp,,0,True,483a7e0cc2c0f294ef63731f33a6e02bf1442d9f63f54490f202935737f0f744,512,512,,,,,,,,,
test,CL1,ydfid/CL1/test/good/ydfid_good_000219.bmp,,0,True,e4bd928ebc68544295f02d5a4f86af575b5f556020c4485d64afc7a3c7c69d32,512,512,,,,,,,,,
test,CL1,ydfid/CL1/test/good/ydfid_good_000220.bmp,,0,True,9e40bd8b136a39547bba7c3053589c9d84561ede061c1599e889c03c591a8f6a,512,512,,,,,,,,,
test,CL1,ydfid/CL1/test/good/ydfid_good_000221.bmp,,0,True,5a373aa19b2aa4b3cd07458fb7a8435461ae120b1ccc5ceddba47dfdd4ebbb83,512,512,,,,,,,,,
test,CL1,ydfid/CL1/test/good/ydfid_good_000222.bmp,,0,True,914d7ea32cc7ef1ad1edec29c859ae1b59f22ae9dbb68a13470ba99cbc2071d7,512,512,,,,,,,,,
test,CL1,ydfid/CL1/test/good/ydfid_good_000223.bmp,,0,True,c42ca2011ab9e5a4594212f4d40bf4438a6a6aea88f51afbfdf2b7346bb9dc4e,512,512,,,,,,,,,
test,CL1,ydfid/CL1/test/good/ydfid_good_000224.bmp,,0,True,8b0a4eaeb2fd2768c4f0dc69b052a36a000b9c63cb71717cfc2f2e643ba02fc1,512,512,,,,,,,,,
test,CL1,ydfid/CL1/test/good/ydfid_good_000225.bmp,,0,True,47bacb78b12556a08e8052ded43f56bfd8c456e1cdbd70b98ea0817a4278ef54,512,512,,,,,,,,,
test,CL1,ydfid/CL1/test/good/ydfid_good_000226.bmp,,0,True,f3e45a3789c19bc1cd2dcfda74ae2db1ff4d31decb5509867d217cbdb263c623,512,512,,,,,,,,,
test,CL1,ydfid/CL1/test/good/ydfid_good_000227.bmp,,0,True,c2861f0d3c2e6a07a29aac727715e8bc74ee005d7f5660d642517c4720f5d23e,512,512,,,,,,,,,
test,CL1,ydfid/CL1/test/good/ydfid_good_000228.bmp,,0,True,a5ad0d91cf29ba008fdff933811414e9c59bd3db05a386f82dc96d0f4740acf3,512,512,,,,,,,,,
test,CL1,ydfid/CL1/test/good/ydfid_good_000229.bmp,,0,True,d63e12cf712ed749946b85cd591e8ca572cc131295654198f72d4b32534b6be3,512,512,,,,,,,,,
test,CL1,ydfid/CL1/test/good/ydfid_good_000230.bmp,,0,True,813143e65758e675da7326f8ddee800093805c790caa984552374b0eda0a6c51,512,512,,,,,,,,,
test,CL1,ydfid/CL1/test/good/ydfid_good_000231.bmp,,0,True,ce8925b1ccc41f8c4baeb477e8f373df8b4ea46530e885aff8fc59c50d9cc4d0,512,512,,,,,,,,,
test,CL1,ydfid/CL1/test/good/ydfid_good_000232.bmp,,0,True,8d59b7a548851c9ee57bffedf55d1fe263cbf1997c3ce42e178767702bf5a606,512,512,,,,,,,,,
test,CL1,ydfid/CL1/test/good/ydfid_good_000233.bmp,,0,True,c98307e78dd081cea82f60258535af709691b2ba2f29a340981319a6c2ad3b61,512,512,,,,,,,,,
test,CL1,ydfid/CL1/test/good/ydfid_good_000234.bmp,,0,True,2f4f7c5c75be7743c7d255ab8e1627252487b501a2baefb0209effbf42b09d2a,512,512,,,,,,,,,
test,CL1,ydfid/CL1/test/good/ydfid_good_000235.bmp,,0,True,f7cea89f1018a4b3415c3e72a404344bdb17df5a72f4e947d1305147970b35d6,512,512,,,,,,,,,
test,CL1,ydfid/CL1/test/good/ydfid_good_000236.bmp,,0,True,c848e378f99503f86c7b4c065de5de5673da6cbc49a97b9a8d3803fd551ea1d0,512,512,,,,,,,,,
test,CL1,ydfid/CL1/test/good/ydfid_good_000237.bmp,,0,True,5c8549b88b70466e5b670861d6ba33ed793b8695d6ea83176fb564dbe2d90677,512,512,,,,,,,,,
test,CL1,ydfid/CL1/test/good/ydfid_good_000238.bmp,,0,True,267a837cd7dcaa68955c99e56ddc32f7ce9a15c1703f0efa8abb23b3dbec636b,512,512,,,,,,,,,
test,CL1,ydfid/CL1/test/good/ydfid_good_000239.bmp,,0,True,a02f89b39bd057b5a74abf261e09d335f4b3e48bfdf13c5bdde9265dae9d43f7,512,512,,,,,,,,,
test,CL1,ydfid/CL1/test/good/ydfid_good_000240.bmp,,0,True,c0b3668c637391dfc61f5741eb1099ece783a54c9be6071d8ed3fcc72f7f0bf3,512,512,,,,,,,,,
test,CL1,ydfid/CL1/test/good/ydfid_good_000241.bmp,,0,True,1eb9d1070e53d07f18f36d11c34ab6f632527bde7a7e41fd5779d364514ff2bd,512,512,,,,,,,,,
test,CL1,ydfid/CL1/test/good/ydfid_good_000242.bmp,,0,True,6d7caff6c1b89996a77b212d131fc3a35fec19b0b279411e5416ca9906740d19,512,512,,,,,,,,,
test,CL1,ydfid/CL1/test/good/ydfid_good_000243.bmp,,0,True,7955223f51c179daad9cd615686f566d39e1642b33b2eba7d3f603ff4d2cc06e,512,512,,,,,,,,,
test,CL1,ydfid/CL1/test/good/ydfid_good_000244.bmp,,0,True,ff9910a6393ef28c76fdea3f972fa60c8a55bc543b2988f2e62dfed7fc351f5c,512,512,,,,,,,,,
test,CL1,ydfid/CL1/test/good/ydfid_good_000245.bmp,,0,True,b639f71da305a3333428c2139fa6d3d1744543e053d2d5a1ea5dc1dc5b6c6369,512,512,,,,,,,,,
test,CL1,ydfid/CL1/test/good/ydfid_good_000246.bmp,,0,True,91cfe31c9199a3c89d9bc3efa673ea188f9d42c44c39ecfd766c98a86154fef7,512,512,,,,,,,,,
test,CL1,ydfid/CL1/test/good/ydfid_good_000247.bmp,,0,True,e5ee06c167096aaf4ca92cd86412dbc640531c4e32312018766d7c820b6d844e,512,512,,,,,,,,,
test,CL1,ydfid/CL1/test/good/ydfid_good_000248.bmp,,0,True,1e027d00ee62aa11cf442d3b109cf4077ee5b7d959cb732d20876baecbb4c26f,512,512,,,,,,,,,
test,CL1,ydfid/CL1/test/good/ydfid_good_000249.bmp,,0,True,1b009a3c0a07e0b2b36b18e6b6b99bc0873b6050775402d011a0edc544754b4a,512,512,,,,,,,,,
test,CL1,ydfid/CL1/test/good/ydfid_good_000250.bmp,,0,True,dc857a00775759812211f4bbaacfbaf8f322e42b104b175ea9cb26b8882bb9d6,512,512,,,,,,,,,
test,CL1,ydfid/CL1/test/good/ydfid_good_000251.bmp,,0,True,0872114f251411b36eebbb9e811aff46fa2d798618e7eac1d0016a03d23d42bf,512,512,,,,,,,,,
test,CL1,ydfid/CL1/test/good/ydfid_good_000252.bmp,,0,True,3e2ba80124f0d4fed3efc720435899de76a6ae299c02610c81b2722817d46b24,512,512,,,,,,,,,
test,CL1,ydfid/CL1/test/good/ydfid_good_000253.bmp,,0,True,0b8ede87396a34660cd9d58effad59bdd155e3dc67e825dccf997286badec2db,512,512,,,,,,,,,
test,CL1,ydfid/CL1/test/good/ydfid_good_000254.bmp,,0,True,0fdc2397a94e9f694a2fdd02cf23dcc557624e9fb649419aa0083ffcf50964e3,512,512,,,,,,,,,
test,CL1,ydfid/CL1/test/good/ydfid_good_000255.bmp,,0,True,f33be48ee7ee15e2e21420a02b176510167f6d11ef48d48c34195ef1054cb115,512,512,,,,,,,,,
test,CL1,ydfid/CL1/test/good/ydfid_good_000256.bmp,,0,True,15779eb76e6a7b0ca900e010f84470dcb27ba1c14c6ff20fdfd790a700edb375,512,512,,,,,,,,,
test,CL1,ydfid/CL1/test/good/ydfid_good_000257.bmp,,0,True,ff44ae00dc97afe84d794da664d153ea14e6a6663929b0940629cf7a78b77c0d,512,512,,,,,,,,,
test,CL1,ydfid/CL1/test/good/ydfid_good_000258.bmp,,0,True,8d68787cb958e9a70bc29eb06bb4328f862fb99ac44093e646824028adaa718a,512,512,,,,,,,,,
test,CL1,ydfid/CL1/test/good/ydfid_good_000259.bmp,,0,True,2d94493be426e744405af84aaf29352f20f7f4b9d35798fe69aeb287defe3d94,512,512,,,,,,,,,
test,CL1,ydfid/CL1/test/good/ydfid_good_000260.bmp,,0,True,686b94c497ce2a573a379d9e77db19cfb8a780333d0fc00b3db35ca7effe717b,512,512,,,,,,,,,
test,CL1,ydfid/CL1/test/good/ydfid_good_000261.bmp,,0,True,7bfe620d26caa87a6e9e5c597f2c3b311112364573195d2284836605e1d97cad,512,512,,,,,,,,,
test,CL1,ydfid/CL1/test/good/ydfid_good_000262.bmp,,0,True,e585d058c3e49e205441ae809e3ad78bc7a5bb8ee49ad86e28a12d9634876d21,512,512,,,,,,,,,
test,CL1,ydfid/CL1/test/good/ydfid_good_000263.bmp,,0,True,d36f9d3b541685e183fa9ef0114265bda96dd2b09d1cdb78b23a41199864acbd,512,512,,,,,,,,,
test,CL1,ydfid/CL1/test/good/ydfid_good_000264.bmp,,0,True,a42d314181e4751209eb3df196dd29b5ac61cfdb480a3eb5ddf652e7818159d0,512,512,,,,,,,,,
test,CL1,ydfid/CL1/test/good/ydfid_good_000265.bmp,,0,True,907c245f7eeae59e9f75c420d9f83c1012f95fd6a0c0369dc7f8664f2c706660,512,512,,,,,,,,,
test,CL1,ydfid/CL1/test/good/ydfid_good_000266.bmp,,0,True,40d67559078ef00f2f8c2a64b1bff2caa2cdc6fb51de89ba5a33b33e3253c5ef,512,512,,,,,,,,,
test,CL1,ydfid/CL1/test/good/ydfid_good_000267.bmp,,0,True,3ce161856bb1f104171a34f36c49bb38da8df40139bbb64c43a01f36e979d17b,512,512,,,,,,,,,
test,CL1,ydfid/CL1/test/good/ydfid_good_000268.bmp,,0,True,be0c2a1ab005ef82f9991a62a0a01ec58ab92648823a69d1671299a187538d7a,512,512,,,,,,,,,
test,CL1,ydfid/CL1/test/good/ydfid_good_000269.bmp,,0,True,464b8bce5b387ed5dfcd9cc8130f5c3d40acf2c52ebbda1dfa93eaab060d3c9c,512,512,,,,,,,,,
test,CL1,ydfid/CL1/test/good/ydfid_good_000270.bmp,,0,True,9c8dfd57e16e063cb43049323c6298a8250e8678fb674c2e0dfb451887ac9da0,512,512,,,,,,,,,
test,CL1,ydfid/CL1/test/good/ydfid_good_000271.bmp,,0,True,01930f38cd2af22512e6139454ba1cd3526562e79711d3ee27ed9c07711f9fc5,512,512,,,,,,,,,
test,CL1,ydfid/CL1/test/good/ydfid_good_000272.bmp,,0,True,8a40d1e70c9de042818e5cdbcd61d34ad131b5b5b9fd54d4e4390209d25bc389,512,512,,,,,,,,,
test,CL1,ydfid/CL1/test/good/ydfid_good_000273.bmp,,0,True,be031042ceefa392de515c169758f1e65842784567d47f1f7e7c54b143e211e5,512,512,,,,,,,,,
test,CL1,ydfid/CL1/test/good/ydfid_good_000274.bmp,,0,True,a67672d8164ef21d13389a0428b355559da6913e0e83484a7b5042c477771019,512,512,,,,,,,,,
test,CL1,ydfid/CL1/test/good/ydfid_good_000275.bmp,,0,True,eea2aac2340fc62b9449220a32f6ec609da6ddbd1bb363a168ae308ee0112ae5,512,512,,,,,,,,,
test,CL1,ydfid/CL1/test/good/ydfid_good_000276.bmp,,0,True,29237ab23a10a35fd09c513a8ce5ec38b310a9943a3051fd41235e0606dca324,512,512,,,,,,,,,
test,CL1,ydfid/CL1/test/good/ydfid_good_000277.bmp,,0,True,5da8b98147a3e8599cdb0f07b8981325cf57feffd1ec211ec7bba4c4000efe73,512,512,,,,,,,,,
test,CL1,ydfid/CL1/test/good/ydfid_good_000278.bmp,,0,True,8da0c7ffae4505dd4e9c143d2c77269f957d2f9b6e51f808f0bdefd4ced04db2,512,512,,,,,,,,,
test,CL1,ydfid/CL1/test/good/ydfid_good_000279.bmp,,0,True,eddd83b9bd6b34b884b83118ecdc9eea3bf0c4c9fc830f3b9f7e6344aa9a9931,512,512,,,,,,,,,
test,CL1,ydfid/CL1/test/good/ydfid_good_000280.bmp,,0,True,5e3eccfa8e877930ce2e38b01add387a66612cddd47ead2b8e0dc46d0f0e2da4,512,512,,,,,,,,,
test,CL1,ydfid/CL1/test/good/ydfid_good_000281.bmp,,0,True,ad72e5b5a7d8ec8c7555c15259401651536a08db35004fdb1b8575ebf7dd50a5,512,512,,,,,,,,,
test,CL1,ydfid/CL1/test/good/ydfid_good_000282.bmp,,0,True,481f6b87e31915a52b717988790f6d873c38f576c74a2f32152b58906135fcd9,512,512,,,,,,,,,
test,CL1,ydfid/CL1/test/good/ydfid_good_000283.bmp,,0,True,a5a98dd523d0f84aff5acff88cb88094f7d50d58c11769b9a97d8043b40933ba,512,512,,,,,,,,,
test,CL1,ydfid/CL1/test/good/ydfid_good_000284.bmp,,0,True,432807f936ed27e8a23071236e2e8ccf41d3e7b5a49b0fd5a28957aefb84d541,512,512,,,,,,,,,
test,CL1,ydfid/CL1/test/good/ydfid_good_000285.bmp,,0,True,020ebbc0e26e463f084d10fd6e017980b45e40c21c1bb5ac0250fb6141b0074c,512,512,,,,,,,,,
test,CL1,ydfid/CL1/test/good/ydfid_good_000286.bmp,,0,True,44506b0be6bb69ef678b1e512c75879202edce539c520efd1eaee69aafffaf79,512,512,,,,,,,,,
test,CL1,ydfid/CL1/test/good/ydfid_good_000287.bmp,,0,True,89aeefc103a30ae539c06e7e8d915b9e31e26a5a63e3adf1c2b9900997d2e96b,512,512,,,,,,,,,
test,CL1,ydfid/CL1/test/good/ydfid_good_000288.bmp,,0,True,6f2bb47e9488b853483eebc076f47c14628cf3e93756b030974478d998839789,512,512,,,,,,,,,
test,CL1,ydfid/CL1/test/good/ydfid_good_000289.bmp,,0,True,ef1cb57f125e7d98ae1654f1dacd86bf86902719ef92d14b439f35a7ceab5460,512,512,,,,,,,,,
test,CL1,ydfid/CL1/test/good/ydfid_good_000290.bmp,,0,True,35e59b6dacb794688b83d35480fc88168416af7f32ed61c72345a54493645fba,512,512,,,,,,,,,
test,CL1,ydfid/CL1/test/good/ydfid_good_000291.bmp,,0,True,e3710a54ee14eb94951e990f797d8d8351ceef82742d695557cffa523754acd5,512,512,,,,,,,,,
test,CL1,ydfid/CL1/test/good/ydfid_good_000292.bmp,,0,True,c0d0b1ae2da11416c5b794f4318967a1d27548048ce40a3ef844796813102d5d,512,512,,,,,,,,,
test,CL1,ydfid/CL1/test/good/ydfid_good_000293.bmp,,0,True,40cf06d32db637026cd589b5c8d6e24a343c296246636198f145850b7ba7c8c4,512,512,,,,,,,,,
test,CL1,ydfid/CL1/test/good/ydfid_good_000294.bmp,,0,True,9f299b52e65665363927b7817aba20a160c33737e3360d1470abcad91d287a27,512,512,,,,,,,,,
test,CL1,ydfid/CL1/test/good/ydfid_good_000295.bmp,,0,True,28aa8f25613ea6fed4d798a13bdd97fc1cdc7deb1ed04bcb46e9061f11688981,512,512,,,,,,,,,
test,CL1,ydfid/CL1/test/good/ydfid_good_000296.bmp,,0,True,aa0086340fa1c812103345d4ff67f8601b6295f5d767d20fa04d303265e9ec97,512,512,,,,,,,,,
test,CL1,ydfid/CL1/test/good/ydfid_good_000297.bmp,,0,True,fb39a54fdac47b7409564e0bd061293aaec7a54775059cf95732e286eecbcb1b,512,512,,,,,,,,,
test,CL1,ydfid/CL1/test/good/ydfid_good_000298.bmp,,0,True,0868e002058a5087912840338fd25f88fc6a82042709c912308b15b98294bf2b,512,512,,,,,,,,,
test,CL1,ydfid/CL1/test/good/ydfid_good_000299.bmp,,0,True,ece9a2092a6324dd88feec210aff4a29a8dfdf97c78e5a3bfdc821edb226f58f,512,512,,,,,,,,,
test,CL1,ydfid/CL1/test/good/ydfid_good_000300.bmp,,0,True,57017b5615633bd1ec3f395c47ff00c3584324eb6911fb26dc2d0846df0f7707,512,512,,,,,,,,,
test,CL1,ydfid/CL1/test/good/ydfid_good_000301.bmp,,0,True,57ec855c1d7c162c083147a66bcb139253b60fe64730929dc3cabd175ab00db3,512,512,,,,,,,,,
test,CL1,ydfid/CL1/test/good/ydfid_good_000302.bmp,,0,True,1507e39b9f5011493b4e8e9c7a0fd21bca4a7aeca6301523a199ec3e700fab7a,512,512,,,,,,,,,
test,CL1,ydfid/CL1/test/good/ydfid_good_000303.bmp,,0,True,ca823d5d9a07f99964f11677d552e64aa89ad54f3f1ae23850f4faa4aea36ca4,512,512,,,,,,,,,
test,CL1,ydfid/CL1/test/good/ydfid_good_000304.bmp,,0,True,eec817c283515dd1307a17bcda89d735219725700b6bd9e8292e5788dc06dd40,512,512,,,,,,,,,
test,CL1,ydfid/CL1/test/good/ydfid_good_000305.bmp,,0,True,357136a04863f6f0eae97d6144d550f19f21b351270fae34a3e3dd3d6bbd345f,512,512,,,,,,,,,
test,CL1,ydfid/CL1/test/good/ydfid_good_000306.bmp,,0,True,3e72d6d1baff5abdfe2fbd7021b22b12093c1131eb203d6074ba1b54e02d029e,512,512,,,,,,,,,
test,CL1,ydfid/CL1/test/good/ydfid_good_000307.bmp,,0,True,209e839ea4e9709bdd62114b4295c1fcf0070792d5afd2b6a00f98fca0165ab0,512,512,,,,,,,,,
test,CL1,ydfid/CL1/test/good/ydfid_good_000308.bmp,,0,True,9f0acc7f3b11bce37214529367aa443dac7b07401f87b5262400c1f97f59aa78,512,512,,,,,,,,,
test,CL1,ydfid/CL1/test/good/ydfid_good_000309.bmp,,0,True,fee855934d87345bb47a92101d22dbe3104b80fb9dfd1574da911759c7077cf9,512,512,,,,,,,,,
test,CL1,ydfid/CL1/test/good/ydfid_good_000310.bmp,,0,True,902a610eace7c8136950d46cd33b8484986fb637166003c83fcfa11a280e902b,512,512,,,,,,,,,
test,CL1,ydfid/CL1/test/good/ydfid_good_000311.bmp,,0,True,6edee3c327b8137661cff1d9791fc990920762e91fee4bc5ed1ba5ea7c56fe5b,512,512,,,,,,,,,
test,CL1,ydfid/CL1/test/good/ydfid_good_000312.bmp,,0,True,e7804e3831e5393b2ce840300e27e77767d7bea7c84b6b48c53a3e4afd1fcf52,512,512,,,,,,,,,
test,CL1,ydfid/CL1/test/good/ydfid_good_000313.bmp,,0,True,5f73f4edd13f3f6a046911dfe39dbdbf85ee2315fe12895c50f38929186fb364,512,512,,,,,,,,,
test,CL1,ydfid/CL1/test/good/ydfid_good_000314.bmp,,0,True,5269aee0628f2fbd3efb2da7cf6c65648aa023e18f31fe624d8d3e4cfacabd8d,512,512,,,,,,,,,
test,CL1,ydfid/CL1/test/good/ydfid_good_000315.bmp,,0,True,e45b13087d43ff5e050b1416639cf7bb49611885cd6eb6624ae3bca99bc12c55,512,512,,,,,,,,,
test,CL1,ydfid/CL1/test/good/ydfid_good_000316.bmp,,0,True,bdb4e724859c212bf0befa40ba43779295ab75f7cb4aaf18004d4bb867f50186,512,512,,,,,,,,,
test,CL1,ydfid/CL1/test/good/ydfid_good_000317.bmp,,0,True,97029b3fdb8920c88b5c42a06e2685f692f8ccc13ba21c398cabdbae035ed1f8,512,512,,,,,,,,,
test,CL1,ydfid/CL1/test/good/ydfid_good_000318.bmp,,0,True,f04b6be269838af01d2b15e4320ce358f4e9d4d785e43e4c58d11ef8e6d87665,512,512,,,,,,,,,
test,CL1,ydfid/CL1/test/good/ydfid_good_000319.bmp,,0,True,785db1d25852a2cba53270991e7717e3a96f9cbe1e51e7b495931e6a2aed7422,512,512,,,,,,,,,
test,CL1,ydfid/CL1/test/good/ydfid_good_000320.bmp,,0,True,2886b7b3360948c83f9853d9b55c15c02aa63d99b4d7bd6941c56ae3d81ec608,512,512,,,,,,,,,
test,CL1,ydfid/CL1/test/good/ydfid_good_000321.bmp,,0,True,86e045861df98173ca5f1302b118af8769954e16beba90b572ce20f8166f7554,512,512,,,,,,,,,
test,CL1,ydfid/CL1/test/good/ydfid_good_000322.bmp,,0,True,9ac45cfd56ce78e056f98b80908f161d13804849e88aefa54816f239eb358dfd,512,512,,,,,,,,,
test,CL1,ydfid/CL1/test/good/ydfid_good_000323.bmp,,0,True,3a568bbd6aad4286150b18c8a7b19424239fa358901d0a349b52a5aa5d98d4a7,512,512,,,,,,,,,
test,CL1,ydfid/CL1/test/good/ydfid_good_000324.bmp,,0,True,12ce0403a452d3d3bd5466574549d274fd7cff710073be72f1ff05b5780abe41,512,512,,,,,,,,,
test,CL1,ydfid/CL1/test/good/ydfid_good_000325.bmp,,0,True,6d65928ca8788103c1a8ea86e119cdc57a0341ee6b907dfce0db195f2fe0d576,512,512,,,,,,,,,
test,CL1,ydfid/CL1/test/good/ydfid_good_000326.bmp,,0,True,70ea46791bcfcd0506b10592a5811d6a4b1a005263f8311a0ec5b2f6b7321943,512,512,,,,,,,,,
test,CL1,ydfid/CL1/test/good/ydfid_good_000327.bmp,,0,True,7e3f5ec11d9cc30b8dfada287e1e6708c6b912d01d094e691080422cd0ff68c1,512,512,,,,,,,,,
test,CL1,ydfid/CL1/test/good/ydfid_good_000328.bmp,,0,True,34fd81d89b5fde8e0c0646185a0138ac696352a80d7ef89a006226bb4e075945,512,512,,,,,,,,,
test,CL1,ydfid/CL1/test/good/ydfid_good_000329.bmp,,0,True,5b7633f44c6f7e0de780e3f3ff237d564876fb50c5738cc0cd60ee0d8ddd7525,512,512,,,,,,,,,
test,CL10,ydfid/CL10/test/anomaly/ydfid_defect_000645.bmp,ydfid/CL10/ground_truth/anomaly/ydfid_defect_000645.png,1,True,25f6e871db1043793f6af4ede2bb8ec88c5f02d32f3a2e91bb2c630db155701c,512,512,True,512,512,0|255,741,0.002826690673828125,1.28125,False,
test,CL10,ydfid/CL10/test/anomaly/ydfid_defect_000646.bmp,ydfid/CL10/ground_truth/anomaly/ydfid_defect_000646.png,1,True,e28294577c46990f13ddb36a2361a0ba025614126c0912334a952dcb2bf333eb,512,512,True,512,512,0|255,1166,0.00444793701171875,14.09091,False,
test,CL10,ydfid/CL10/test/anomaly/ydfid_defect_000647.bmp,ydfid/CL10/ground_truth/anomaly/ydfid_defect_000647.png,1,True,768bdcd9ad704b136c36a1d372dfa86081205acbc58379a307160c5e41504bb2,512,512,True,512,512,0|255,980,0.0037384033203125,1.41379,False,
test,CL10,ydfid/CL10/test/anomaly/ydfid_defect_000648.bmp,ydfid/CL10/ground_truth/anomaly/ydfid_defect_000648.png,1,True,c222e8586e64039334c0130cf6609c7069d9687988d48cc01c87f65ddd15ebd5,512,512,True,512,512,0|255,859,0.003276824951171875,1.17241,False,
test,CL10,ydfid/CL10/test/anomaly/ydfid_defect_000649.bmp,ydfid/CL10/ground_truth/anomaly/ydfid_defect_000649.png,1,True,ce62eef9c732fd0ecf7ae1d183c4f9ea22493bfd3ee86ee9089ec4790973c74e,512,512,True,512,512,0|255,1373,0.005237579345703125,11.53846,False,
test,CL10,ydfid/CL10/test/anomaly/ydfid_defect_000650.bmp,ydfid/CL10/ground_truth/anomaly/ydfid_defect_000650.png,1,True,18d84a6845a78cd03d045efd37ea8e5e10b48ce4776ce4996410818fa4c9f0a6,512,512,True,512,512,0|255,7770,0.02964019775390625,1.26736,False,
test,CL10,ydfid/CL10/test/anomaly/ydfid_defect_000651.bmp,ydfid/CL10/ground_truth/anomaly/ydfid_defect_000651.png,1,True,7598ab64dbebcfcbf4a439e4e42e5fc0b852b08cb8a3cab2b1a0c6a712c60418,512,512,True,512,512,0|255,1091,0.004161834716796875,1.05714,False,
test,CL10,ydfid/CL10/test/anomaly/ydfid_defect_000652.bmp,ydfid/CL10/ground_truth/anomaly/ydfid_defect_000652.png,1,True,41f31e2e930a4b04cc17018f1fba4641ebbf2b0eb2017c25981d3533439ee5f4,512,512,True,512,512,0|255,8575,0.032711029052734375,1.66775,False,
test,CL10,ydfid/CL10/test/anomaly/ydfid_defect_000653.bmp,ydfid/CL10/ground_truth/anomaly/ydfid_defect_000653.png,1,True,6e1b27253c77cb9cfef62e8e70fc0731f673d90208ac53be407b6333d1419ff5,512,512,True,512,512,0|255,651,0.002483367919921875,20.0,False,
test,CL10,ydfid/CL10/test/anomaly/ydfid_defect_000654.bmp,ydfid/CL10/ground_truth/anomaly/ydfid_defect_000654.png,1,True,641bcd41df230ebfa49e101b09015d9646208963dc0fc9fe567358722d80a6ca,512,512,True,512,512,0|255,1019,0.003887176513671875,2.15678,False,
test,CL10,ydfid/CL10/test/anomaly/ydfid_defect_000655.bmp,ydfid/CL10/ground_truth/anomaly/ydfid_defect_000655.png,1,True,568c77c90a694c6481ca1d6a73edc2f54a47e912de43ac00fe16936bb8d6e4cc,512,512,True,512,512,0|255,183,0.000698089599609375,3.85714,False,
test,CL10,ydfid/CL10/test/anomaly/ydfid_defect_000656.bmp,ydfid/CL10/ground_truth/anomaly/ydfid_defect_000656.png,1,True,1b4c9ae6c36853313811d03b2fc61b21dec2e6895c90f9f35e1c5e852e335367,512,512,True,512,512,0|255,5022,0.01915740966796875,1.00893,False,
test,CL10,ydfid/CL10/test/anomaly/ydfid_defect_000657.bmp,ydfid/CL10/ground_truth/anomaly/ydfid_defect_000657.png,1,True,e9cb640378294ca94ff209ab8f09d1c18eb3adc963d1c7910e3dd97c0a4c02fb,512,512,True,512,512,0|255,12798,0.04882049560546875,1.88889,False,
test,CL10,ydfid/CL10/test/good/ydfid_good_000492.bmp,,0,True,e235ea072d72507ff7e25fb1c8f8466a1ad766702e6c32d372d9c5e9ef0d7e15,512,512,,,,,,,,,
test,CL10,ydfid/CL10/test/good/ydfid_good_000493.bmp,,0,True,8af50ae3e7a9c60a99c1a3d129ea8a3d38885f6036ed785f47837443177fed84,512,512,,,,,,,,,
test,CL10,ydfid/CL10/test/good/ydfid_good_000494.bmp,,0,True,78d29c3d2c534f5e68e0e5ca352c8401100d82be1dfe63f132f6dd385e7420c0,512,512,,,,,,,,,
test,CL10,ydfid/CL10/test/good/ydfid_good_000495.bmp,,0,True,532290fbeefb312cf657884e494b50db9e81f50d04f71aacd359ab7f30e28979,512,512,,,,,,,,,
test,CL10,ydfid/CL10/test/good/ydfid_good_000496.bmp,,0,True,9510eebbcf16568493104f016272fd457a7fd1504038bb6661f65712bf72f067,512,512,,,,,,,,,
test,CL10,ydfid/CL10/test/good/ydfid_good_000497.bmp,,0,True,e90fa02e660c1a0410defe0642a07aa7c04fafcb00d9d42ae7f0062576ca9c80,512,512,,,,,,,,,
test,CL10,ydfid/CL10/test/good/ydfid_good_000498.bmp,,0,True,2ba7aea6c3bc6a7af8289a491227dcef93d18145fa0bbfce0c61726609ae57f3,512,512,,,,,,,,,
test,CL10,ydfid/CL10/test/good/ydfid_good_000499.bmp,,0,True,c00436b5eb8ceae75607d19ac8b540a613790e1d645322742dca89ccf12689ae,512,512,,,,,,,,,
test,CL10,ydfid/CL10/test/good/ydfid_good_000500.bmp,,0,True,153b65811a4c56c3e0e64295470b585000ca1f2a3ebe19414c7f7b5df7bc451c,512,512,,,,,,,,,
test,CL10,ydfid/CL10/test/good/ydfid_good_000501.bmp,,0,True,fe4ca9ef4485311cef6d14dc0b3caf4c3fb948eff61b06f2d58208106fc5e4fb,512,512,,,,,,,,,
test,CL10,ydfid/CL10/test/good/ydfid_good_000502.bmp,,0,True,b89386505501d16182f72424ca6ba65adf45870356d85d82c6d2c2bade6b9ef8,512,512,,,,,,,,,
test,CL10,ydfid/CL10/test/good/ydfid_good_000503.bmp,,0,True,845b7fbd4e1b0ce9486154567f31bbe74de6bc9b4c61bfd58a4311481949a9d9,512,512,,,,,,,,,
test,CL10,ydfid/CL10/test/good/ydfid_good_000504.bmp,,0,True,a870235bb1068fe8a4e30b3e16df3faf7111567d3217aca799adf3dca556bd03,512,512,,,,,,,,,
test,CL10,ydfid/CL10/test/good/ydfid_good_000505.bmp,,0,True,41a05351bff33c86ceefd0ae1540b7123e93284c947ca6e88d02a28a84616905,512,512,,,,,,,,,
test,CL10,ydfid/CL10/test/good/ydfid_good_000506.bmp,,0,True,f1f77740a3b90b22e94ea6ffe1af8a09ba50fafa5c9ed7fac0dba4d550bc1a32,512,512,,,,,,,,,
test,CL10,ydfid/CL10/test/good/ydfid_good_000507.bmp,,0,True,f88a0c9a1c72d0971003ededc3329f914b92c32e5613718d377424ebc362c6f1,512,512,,,,,,,,,
test,CL10,ydfid/CL10/test/good/ydfid_good_000508.bmp,,0,True,70a018ce38a1280800f813e4ea00de19fbd646c854dd847a33edd28c67249614,512,512,,,,,,,,,
test,CL10,ydfid/CL10/test/good/ydfid_good_000509.bmp,,0,True,5768ed58687474c1e240a6673584602679bbb3757be671680837261d183732c7,512,512,,,,,,,,,
test,CL10,ydfid/CL10/test/good/ydfid_good_000510.bmp,,0,True,ab1ace26d14bc9a14ac50e2a7bde2ce568c1ec2c8422bb1da583b19c73632a39,512,512,,,,,,,,,
test,CL10,ydfid/CL10/test/good/ydfid_good_000511.bmp,,0,True,89884005d8885d543ad9d11601ec36b291a2722048016452933896a512eb0715,512,512,,,,,,,,,
test,CL10,ydfid/CL10/test/good/ydfid_good_000512.bmp,,0,True,503e1b527016898ce851ae9e6a9290e27db4717dcf9beb9bec72db3448dbb7ff,512,512,,,,,,,,,
test,CL10,ydfid/CL10/test/good/ydfid_good_000513.bmp,,0,True,0a96b25589bfa071c6965fa3301d68e7ae70cf675a2208a479831ec4a8ab7866,512,512,,,,,,,,,
test,CL10,ydfid/CL10/test/good/ydfid_good_000514.bmp,,0,True,67d3ef1ff2580529f0644f91714a58fd5aa20608bb417c2891516e5d5a2d6add,512,512,,,,,,,,,
test,CL10,ydfid/CL10/test/good/ydfid_good_000515.bmp,,0,True,9b581831d20075a9391d1e801e0898244eebc26c96c06257ee80577b2af43810,512,512,,,,,,,,,
test,CL10,ydfid/CL10/test/good/ydfid_good_000516.bmp,,0,True,1621d90d191f982a69cdfae580e18a3bc1aa62915907831dc00a6126203bb584,512,512,,,,,,,,,
test,CL10,ydfid/CL10/test/good/ydfid_good_000517.bmp,,0,True,02794092a516898efe2ff397b670fb5272bf586eaa2eb9e9612bad0ffd06bec1,512,512,,,,,,,,,
test,CL10,ydfid/CL10/test/good/ydfid_good_000518.bmp,,0,True,a2fd80e30ed4e588318d6a36465abfd4d730e1e56c46532d94ebbdfff1f1d74d,512,512,,,,,,,,,
test,CL10,ydfid/CL10/test/good/ydfid_good_000519.bmp,,0,True,f13bda9e7baa24b19d8b3b32762f5df3f581e9cd2847130b55bc2829d76697b9,512,512,,,,,,,,,
test,CL10,ydfid/CL10/test/good/ydfid_good_000520.bmp,,0,True,ccd05a0d780d0d18eb73372a57d5537dfd2a41868778cb873d0e8bbc971bc7ad,512,512,,,,,,,,,
test,CL10,ydfid/CL10/test/good/ydfid_good_000521.bmp,,0,True,3b398b1ce0c9cdefde51e6123d6e3ed7c3847df25885516ff9fc09ac8ea4f5a2,512,512,,,,,,,,,
test,CL10,ydfid/CL10/test/good/ydfid_good_000522.bmp,,0,True,a873971f969ae936a38a3735402e4d866aa90dd5b69f2a3bac2ac78ea6a8095c,512,512,,,,,,,,,
test,CL10,ydfid/CL10/test/good/ydfid_good_000523.bmp,,0,True,43057f8a9a9da019c3a228a222a93b2d5ee1cf37894a17863fe36f94c212412f,512,512,,,,,,,,,
test,CL10,ydfid/CL10/test/good/ydfid_good_000524.bmp,,0,True,d21ab70dba7c0ceb5fbc0788c66c73646ac8ff2c9e921d4dc874b98a1e19d3ec,512,512,,,,,,,,,
test,CL10,ydfid/CL10/test/good/ydfid_good_000525.bmp,,0,True,5399f008ca3a5e69f48bcecbb59d586e48cd742fdaeae8846d583c8be9b38867,512,512,,,,,,,,,
test,CL10,ydfid/CL10/test/good/ydfid_good_000526.bmp,,0,True,8ccea2f88adac48925578ec9ea4d56c2b3c09294050f1db2f19deb43af53bed8,512,512,,,,,,,,,
test,CL10,ydfid/CL10/test/good/ydfid_good_000527.bmp,,0,True,b768e73196ca45182667f9e317a6956d452d4a883245e649b0a119fb087db271,512,512,,,,,,,,,
test,CL10,ydfid/CL10/test/good/ydfid_good_000528.bmp,,0,True,817b51bad03463fdab8a230270ff3549482e9a1202454ea01969df5ed4d4d10d,512,512,,,,,,,,,
test,CL10,ydfid/CL10/test/good/ydfid_good_000529.bmp,,0,True,76a277f01e23b947c2c68bdd6889b033851c099ea6ecc38b306fef91c3b2612e,512,512,,,,,,,,,
test,CL10,ydfid/CL10/test/good/ydfid_good_000530.bmp,,0,True,61253f266b0f49ba67272b6e9ec5b5eaadf83dd2f33a6578a38b870e5af738ff,512,512,,,,,,,,,
test,CL10,ydfid/CL10/test/good/ydfid_good_000531.bmp,,0,True,d107a2b5a886780449a4bcd91f3c92db5dce0061715c1186d14897c44169a3d9,512,512,,,,,,,,,
test,CL10,ydfid/CL10/test/good/ydfid_good_000532.bmp,,0,True,aeb29fbf774ccd2bdbbb3c7d4171fd31062c647387aac79b849c978ebc06e5a9,512,512,,,,,,,,,
test,CL10,ydfid/CL10/test/good/ydfid_good_000533.bmp,,0,True,5ea7a853c649c9ce54bfdb80817daafd9e6522a605cedc4522843a5eef5d29cc,512,512,,,,,,,,,
test,CL10,ydfid/CL10/test/good/ydfid_good_000534.bmp,,0,True,2a921ba9fb1918bd258cf96831aa1e1546afbc977f968e76faa0eb169859d204,512,512,,,,,,,,,
test,CL10,ydfid/CL10/test/good/ydfid_good_000535.bmp,,0,True,11699e9b9149c646100a88c80ca0ff4e411b61b306c26de8ee2ab1e66c7b8dc5,512,512,,,,,,,,,
test,CL10,ydfid/CL10/test/good/ydfid_good_000536.bmp,,0,True,4c8e5987bf90900a152ab3c44e53a912e7808c1cc85f869a7266941464b75a8e,512,512,,,,,,,,,
test,CL10,ydfid/CL10/test/good/ydfid_good_000537.bmp,,0,True,b73817a5f847e79e30635201980fbf427f95dfdba2a923db01e559887269a5a7,512,512,,,,,,,,,
test,CL10,ydfid/CL10/test/good/ydfid_good_000538.bmp,,0,True,b0251562fd922c59d05a1b36a631a3bf35ecee80fb1005c4691f6aee29073f3b,512,512,,,,,,,,,
test,CL10,ydfid/CL10/test/good/ydfid_good_000539.bmp,,0,True,2c4af75a5f8c3f97ca227c98aa428e198fcc9d32aae7d287fc4ab096aa1b0716,512,512,,,,,,,,,
test,CL10,ydfid/CL10/test/good/ydfid_good_000540.bmp,,0,True,bd22d70c83498c4c5d32e07b40fc67111fe5a9c8669bd38d2e965e577fb70ca4,512,512,,,,,,,,,
test,CL10,ydfid/CL10/test/good/ydfid_good_000541.bmp,,0,True,a0d1191cfd76f408d1806828fd400cdc4e0b0544796d1ece19c1a332a4e6160f,512,512,,,,,,,,,
test,CL10,ydfid/CL10/test/good/ydfid_good_000542.bmp,,0,True,7177d1737178c28391136e385c172e936cfd431ae41b64e85b1a8f4af40d7919,512,512,,,,,,,,,
test,CL10,ydfid/CL10/test/good/ydfid_good_000543.bmp,,0,True,478d3d32bd8c9b33fca29a4627a5829c58449d7b3c34a9e0df71c76f86705650,512,512,,,,,,,,,
test,CL10,ydfid/CL10/test/good/ydfid_good_000544.bmp,,0,True,e63628e34558b739a6f266ac01001a82c738aa599a0fa822711ee8687762006d,512,512,,,,,,,,,
test,CL10,ydfid/CL10/test/good/ydfid_good_000545.bmp,,0,True,63d8796e3580e32e0ae185cfb93594fdda4cd9d4855f7c3e8cee91f7a3ef0cb6,512,512,,,,,,,,,
test,CL10,ydfid/CL10/test/good/ydfid_good_000546.bmp,,0,True,741cff57129c58dcc9310592a6be37ad1a1e1ee7d134404dc6174c82ab5abdea,512,512,,,,,,,,,
test,CL10,ydfid/CL10/test/good/ydfid_good_000547.bmp,,0,True,b91155fdcb49732d9feaf766d8cf5c8abeb7e7b4650cc140a0a8bc60397e7e11,512,512,,,,,,,,,
test,CL10,ydfid/CL10/test/good/ydfid_good_000548.bmp,,0,True,9aa1162f41e0170acbf6ed9ec911e61dba339f3714e78e5059c412b3cbf759c9,512,512,,,,,,,,,
test,CL10,ydfid/CL10/test/good/ydfid_good_000549.bmp,,0,True,abba909853127acdabbb5a698e0efbe2440330267ca67fa7d7c0434c51d1ec54,512,512,,,,,,,,,
test,CL10,ydfid/CL10/test/good/ydfid_good_000550.bmp,,0,True,3d46b6f2da20527b0da1c16a8ab8e68e81b5e0db054ca3695e088cc48fec773d,512,512,,,,,,,,,
test,CL10,ydfid/CL10/test/good/ydfid_good_000551.bmp,,0,True,18f8e8c092160bc0e3afb7354f892bac22cb0c1ca579925af1169aa0f9eeb05e,512,512,,,,,,,,,
test,CL10,ydfid/CL10/test/good/ydfid_good_000552.bmp,,0,True,124b5a23394d90b50dd311f69d44c414cc55cd34e547e643be8dc73d7a5bc631,512,512,,,,,,,,,
test,CL10,ydfid/CL10/test/good/ydfid_good_000553.bmp,,0,True,c647125608935879f9374af773611af253bf05c9fbb4b2efd4b7982a9daf5c7d,512,512,,,,,,,,,
test,CL10,ydfid/CL10/test/good/ydfid_good_000554.bmp,,0,True,767d57bf87b460cd172621b7b94c02bcfb54a45715a36f7b4cdb0f0c77066d3b,512,512,,,,,,,,,
test,CL10,ydfid/CL10/test/good/ydfid_good_000555.bmp,,0,True,ca3735b28655f8717a0014f1640732238efe0366b2dc01199cb6b4eb0bd27594,512,512,,,,,,,,,
test,CL10,ydfid/CL10/test/good/ydfid_good_000556.bmp,,0,True,6a8324cfc29affa3ad944288f80076819ba552cdfc326fd773da935aaac2d555,512,512,,,,,,,,,
test,CL10,ydfid/CL10/test/good/ydfid_good_000557.bmp,,0,True,2b74bd2fdc3964f2234fe3c0e81e3cdf7b35d9bfbb108989db2bfea10cc6d5b6,512,512,,,,,,,,,
test,CL10,ydfid/CL10/test/good/ydfid_good_000558.bmp,,0,True,34ee7be204ca517de0d76841721dff79cd769a24af890ec8d4ec97c4687d1ed8,512,512,,,,,,,,,
test,CL10,ydfid/CL10/test/good/ydfid_good_000559.bmp,,0,True,49fb99496c5f0d5a8e9060204b540889ec56783e32bd7e64a69133799005d59d,512,512,,,,,,,,,
test,CL10,ydfid/CL10/test/good/ydfid_good_000560.bmp,,0,True,024f10e2f14d284981903ec5e0432e3a55b3bae6c23ef1ce5ecb2dffe4aeaed7,512,512,,,,,,,,,
test,CL10,ydfid/CL10/test/good/ydfid_good_000561.bmp,,0,True,371f0c69386a5f71e545d95996074d71bffcf96409bb08d5de9061e1363dabd3,512,512,,,,,,,,,
test,CL10,ydfid/CL10/test/good/ydfid_good_000562.bmp,,0,True,70e8bfe1d9c457c61b86549305569cd175fcc02f3c9d93e6d9b3628c8a3adba0,512,512,,,,,,,,,
test,CL10,ydfid/CL10/test/good/ydfid_good_000563.bmp,,0,True,fb7360bd7b80c18b2e835903ccb13eab8a46f15e9e7f92473bef011923dff76c,512,512,,,,,,,,,
test,CL10,ydfid/CL10/test/good/ydfid_good_000564.bmp,,0,True,8c970a99084acbf35baa48f46bba1fc08ad94b9c00dfbdddb47558b53f846ddc,512,512,,,,,,,,,
test,CL10,ydfid/CL10/test/good/ydfid_good_000565.bmp,,0,True,fb24ab89c537958515e2055fb9876f2e67e1b67496d5b322ba4fb27458d3162d,512,512,,,,,,,,,
test,CL10,ydfid/CL10/test/good/ydfid_good_000566.bmp,,0,True,a303d92f01da81969ae0d5b4426ed60af6e20d9e81c501243b02e8443c410202,512,512,,,,,,,,,
test,CL10,ydfid/CL10/test/good/ydfid_good_000567.bmp,,0,True,4c6c584bfa2215aa59840f884054139b059ef24dd7118f0be3afa7da1c782b5a,512,512,,,,,,,,,
test,CL10,ydfid/CL10/test/good/ydfid_good_000568.bmp,,0,True,c3983d2b3f2ae6e10df1e5a63183e82f781a94b2f228f1c93d1c2d5e81453d4a,512,512,,,,,,,,,
test,CL10,ydfid/CL10/test/good/ydfid_good_000569.bmp,,0,True,c02b9eb250d6865a156efd42a9034ec88851a6c19e6770efe2567e95b82906dc,512,512,,,,,,,,,
test,CL10,ydfid/CL10/test/good/ydfid_good_000570.bmp,,0,True,9aa88d4e4a335a7ae886add0eacaaf31e2556f41f7628e972e5fd5a75964ab46,512,512,,,,,,,,,
test,CL10,ydfid/CL10/test/good/ydfid_good_000571.bmp,,0,True,6b6d6d6fc4f98e217f9108c5837b5723a9585cd06ec5f0a0a565f45ce5368a12,512,512,,,,,,,,,
test,CL10,ydfid/CL10/test/good/ydfid_good_000572.bmp,,0,True,6cd9eb4220c4808629f51ef63d74341cb98f56ab927d58ebe1ef278a041ec58b,512,512,,,,,,,,,
test,CL10,ydfid/CL10/test/good/ydfid_good_000573.bmp,,0,True,48597d18fbbe6cae9b0f1f9c4200561e03f48f2760d4b362184fe72287024d9f,512,512,,,,,,,,,
test,CL10,ydfid/CL10/test/good/ydfid_good_000574.bmp,,0,True,2b34a50bcaf4d4f172548602fe8316c2ffaa8ca783076af35049e9fa35268dba,512,512,,,,,,,,,
test,CL10,ydfid/CL10/test/good/ydfid_good_000575.bmp,,0,True,e697805330ffbf6346a81e6fc2586be2d29cc693a1de42dcc5acd26b8ff498fb,512,512,,,,,,,,,
test,CL10,ydfid/CL10/test/good/ydfid_good_000576.bmp,,0,True,5087db5a774f4277e5926b599afd5fe44e4a5539410c7d57ccd10c94693c58ee,512,512,,,,,,,,,
test,CL10,ydfid/CL10/test/good/ydfid_good_000577.bmp,,0,True,78866956ac97aba72f9e9ca2ebc4339889c1d9cd136b9cecec2975c968376ad1,512,512,,,,,,,,,
test,CL10,ydfid/CL10/test/good/ydfid_good_000578.bmp,,0,True,eafcb77c2098efe6a97e6aa762be6f3a3b9a6903db663fbeb9469a943cf0ba4a,512,512,,,,,,,,,
test,CL10,ydfid/CL10/test/good/ydfid_good_000579.bmp,,0,True,10c3ceeb6e3c71f6ef13ec2e10ab23ec969c63d643b8e44ae5a92f6188b832d3,512,512,,,,,,,,,
test,CL10,ydfid/CL10/test/good/ydfid_good_000580.bmp,,0,True,40309116b19937495fd03881723a695119823ca92d92262f816150053bf01634,512,512,,,,,,,,,
test,CL10,ydfid/CL10/test/good/ydfid_good_000581.bmp,,0,True,ae25ca61d8d9feb32b27cd59e820ff36cfd947e459dc261ce9964cf98a8107d1,512,512,,,,,,,,,
test,CL10,ydfid/CL10/test/good/ydfid_good_000582.bmp,,0,True,8aa715b93c74f0c0d93761761dbd94530b54785ce53cb2fd9fe054a07566a907,512,512,,,,,,,,,
test,CL10,ydfid/CL10/test/good/ydfid_good_000583.bmp,,0,True,8a66dd5c605b3615afd7984a409c99a22b5883513f3a191beba99c1ea19e4fa3,512,512,,,,,,,,,
test,CL10,ydfid/CL10/test/good/ydfid_good_000584.bmp,,0,True,8770d03e35dbaefbeb48c844da3acbcd1c0b74ab9455345f03c41880f1fe6baa,512,512,,,,,,,,,
test,CL10,ydfid/CL10/test/good/ydfid_good_000585.bmp,,0,True,9f90e38fa0d6911c26c1f03a6c503ec1c04cef1073dfb6598b631783f356586a,512,512,,,,,,,,,
test,CL10,ydfid/CL10/test/good/ydfid_good_000586.bmp,,0,True,4cf5bfebf2d80d2adf79cfc1998769bc4188d8791c1ca59987648b2db6857b9b,512,512,,,,,,,,,
test,CL10,ydfid/CL10/test/good/ydfid_good_000587.bmp,,0,True,b12d5c37e4d2717b790906fdd4654db727cbf033d4a2ac15270ebc50ef2babc0,512,512,,,,,,,,,
test,CL10,ydfid/CL10/test/good/ydfid_good_000588.bmp,,0,True,e66a344317fdb445b47648b8ab457b1eebd0bca876e14c04512fae9377135c45,512,512,,,,,,,,,
test,CL10,ydfid/CL10/test/good/ydfid_good_000589.bmp,,0,True,9939b65edb255e164a0637c75e8e168bb95455453eeb8ef01e6615d89b8f647b,512,512,,,,,,,,,
test,CL10,ydfid/CL10/test/good/ydfid_good_000590.bmp,,0,True,058a84dabfc9bde7f86ae422d8e4d9f43aba79e51c26a95fd3b7255010da94e4,512,512,,,,,,,,,
test,CL10,ydfid/CL10/test/good/ydfid_good_000591.bmp,,0,True,bb1ae4ba474777469cd2657fce64ea6f30c74bc559056d880436107fcc517585,512,512,,,,,,,,,
test,CL10,ydfid/CL10/test/good/ydfid_good_000592.bmp,,0,True,516e333c5c96a9987c64d6c75a95c15740a57613c53e0709c2fb62ed9a5ea685,512,512,,,,,,,,,
test,CL10,ydfid/CL10/test/good/ydfid_good_000593.bmp,,0,True,14fd581edee513db8bac7aaa5916c29d8922122b29f2ede8a3045c721a9ae681,512,512,,,,,,,,,
test,CL10,ydfid/CL10/test/good/ydfid_good_000594.bmp,,0,True,13df47e312723d3e74093ffd67920f5f6aefaff3769a5f62c2ce0b27d991a853,512,512,,,,,,,,,
test,CL10,ydfid/CL10/test/good/ydfid_good_000595.bmp,,0,True,6f1462df986f35f09b502bc1fa685fb96503aad7c5fdf6b84ada83945ed427a1,512,512,,,,,,,,,
test,CL10,ydfid/CL10/test/good/ydfid_good_000596.bmp,,0,True,43b71c3ae7303a771988536071c724baec6ed90612a77d0eeacac879fa337be7,512,512,,,,,,,,,
test,CL10,ydfid/CL10/test/good/ydfid_good_000597.bmp,,0,True,7bb20cc004354d50860e2e7cefb0cffe0186baf742ec5d85154ad6dfeb160c27,512,512,,,,,,,,,
test,CL10,ydfid/CL10/test/good/ydfid_good_000598.bmp,,0,True,96437822c35e19ad7972dfe7527d89b201453a0cc1a581765901e964cadc3e45,512,512,,,,,,,,,
test,CL10,ydfid/CL10/test/good/ydfid_good_000599.bmp,,0,True,96231ae2f67cef3ea71e3124775cbd2af922985a12f61c5581350a29a81fc0d4,512,512,,,,,,,,,
test,CL10,ydfid/CL10/test/good/ydfid_good_000600.bmp,,0,True,c032db1cac103a50a3579649caac2f8519001d114ea4700b786cc5c97e279e76,512,512,,,,,,,,,
test,CL10,ydfid/CL10/test/good/ydfid_good_000601.bmp,,0,True,cc0de538f0504f4b83e75441859fd8bae82d0a35f4bf5d55b59462df3e4999c0,512,512,,,,,,,,,
test,CL10,ydfid/CL10/test/good/ydfid_good_000602.bmp,,0,True,a8d68aaac20c1848e5e96b71eb58bdb4d74c36980babf0cd7dc22ef4d0583e45,512,512,,,,,,,,,
test,CL10,ydfid/CL10/test/good/ydfid_good_000603.bmp,,0,True,ed828bb35cbc3e2433f5f6b7a648209043b87b9f4e321b8f8b4dffaaf5f8d6f0,512,512,,,,,,,,,
test,CL10,ydfid/CL10/test/good/ydfid_good_000604.bmp,,0,True,d35d43866c62e35651cec970bd7b12da37a7ec895bee13fa5b58b56457034d7e,512,512,,,,,,,,,
test,CL10,ydfid/CL10/test/good/ydfid_good_000605.bmp,,0,True,b70da88e0e1b94bf0b8aa3baaef1ebafbddfedb73b3d322f83600d2a40c6dec1,512,512,,,,,,,,,
test,CL10,ydfid/CL10/test/good/ydfid_good_000606.bmp,,0,True,74fcd739d6e95747a32afe6c4faba28989bbdd0af8aff05c536b9902eafdf4b6,512,512,,,,,,,,,
test,CL10,ydfid/CL10/test/good/ydfid_good_000607.bmp,,0,True,92901e219056742dddc5294acddff5f3bf6ef5be07472c31dced516dfeb6049a,512,512,,,,,,,,,
test,CL10,ydfid/CL10/test/good/ydfid_good_000608.bmp,,0,True,438639cc9d802e77ea194a69f71d80eb0ac8179004fac7ac62850f3596dfd35e,512,512,,,,,,,,,
test,CL10,ydfid/CL10/test/good/ydfid_good_000609.bmp,,0,True,a7c9486d4c9b8865de9fcc6c22d7b0e77125588055cbb55036c05adbe712f29f,512,512,,,,,,,,,
test,CL10,ydfid/CL10/test/good/ydfid_good_000610.bmp,,0,True,78f7f1f341a59c4bf5df98e7f1578e59a20f34aa3b745e9e5161a022d5b8f5bc,512,512,,,,,,,,,
test,CL10,ydfid/CL10/test/good/ydfid_good_000611.bmp,,0,True,88163b8be25cd23dd41bb639c2afe195358f9ce33795c8f788d9c566e15e5131,512,512,,,,,,,,,
test,CL10,ydfid/CL10/test/good/ydfid_good_000612.bmp,,0,True,7c83a395af05d14d5e9409999c94db12a2a3f0958c2e891bf28e7dff6b7423f0,512,512,,,,,,,,,
test,CL10,ydfid/CL10/test/good/ydfid_good_000613.bmp,,0,True,d33c7bebe5a58658a780d9d5efade1686b8fd595cdb8746b51a6c9960c98f1aa,512,512,,,,,,,,,
test,CL10,ydfid/CL10/test/good/ydfid_good_000614.bmp,,0,True,2556440871750b6256024f072d1eda2d76d7d3cc9677aa2ec85c829747f45288,512,512,,,,,,,,,
test,CL10,ydfid/CL10/test/good/ydfid_good_000615.bmp,,0,True,9295b19bb93727ab54de95defdd4296695a1d4ffa581d30cec1f948933c494fe,512,512,,,,,,,,,
test,CL10,ydfid/CL10/test/good/ydfid_good_000616.bmp,,0,True,964fcc08bb0f6806e9f830930fb599950de8d89dca5f3cf54e3803cd7dd89caa,512,512,,,,,,,,,
test,CL10,ydfid/CL10/test/good/ydfid_good_000617.bmp,,0,True,3168c96e03d65c052a2d2a9af32802ce8e93d23592f923f9a83eeb0394d803fb,512,512,,,,,,,,,
test,CL10,ydfid/CL10/test/good/ydfid_good_000618.bmp,,0,True,09143ff5c6d674e211422d21c584970a0819d7384c6da60f85620c39fb7f1468,512,512,,,,,,,,,
test,CL10,ydfid/CL10/test/good/ydfid_good_000619.bmp,,0,True,739e0a8ad78032e0ab27af90197884a9dff2930ad4645b4b62e03e2e271c415e,512,512,,,,,,,,,
test,CL10,ydfid/CL10/test/good/ydfid_good_000620.bmp,,0,True,1bab80cb81f053cca906e4e5f0a9beadaa77d8642c4ffc946d93a74e120a6e42,512,512,,,,,,,,,
test,CL10,ydfid/CL10/test/good/ydfid_good_000621.bmp,,0,True,8a9df1068fdcb0b750ce3ac2aae630bf5e42bd836383d35324243a73d1565cf8,512,512,,,,,,,,,
test,CL10,ydfid/CL10/test/good/ydfid_good_000622.bmp,,0,True,fa1adc28305a72ce8309fa14f39a533d96c4daa98e94f7a4c686d6c6235105c1,512,512,,,,,,,,,
test,CL10,ydfid/CL10/test/good/ydfid_good_000623.bmp,,0,True,9e610c4ff1f7779540c234cfe28ac5dd375787dfdbfbff5fb6e0804d7364021e,512,512,,,,,,,,,
test,CL10,ydfid/CL10/test/good/ydfid_good_000624.bmp,,0,True,57f4639ee06c512c908b3f73f528fbfcce1d6640039dd73df7dfa41728e24c9f,512,512,,,,,,,,,
test,CL10,ydfid/CL10/test/good/ydfid_good_000625.bmp,,0,True,5624341155f8d0a36d6153f26663c80265f2b3b73eda41738e767244346bd164,512,512,,,,,,,,,
test,CL10,ydfid/CL10/test/good/ydfid_good_000626.bmp,,0,True,f80284abafa7a75e20557fc496629e10d2adbef4dd4c5a5480e12ee72a0679f1,512,512,,,,,,,,,
test,CL10,ydfid/CL10/test/good/ydfid_good_000627.bmp,,0,True,abe8b7c79b80c8e166f14c39cc8820eb9aa0670d0ae5ccff3651846070885ea8,512,512,,,,,,,,,
test,CL10,ydfid/CL10/test/good/ydfid_good_000628.bmp,,0,True,d355e8cf07a97fce32d564923e5b5352ad8a5ce7195b7fb8cbdb51405e225022,512,512,,,,,,,,,
test,CL10,ydfid/CL10/test/good/ydfid_good_000629.bmp,,0,True,3dba46f22446ea66b65202fa08eb15783ee23e6c786b0f3bde3d2635876ee342,512,512,,,,,,,,,
test,CL10,ydfid/CL10/test/good/ydfid_good_000630.bmp,,0,True,eaff447309f0c6a449d3a59a630c111314f8affe65cabe4e636c94d230d37876,512,512,,,,,,,,,
test,CL10,ydfid/CL10/test/good/ydfid_good_000631.bmp,,0,True,b91c753f614e0938b9983fa4249b248fb293a0a9516b7cf4f2973ac0fce0c8fc,512,512,,,,,,,,,
test,CL10,ydfid/CL10/test/good/ydfid_good_000632.bmp,,0,True,909eac102bb64007f83aff7269d39e801a1b20e82f8bd492dea2bbf5d6f2ed2b,512,512,,,,,,,,,
test,CL10,ydfid/CL10/test/good/ydfid_good_000633.bmp,,0,True,3da4d3b50f126b2ed62adc2d2ec2dabdbf350ba6f8bafbfbf168edecbbbf0e52,512,512,,,,,,,,,
test,CL10,ydfid/CL10/test/good/ydfid_good_000634.bmp,,0,True,04dd38710ddb5f559128e72c685775c0740b91be4a3577d5fcab4dd15ca8133e,512,512,,,,,,,,,
test,CL10,ydfid/CL10/test/good/ydfid_good_000635.bmp,,0,True,b21eb642ef53ef2c9c4f674eb204586609d4883fa11774fa9815ee1f52ba52b2,512,512,,,,,,,,,
test,CL10,ydfid/CL10/test/good/ydfid_good_000636.bmp,,0,True,3faba78363c0e6255ffd582dd375aedfb616b7374f13177073637eea387644ec,512,512,,,,,,,,,
test,CL10,ydfid/CL10/test/good/ydfid_good_000637.bmp,,0,True,55f6f8a788c946df931155787edf027538cb57139f91f84ce15e4bb0f4913ebc,512,512,,,,,,,,,
test,CL10,ydfid/CL10/test/good/ydfid_good_000638.bmp,,0,True,29d997ac1f019cfbffc798a5a46fac41cbf0c928e4211a869566bf27ff6fd131,512,512,,,,,,,,,
test,CL10,ydfid/CL10/test/good/ydfid_good_000639.bmp,,0,True,ae41490e9406a38006772f41db03aafead9e63ff012517137239fa74b33701b6,512,512,,,,,,,,,
test,CL10,ydfid/CL10/test/good/ydfid_good_000640.bmp,,0,True,2e9793ff20e7c40e49ba469a5d43e590536ec8b56275b653075a77ad04791879,512,512,,,,,,,,,
test,CL10,ydfid/CL10/test/good/ydfid_good_000641.bmp,,0,True,fc3e8ee8c68de56b8396636ee499d538603d72db52e6809319de1909b260bc24,512,512,,,,,,,,,
test,CL10,ydfid/CL10/test/good/ydfid_good_000642.bmp,,0,True,b3eb18359d04731595bd1a9897ea165861c4701f4553c018fd2489ceb547eb43,512,512,,,,,,,,,
test,CL10,ydfid/CL10/test/good/ydfid_good_000643.bmp,,0,True,d3544da4d1cb58c1cdc2f7b50483ee77c8127fa3c8f4e6eddb79aba03fadf427,512,512,,,,,,,,,
test,CL10,ydfid/CL10/test/good/ydfid_good_000644.bmp,,0,True,1662c4f8fe38354d6c2f2b4e0cfb7fa8a19a5e416c976ae91018454d8e5ec5bc,512,512,,,,,,,,,
test,CL12,ydfid/CL12/test/anomaly/ydfid_defect_000920.bmp,ydfid/CL12/ground_truth/anomaly/ydfid_defect_000920.png,1,True,0abb7ca813f76887b1f81187dc3e7be44cf3fd4d93914411c960f39f0033ea2e,512,512,True,512,512,0|255,8275,0.031566619873046875,23.27273,False,
test,CL12,ydfid/CL12/test/anomaly/ydfid_defect_000921.bmp,ydfid/CL12/ground_truth/anomaly/ydfid_defect_000921.png,1,True,8c769b2726eb144d10e46a97b1020cfcb9a4b7479c97476f479a05b3df321890,512,512,True,512,512,0|255,140,0.0005340576171875,1.45455,False,
test,CL12,ydfid/CL12/test/anomaly/ydfid_defect_000922.bmp,ydfid/CL12/ground_truth/anomaly/ydfid_defect_000922.png,1,True,e28084145f02c88e6c96a54352646029804bbc8e4c759d73eb4c3a979c969cce,512,512,True,512,512,0|255,4264,0.016265869140625,3.0098,False,
test,CL12,ydfid/CL12/test/anomaly/ydfid_defect_000923.bmp,ydfid/CL12/ground_truth/anomaly/ydfid_defect_000923.png,1,True,789ff3c130c1f264b3c660cb0fc5c317032196b9d6d03d49146b6ec47052b80f,512,512,True,512,512,0|255,158,0.00060272216796875,1.1875,False,
test,CL12,ydfid/CL12/test/anomaly/ydfid_defect_000924.bmp,ydfid/CL12/ground_truth/anomaly/ydfid_defect_000924.png,1,True,775fe4cc299c5f96a260032a23c0c366306e6472cfa71986fa8df477570f4cc7,512,512,True,512,512,0|255,3892,0.0148468017578125,2.0566,False,
test,CL12,ydfid/CL12/test/anomaly/ydfid_defect_000925.bmp,ydfid/CL12/ground_truth/anomaly/ydfid_defect_000925.png,1,True,e8ae1d84f0abe221c95c6f33aec8ee3b5809f9bbbc5d5cbdfe1e42b4d478b6bd,512,512,True,512,512,0|255,216,0.000823974609375,1.46667,False,
test,CL12,ydfid/CL12/test/anomaly/ydfid_defect_000926.bmp,ydfid/CL12/ground_truth/anomaly/ydfid_defect_000926.png,1,True,d307785c048cbbdab34424e3668dc00baf2e2b0f4322ef4feb0a405ef5bd73a8,512,512,True,512,512,0|255,7773,0.029651641845703125,4.55844,False,
test,CL12,ydfid/CL12/test/anomaly/ydfid_defect_000927.bmp,ydfid/CL12/ground_truth/anomaly/ydfid_defect_000927.png,1,True,46837295719777d9a19d860bcc4ad85c676cebb1b5868548a93c4f271efb9e59,512,512,True,512,512,0|255,170,0.00064849853515625,1.46154,False,
test,CL12,ydfid/CL12/test/anomaly/ydfid_defect_000928.bmp,ydfid/CL12/ground_truth/anomaly/ydfid_defect_000928.png,1,True,30244e67bb01fe3764c7f2ebff05fb73ad6ab962f2dd0caecaa60e7e3a8f9d6f,512,512,True,512,512,0|255,4185,0.015964508056640625,2.10417,False,
test,CL12,ydfid/CL12/test/anomaly/ydfid_defect_000929.bmp,ydfid/CL12/ground_truth/anomaly/ydfid_defect_000929.png,1,True,ffc15c1404010a5ba2c263c21b015796d1f9a4e4c08d510192a2f00eb50f2330,512,512,True,512,512,0|255,263,0.001003265380859375,1.53333,False,
test,CL12,ydfid/CL12/test/anomaly/ydfid_defect_000930.bmp,ydfid/CL12/ground_truth/anomaly/ydfid_defect_000930.png,1,True,35884f6bb7f0c079d92aaef3399187a3e2c10fa39464d194d136d9a8be33ce56,512,512,True,512,512,0|255,7312,0.02789306640625,3.7625,False,
test,CL12,ydfid/CL12/test/anomaly/ydfid_defect_000931.bmp,ydfid/CL12/ground_truth/anomaly/ydfid_defect_000931.png,1,True,838b65842b7b3df27263331027337826f774d866bdbd03df475db1bfb8d478fe,512,512,True,512,512,0|255,1666,0.00635528564453125,1.07692,False,
test,CL12,ydfid/CL12/test/anomaly/ydfid_defect_000932.bmp,ydfid/CL12/ground_truth/anomaly/ydfid_defect_000932.png,1,True,5bd4ce25974c3bd0a01f22630b292046889c90aac07fa4c87fe97af8fb0b6083,512,512,True,512,512,0|255,5000,0.019073486328125,1.11927,False,
test,CL12,ydfid/CL12/test/anomaly/ydfid_defect_000933.bmp,ydfid/CL12/ground_truth/anomaly/ydfid_defect_000933.png,1,True,5844a4fd1dd33bdbb4d558eaf57a7547fcd2bdae06e16cac249723614395dd43,512,512,True,512,512,0|255,2467,0.009410858154296875,3.07576,False,
test,CL12,ydfid/CL12/test/anomaly/ydfid_defect_000934.bmp,ydfid/CL12/ground_truth/anomaly/ydfid_defect_000934.png,1,True,7f872ecd5c8eff737553cec40627de6c0b9377a2616bc3fdaaffa7f00be4f1a3,512,512,True,512,512,0|255,151,0.000576019287109375,1.07143,False,
test,CL12,ydfid/CL12/test/anomaly/ydfid_defect_000935.bmp,ydfid/CL12/ground_truth/anomaly/ydfid_defect_000935.png,1,True,fdcae3c8854903579539e9afa6b37d7097b501dd0b19aa446aba0baaa033635f,512,512,True,512,512,0|255,183,0.000698089599609375,1.28571,False,
test,CL12,ydfid/CL12/test/anomaly/ydfid_defect_000936.bmp,ydfid/CL12/ground_truth/anomaly/ydfid_defect_000936.png,1,True,a733e3c929bba752f0e5ea5f06b54d30879298984881e38238ca06fe550e432b,512,512,True,512,512,0|255,170,0.00064849853515625,1.0,False,
test,CL12,ydfid/CL12/test/anomaly/ydfid_defect_000937.bmp,ydfid/CL12/ground_truth/anomaly/ydfid_defect_000937.png,1,True,056eb01cc08f08be64bcc90ba20a947d4228846f4d002b28505b0db2922ce4d7,512,512,True,512,512,0|255,405,0.001544952392578125,1.20213,False,
test,CL12,ydfid/CL12/test/anomaly/ydfid_defect_000938.bmp,ydfid/CL12/ground_truth/anomaly/ydfid_defect_000938.png,1,True,d0689d66a1c912bbe1ee49366ecf37ee3491c2547e9d33d1f6da7228b0982dfa,512,512,True,512,512,0|255,184,0.000701904296875,1.06667,False,
test,CL12,ydfid/CL12/test/anomaly/ydfid_defect_000939.bmp,ydfid/CL12/ground_truth/anomaly/ydfid_defect_000939.png,1,True,551d4d04b1bf825ecb54b6ae414a988c3a49c99b1a04a8aa0ba45debdb14bff3,512,512,True,512,512,0|255,953,0.003635406494140625,1.48197,False,
test,CL12,ydfid/CL12/test/anomaly/ydfid_defect_000940.bmp,ydfid/CL12/ground_truth/anomaly/ydfid_defect_000940.png,1,True,318f5221bd87604a6f957ab01a0c32144772de3a8bb3462d2b3fcb1813db9197,512,512,True,512,512,0|255,7593,0.028964996337890625,26.94737,False,
test,CL12,ydfid/CL12/test/anomaly/ydfid_defect_000941.bmp,ydfid/CL12/ground_truth/anomaly/ydfid_defect_000941.png,1,True,1fa8c108540dd7689f1758dda5e80a828e693444fead5a8660f1625d787ca7a5,512,512,True,512,512,0|255,213,0.000812530517578125,1.42857,False,
test,CL12,ydfid/CL12/test/good/ydfid_good_000789.bmp,,0,True,7ff0d6967f6ecba6cfa043f25149f4964edb6589c00647e243fa6e6e2517d31f,512,512,,,,,,,,,
test,CL12,ydfid/CL12/test/good/ydfid_good_000790.bmp,,0,True,8007263147f7dd7809768d02ac67923b229895d534156d692e5b2d1c5ad27713,512,512,,,,,,,,,
test,CL12,ydfid/CL12/test/good/ydfid_good_000791.bmp,,0,True,f7eed656b1981cc9ae59c23f71302473470706b0757dd4e425bee749783df77e,512,512,,,,,,,,,
test,CL12,ydfid/CL12/test/good/ydfid_good_000792.bmp,,0,True,ba1e726d42a8d4214335ab2462e03375b1b340189a0c8c704f17fc1089740b42,512,512,,,,,,,,,
test,CL12,ydfid/CL12/test/good/ydfid_good_000793.bmp,,0,True,ea25580a50f7add017109b1e7209801700bf233d9cec23840a4f19d6975d3a27,512,512,,,,,,,,,
test,CL12,ydfid/CL12/test/good/ydfid_good_000794.bmp,,0,True,622e70e2c4752f3077d666d17843f8ad0d78b0a1904bbcba900672f161bab6f2,512,512,,,,,,,,,
test,CL12,ydfid/CL12/test/good/ydfid_good_000795.bmp,,0,True,f6cc8ae6bd0d3e82f7eaf79eda4e1e986b94dd019a043465ab64c438b187b2e1,512,512,,,,,,,,,
test,CL12,ydfid/CL12/test/good/ydfid_good_000796.bmp,,0,True,d73d24aeb13345bab07a599cc955f86f68ae742981b4064e4553460400a63f71,512,512,,,,,,,,,
test,CL12,ydfid/CL12/test/good/ydfid_good_000797.bmp,,0,True,4b2a923a5aa279c0a5fa94d67b60d5c28895aa3cb0882074727974b53d262246,512,512,,,,,,,,,
test,CL12,ydfid/CL12/test/good/ydfid_good_000798.bmp,,0,True,88cc321ee7e486f1f8e2d0a5cc144154e9a94930b4c4fa5b6e1b05ffbf476aa6,512,512,,,,,,,,,
test,CL12,ydfid/CL12/test/good/ydfid_good_000799.bmp,,0,True,43db40c19e0bb14cdc7c562eb4585ad4b7317aa4ab37d3b1c23853f0dba57a14,512,512,,,,,,,,,
test,CL12,ydfid/CL12/test/good/ydfid_good_000800.bmp,,0,True,ca71ad94a2c9df48a83b1ecf288413a3f22b97afcff56f55c5baeea3f43fdc32,512,512,,,,,,,,,
test,CL12,ydfid/CL12/test/good/ydfid_good_000801.bmp,,0,True,04bf2f1b103d15784735cb331a91a0974b4c7348b9c3eb440debcc72b2ee16ca,512,512,,,,,,,,,
test,CL12,ydfid/CL12/test/good/ydfid_good_000802.bmp,,0,True,b08fe3824e75dee0f132de968d06794211a2cd8aba16e7db3150a5e5d98b1bb0,512,512,,,,,,,,,
test,CL12,ydfid/CL12/test/good/ydfid_good_000803.bmp,,0,True,6a5763b6848f9782f6d34423a7f3e37a7920be18b6332f209c38099cd6f42580,512,512,,,,,,,,,
test,CL12,ydfid/CL12/test/good/ydfid_good_000804.bmp,,0,True,afcc6f139c879bf9175dcec258030da97a435114559c78a3f85c0bcaa353c642,512,512,,,,,,,,,
test,CL12,ydfid/CL12/test/good/ydfid_good_000805.bmp,,0,True,1832f71796f42c8a349701ed3aee22563bf7664329497c03607a79a12cfc3523,512,512,,,,,,,,,
test,CL12,ydfid/CL12/test/good/ydfid_good_000806.bmp,,0,True,81fee757e50d810861d86a23b44243de40ebf33b1e1dff5906750a9b32bbce9f,512,512,,,,,,,,,
test,CL12,ydfid/CL12/test/good/ydfid_good_000807.bmp,,0,True,2c65ffa9ecca38eb19ff5e047607bb8d2a350afc36237fa0698389d97c27dbcb,512,512,,,,,,,,,
test,CL12,ydfid/CL12/test/good/ydfid_good_000808.bmp,,0,True,624a477efb278625db5ebcd37ac47d400ea4081614037812bfa6300d2856b985,512,512,,,,,,,,,
test,CL12,ydfid/CL12/test/good/ydfid_good_000809.bmp,,0,True,c2e0b11bd92a4cedaf072e2c8f809e238eeac4d0af8135598bd3445fd24486a8,512,512,,,,,,,,,
test,CL12,ydfid/CL12/test/good/ydfid_good_000810.bmp,,0,True,92c265d06fcbd4b9c67201288103101fd8ccfa056ebfd129aaf794db9223b1dc,512,512,,,,,,,,,
test,CL12,ydfid/CL12/test/good/ydfid_good_000811.bmp,,0,True,b2b3596438b8fa01374d2b0ce7098c439a18b8b060855ead8154493aa749b018,512,512,,,,,,,,,
test,CL12,ydfid/CL12/test/good/ydfid_good_000812.bmp,,0,True,234e3d007c73d9739ca593ed26435fa36c9a62c2cecb56c62b791130ab1a4ead,512,512,,,,,,,,,
test,CL12,ydfid/CL12/test/good/ydfid_good_000813.bmp,,0,True,2154183d265845f3e51638440c0de5ca186423e60ae32433092a286244ebe838,512,512,,,,,,,,,
test,CL12,ydfid/CL12/test/good/ydfid_good_000814.bmp,,0,True,6930e7dcb3df6b11e599c4aaef2633e5521f11333260a26d864d400a179a74eb,512,512,,,,,,,,,
test,CL12,ydfid/CL12/test/good/ydfid_good_000815.bmp,,0,True,c4f081f8d1183b2a6753ed937777d17a9668b3792fe345ce9aa7c6296b8a5447,512,512,,,,,,,,,
test,CL12,ydfid/CL12/test/good/ydfid_good_000816.bmp,,0,True,aca5e7dac123a86047de0740fdd34310fb417fc374df9260750cde0fb2afb3f3,512,512,,,,,,,,,
test,CL12,ydfid/CL12/test/good/ydfid_good_000817.bmp,,0,True,44cb50e01f1857b8157315b2e470ed532d2fbbf62a975e19a72ced1d83451704,512,512,,,,,,,,,
test,CL12,ydfid/CL12/test/good/ydfid_good_000818.bmp,,0,True,a24c77fb13833a0c73c0eeacfdb164acc4b79a215591a2dad1ef2594863b9b05,512,512,,,,,,,,,
test,CL12,ydfid/CL12/test/good/ydfid_good_000819.bmp,,0,True,eccf92505ed28467c1cc47427b4d746d7b8662409aa813abc9ecb6b5dbbd38d1,512,512,,,,,,,,,
test,CL12,ydfid/CL12/test/good/ydfid_good_000820.bmp,,0,True,0621c8eb7557a978b0ac14f0d132abcf91143ed563c85e1dc37f1223c4b99243,512,512,,,,,,,,,
test,CL12,ydfid/CL12/test/good/ydfid_good_000821.bmp,,0,True,74a8fd2028e6327c2f9167067642fe726f0703f77a463ad40e09a347871d2c87,512,512,,,,,,,,,
test,CL12,ydfid/CL12/test/good/ydfid_good_000822.bmp,,0,True,94f8d850d02afb2e23ad0aa7b3cbaf938af020327d4a4d04b107e45882172a05,512,512,,,,,,,,,
test,CL12,ydfid/CL12/test/good/ydfid_good_000823.bmp,,0,True,0bd72e50912d74fd742bee0b3f95c1347fd80c7129819118b4c2252651bf09b1,512,512,,,,,,,,,
test,CL12,ydfid/CL12/test/good/ydfid_good_000824.bmp,,0,True,6c3902e37f20051907f0f2eb617be259d83e7b87f62efd665fe83ef0b9ee37f9,512,512,,,,,,,,,
test,CL12,ydfid/CL12/test/good/ydfid_good_000825.bmp,,0,True,6e499d3ea4046adbc5c892bfd92352ea7a6bc50a84898fbe3eda3607219e31f6,512,512,,,,,,,,,
test,CL12,ydfid/CL12/test/good/ydfid_good_000826.bmp,,0,True,87440f53f1a7290dfe3782b463ad2198c4d399574a7394a9060ff1d539723156,512,512,,,,,,,,,
test,CL12,ydfid/CL12/test/good/ydfid_good_000827.bmp,,0,True,76129ffd4fb878290b18827392d71d6b44bc157fa936184e5c1d348973ed8608,512,512,,,,,,,,,
test,CL12,ydfid/CL12/test/good/ydfid_good_000828.bmp,,0,True,bb14916b5c4f236b50f3ec8149c1f4675692d6c628d4a7b83ee171cbc8954b91,512,512,,,,,,,,,
test,CL12,ydfid/CL12/test/good/ydfid_good_000829.bmp,,0,True,7e6848cc2abd2879ba0fc0013d1141fdf96c8829893e7c6c6c6a0c3263ec165a,512,512,,,,,,,,,
test,CL12,ydfid/CL12/test/good/ydfid_good_000830.bmp,,0,True,2cfaaa328c8ed84c0ff2e9813453bd7ae7fa66f114cc66ea5e6bff445c6cd815,512,512,,,,,,,,,
test,CL12,ydfid/CL12/test/good/ydfid_good_000831.bmp,,0,True,c071bbaf8e44847495fff63d1bd5ea5b005bb8a683111e400a0e14e97744a178,512,512,,,,,,,,,
test,CL12,ydfid/CL12/test/good/ydfid_good_000832.bmp,,0,True,376e4d3a5227e11a3c5928c3e4ef403bac22b3a3ca2b2df891db604c5679fde0,512,512,,,,,,,,,
test,CL12,ydfid/CL12/test/good/ydfid_good_000833.bmp,,0,True,17a195b267294779086da4feb8593034c877f96a6dbe000a1f3555a9b66ccac3,512,512,,,,,,,,,
test,CL12,ydfid/CL12/test/good/ydfid_good_000834.bmp,,0,True,7c6aac74de7b3bab227a7ecab6dabb782dac4cbddd5a9ca822b7d51b85a76609,512,512,,,,,,,,,
test,CL12,ydfid/CL12/test/good/ydfid_good_000835.bmp,,0,True,27f38cb005683c7b353d7b0ccd9d871630631d52c6a9f72d442cda073fc81a11,512,512,,,,,,,,,
test,CL12,ydfid/CL12/test/good/ydfid_good_000836.bmp,,0,True,6e235642447567e51634b7765bf920eb94c3992286d5682a02693e199649fa90,512,512,,,,,,,,,
test,CL12,ydfid/CL12/test/good/ydfid_good_000837.bmp,,0,True,3e20748feb1b26b1db87f038c6d12bf0d63aab422964e6575898b077514c5987,512,512,,,,,,,,,
test,CL12,ydfid/CL12/test/good/ydfid_good_000838.bmp,,0,True,003ed286bb1b47c4dcb2fe1d13b116e3e4cdcabd2ecd230035199cd9e2b236b8,512,512,,,,,,,,,
test,CL12,ydfid/CL12/test/good/ydfid_good_000839.bmp,,0,True,672bd07621a6a6e9e12cdf7f5e6611ca4cce6f0865d1530dfc09d3fc086ab77d,512,512,,,,,,,,,
test,CL12,ydfid/CL12/test/good/ydfid_good_000840.bmp,,0,True,1b80a32d5c5207f382b1e0caaa8c5a2c5fc4d16d427e9b44d4bbf12430c3684b,512,512,,,,,,,,,
test,CL12,ydfid/CL12/test/good/ydfid_good_000841.bmp,,0,True,27c302af993e014a1ad2e98760ee16787306a46ae971e0bfe245532dee76a7f1,512,512,,,,,,,,,
test,CL12,ydfid/CL12/test/good/ydfid_good_000842.bmp,,0,True,630b1c7e0ca4932f71bce799682f559fd9123952d39919eac5b7490cb51346a4,512,512,,,,,,,,,
test,CL12,ydfid/CL12/test/good/ydfid_good_000843.bmp,,0,True,24b6d3723d357359bb258c0600e1ce9f368bd95a93b24c23b03a50b85dbd61c8,512,512,,,,,,,,,
test,CL12,ydfid/CL12/test/good/ydfid_good_000844.bmp,,0,True,5a9b56e38b5d5f3849a6b8641d1267823e2017ca911dd74224a7cb0eed1b5ede,512,512,,,,,,,,,
test,CL12,ydfid/CL12/test/good/ydfid_good_000845.bmp,,0,True,1eda037275e27946e617a198852025f71d7073ed7ad371c4e48d21704cdc59ee,512,512,,,,,,,,,
test,CL12,ydfid/CL12/test/good/ydfid_good_000846.bmp,,0,True,4cd4fce837e17e3b72cbf41a6e2b9be32531ce2a813949abf90d04ae7d71e4c7,512,512,,,,,,,,,
test,CL12,ydfid/CL12/test/good/ydfid_good_000847.bmp,,0,True,e35de3686eb726c5ee47507ebe48f289484a846a6c99fd0a725975c701737ea5,512,512,,,,,,,,,
test,CL12,ydfid/CL12/test/good/ydfid_good_000848.bmp,,0,True,a76ff8bdddfb409f61859b9b12f588136dba60a9074e69bef7296bee13eb2f77,512,512,,,,,,,,,
test,CL12,ydfid/CL12/test/good/ydfid_good_000849.bmp,,0,True,b0204830cad889656a374fe7125f54c30d715d38cbccf6ffb97cc79fdb429596,512,512,,,,,,,,,
test,CL12,ydfid/CL12/test/good/ydfid_good_000850.bmp,,0,True,55a8922f1e86215f3058507c7c7da692e1821e0f5c603f54f5259bb4359268d1,512,512,,,,,,,,,
test,CL12,ydfid/CL12/test/good/ydfid_good_000851.bmp,,0,True,f73511d07acac31ad1ecaa555f199a5bcc0a6325582938a9940e6f8dd1f6f865,512,512,,,,,,,,,
test,CL12,ydfid/CL12/test/good/ydfid_good_000852.bmp,,0,True,b505ed13e3702e109fc4662de107759d7a9cb68c9b1c40c69df9c13b65770919,512,512,,,,,,,,,
test,CL12,ydfid/CL12/test/good/ydfid_good_000853.bmp,,0,True,9ddaeb2602ff7aab19d1ac6723ddac059c034769de1ba606853834c8648c1a32,512,512,,,,,,,,,
test,CL12,ydfid/CL12/test/good/ydfid_good_000854.bmp,,0,True,c8e7d571097bae396e640cab4e86937de166dead9edf08010138481434bdd7b1,512,512,,,,,,,,,
test,CL12,ydfid/CL12/test/good/ydfid_good_000855.bmp,,0,True,dc43ebe2e5f94e1a65e0355ac880cf320aaf883d45ad0f409de3a1671698cbe1,512,512,,,,,,,,,
test,CL12,ydfid/CL12/test/good/ydfid_good_000856.bmp,,0,True,37a2c474334f8d626fd441865aa10c78ec0ec363a215c283b67e1582f6b9214e,512,512,,,,,,,,,
test,CL12,ydfid/CL12/test/good/ydfid_good_000857.bmp,,0,True,db9a3341713b0f104b717caec73488ecf2c6c5978669e0d5d1105251a1a5493a,512,512,,,,,,,,,
test,CL12,ydfid/CL12/test/good/ydfid_good_000858.bmp,,0,True,799fbb01f43558e2345c34eb2c931063bbacb893d7ef692ea079fba6fafa85ba,512,512,,,,,,,,,
test,CL12,ydfid/CL12/test/good/ydfid_good_000859.bmp,,0,True,8dbc8cc41934a85d0d5649a0ef239ecec65832fd8374d00c774b4080fc8b6d30,512,512,,,,,,,,,
test,CL12,ydfid/CL12/test/good/ydfid_good_000860.bmp,,0,True,1169d1136bfe900b73c8ead27fdec2172c39151a321d67e17a007535ad404f00,512,512,,,,,,,,,
test,CL12,ydfid/CL12/test/good/ydfid_good_000861.bmp,,0,True,effdd9ea1d01b01c4c45c8b5fe47778979675dba9cb0afd48c7bf9e36bcc65d0,512,512,,,,,,,,,
test,CL12,ydfid/CL12/test/good/ydfid_good_000862.bmp,,0,True,7bb6105df5e898356551ce3b6968eb64fb80ff02e78f1b1fcdd062ec44deb719,512,512,,,,,,,,,
test,CL12,ydfid/CL12/test/good/ydfid_good_000863.bmp,,0,True,ab15322d93c9e13d1552155613689eb10a59f89a26170b4ad0c5f95cfabafa88,512,512,,,,,,,,,
test,CL12,ydfid/CL12/test/good/ydfid_good_000864.bmp,,0,True,916b72ff7a145359285a52f2b4f15234b33cab5a16897d1433f9f53e9948d987,512,512,,,,,,,,,
test,CL12,ydfid/CL12/test/good/ydfid_good_000865.bmp,,0,True,339ecd7ddb02981fcd1fa822c4d8413ceff6c3c9e47e2e9fadcee7afe4169775,512,512,,,,,,,,,
test,CL12,ydfid/CL12/test/good/ydfid_good_000866.bmp,,0,True,a1f1c221e27803c8eed0b148fc9a49f43d2b0f084b2fb396e697d8dd7121bb93,512,512,,,,,,,,,
test,CL12,ydfid/CL12/test/good/ydfid_good_000867.bmp,,0,True,c126dd4dc5c1949f6f09f00ef79717ff824d610bb4f12ca61b6dcac24e74fc7e,512,512,,,,,,,,,
test,CL12,ydfid/CL12/test/good/ydfid_good_000868.bmp,,0,True,89a751e6adf15604a4acaabfaf705acbe7c30c3103cbe0dbf87a356b4bcf59e3,512,512,,,,,,,,,
test,CL12,ydfid/CL12/test/good/ydfid_good_000869.bmp,,0,True,15b5ddfe20382eed0b5c6ff16e16cc9ef2219c58e61d492ba226edd9a997af48,512,512,,,,,,,,,
test,CL12,ydfid/CL12/test/good/ydfid_good_000870.bmp,,0,True,ef97a99d54eab6f0647a635832e506327c6dbdcda3b871c793d2e2f03f7356da,512,512,,,,,,,,,
test,CL12,ydfid/CL12/test/good/ydfid_good_000871.bmp,,0,True,48503c038197ab2617ce37311011b6245d4131841b19e95873faf446c681e535,512,512,,,,,,,,,
test,CL12,ydfid/CL12/test/good/ydfid_good_000872.bmp,,0,True,f0460f882df36ef7680c448ed2f58eec878b8115782eeb7c8291a680dc170b8a,512,512,,,,,,,,,
test,CL12,ydfid/CL12/test/good/ydfid_good_000873.bmp,,0,True,51ead38d7a9bc1de76e3367c29ef519ab94e195d8ede68763e87ac4a9622b544,512,512,,,,,,,,,
test,CL12,ydfid/CL12/test/good/ydfid_good_000874.bmp,,0,True,5bcdfa7cce0fcc88305bef8991359aedae367289795e45cf2b4aca4cd1c96557,512,512,,,,,,,,,
test,CL12,ydfid/CL12/test/good/ydfid_good_000875.bmp,,0,True,2c81c3208a0f213156712e836722f3bdbb0e00e9b83b6443826ad02329da8726,512,512,,,,,,,,,
test,CL12,ydfid/CL12/test/good/ydfid_good_000876.bmp,,0,True,4648f0dd6461b617977602c61d5a0f7f69304031a8a60021c2efdffb07cae1f7,512,512,,,,,,,,,
test,CL12,ydfid/CL12/test/good/ydfid_good_000877.bmp,,0,True,a9733af7c1512a37d8c8dc7731baf49481a5a7d723359b7790957b2884d7967b,512,512,,,,,,,,,
test,CL12,ydfid/CL12/test/good/ydfid_good_000878.bmp,,0,True,a70269cfc9be88cdbdac6207e5dd3241d3a590358d0da6775ca7efb69457e28f,512,512,,,,,,,,,
test,CL12,ydfid/CL12/test/good/ydfid_good_000879.bmp,,0,True,3f2b08314466e0ad1021c6c0ddfd5d21361ec72237703ed559e82dfe2c4e341d,512,512,,,,,,,,,
test,CL12,ydfid/CL12/test/good/ydfid_good_000880.bmp,,0,True,8c57658b4c11c15ba4c2306236062a2ca5cef02ef734999b484ac76a129ba8b5,512,512,,,,,,,,,
test,CL12,ydfid/CL12/test/good/ydfid_good_000881.bmp,,0,True,29494d650bff4e2715dbda4913d1a40dc18a8227843d9da9a3a82a53af9651ed,512,512,,,,,,,,,
test,CL12,ydfid/CL12/test/good/ydfid_good_000882.bmp,,0,True,81379e476534800bbdf44e1f3e40c93cd0617f3b98f4706a011d8181bfa4fc27,512,512,,,,,,,,,
test,CL12,ydfid/CL12/test/good/ydfid_good_000883.bmp,,0,True,5caf9134d5d355f131f026b907156ffbb0d4a313504934479393533d20d2f27f,512,512,,,,,,,,,
test,CL12,ydfid/CL12/test/good/ydfid_good_000884.bmp,,0,True,39f851e6039d7d127adf5352a0e9de1459fa5adb9d088fa69fcba984a88875e0,512,512,,,,,,,,,
test,CL12,ydfid/CL12/test/good/ydfid_good_000885.bmp,,0,True,febe303dc7beb02e4dbda019012800dd851ddf4b36410ea0a7b4101480287409,512,512,,,,,,,,,
test,CL12,ydfid/CL12/test/good/ydfid_good_000886.bmp,,0,True,da75175549e1392f5566d2cb5cd6c109a3dc9cf400aab926ecaa1c2559a90d9d,512,512,,,,,,,,,
test,CL12,ydfid/CL12/test/good/ydfid_good_000887.bmp,,0,True,6e15796d4b2f85bd0d62bca4c695ea11ae8415541adfa8fcbfa7fd2db940e6d0,512,512,,,,,,,,,
test,CL12,ydfid/CL12/test/good/ydfid_good_000888.bmp,,0,True,73a31a65b454347124388623c11dff814a48fc460427b00501d6dd4942f0f9aa,512,512,,,,,,,,,
test,CL12,ydfid/CL12/test/good/ydfid_good_000889.bmp,,0,True,0f9614eab1069ffa10dc2f8d4fdd9219c2cd77a002af60ab6d28df3a44c38210,512,512,,,,,,,,,
test,CL12,ydfid/CL12/test/good/ydfid_good_000890.bmp,,0,True,0ab85dfbef236851bc26e558262eba62f1d51fe4b46355af22f65508f19d627f,512,512,,,,,,,,,
test,CL12,ydfid/CL12/test/good/ydfid_good_000891.bmp,,0,True,f08c860b3d3b79942c789f4d98be2d1e102691e5c422a35985971d22e8c7d7b6,512,512,,,,,,,,,
test,CL12,ydfid/CL12/test/good/ydfid_good_000892.bmp,,0,True,7621662ee79af345c0a433da69dbfdbf714685a484a1cdc9256046de251364ed,512,512,,,,,,,,,
test,CL12,ydfid/CL12/test/good/ydfid_good_000893.bmp,,0,True,390c3d2af836cd494ea27319c061b6751d09fadd1c528b9c878028663a4ab1c2,512,512,,,,,,,,,
test,CL12,ydfid/CL12/test/good/ydfid_good_000894.bmp,,0,True,04b5dac858d5d33f18aa50d26158e55e9059f8c5b82893002a4388344ebb74c5,512,512,,,,,,,,,
test,CL12,ydfid/CL12/test/good/ydfid_good_000895.bmp,,0,True,5192a5f791d2ae48f1d3eefbb5bab5a3652ffc9094c36e8cff20858670790622,512,512,,,,,,,,,
test,CL12,ydfid/CL12/test/good/ydfid_good_000896.bmp,,0,True,e61b73253f8d3286ecb414f52da147df47a62728cf9f196017c9e87ea4749132,512,512,,,,,,,,,
test,CL12,ydfid/CL12/test/good/ydfid_good_000897.bmp,,0,True,47a1b03f46480d493b3d7bd34f5a16fe4a63ad3549932d59a1c8339d2c75265d,512,512,,,,,,,,,
test,CL12,ydfid/CL12/test/good/ydfid_good_000898.bmp,,0,True,1f3dd7c551c1d7bc595ce0514948bfca17a876bef891cd0f0a5f0a8dec22afb1,512,512,,,,,,,,,
test,CL12,ydfid/CL12/test/good/ydfid_good_000899.bmp,,0,True,5c7ebaa783861b2fba1bbd20cb3721166fcf3034b4cdc95b1ac23d5ec8045001,512,512,,,,,,,,,
test,CL12,ydfid/CL12/test/good/ydfid_good_000900.bmp,,0,True,ccf66283dbff42e4a39d7c695b6e891d6a8e47c6204a5c5bce6a507fb23a615c,512,512,,,,,,,,,
test,CL12,ydfid/CL12/test/good/ydfid_good_000901.bmp,,0,True,44e381e4ac6ebb1117c3d2911ca57811b8f296ae2b4278ca36fc8c2f50b6f24e,512,512,,,,,,,,,
test,CL12,ydfid/CL12/test/good/ydfid_good_000902.bmp,,0,True,455b559e88f4ddd888da80d1a6a4c43ff2b068a60ed5b19d878dd1136caf0fb4,512,512,,,,,,,,,
test,CL12,ydfid/CL12/test/good/ydfid_good_000903.bmp,,0,True,9dfdb66c35a23f14e24a3bd3941789d11c9c4dcbe52167ff20aeea7a09b3fb9a,512,512,,,,,,,,,
test,CL12,ydfid/CL12/test/good/ydfid_good_000904.bmp,,0,True,a5b7a063115272886981533e14d3a04d1e78dd1aa609ff78f8efba6cbbffc2a8,512,512,,,,,,,,,
test,CL12,ydfid/CL12/test/good/ydfid_good_000905.bmp,,0,True,971af3c4023d97a7c4f9caf99105337bf002e6d613d70875b68a67eb35464b87,512,512,,,,,,,,,
test,CL12,ydfid/CL12/test/good/ydfid_good_000906.bmp,,0,True,f6733c0b57da64760f9a736717d2531039770222bb4e9ac8f006cc14b4173d90,512,512,,,,,,,,,
test,CL12,ydfid/CL12/test/good/ydfid_good_000907.bmp,,0,True,3ae1e5ba3351c626df6aee89de7519ed07002a37eb95ec58a4e3593873856a16,512,512,,,,,,,,,
test,CL12,ydfid/CL12/test/good/ydfid_good_000908.bmp,,0,True,8d2f2969c21e4907d2f37c9be431c7c4b7e3adbf9e81e9092979636b2697e5b1,512,512,,,,,,,,,
test,CL12,ydfid/CL12/test/good/ydfid_good_000909.bmp,,0,True,7bb51dd9f06e03f31dc563aa65fd610bd1a5e101975b71577ec3483cd19fb5d2,512,512,,,,,,,,,
test,CL12,ydfid/CL12/test/good/ydfid_good_000910.bmp,,0,True,dfc5bb79705e8f8f281d58c374817b0cac676842e8acb17d6c9d99151599f074,512,512,,,,,,,,,
test,CL12,ydfid/CL12/test/good/ydfid_good_000911.bmp,,0,True,96de27346ec47b334fc959cb55caff43b17c41e07ae35c212ccaa75cc1c028f2,512,512,,,,,,,,,
test,CL12,ydfid/CL12/test/good/ydfid_good_000912.bmp,,0,True,23305834a1043baae96d6d694cd1e23c8b96c17704339a90f6f5079b0013ea0d,512,512,,,,,,,,,
test,CL12,ydfid/CL12/test/good/ydfid_good_000913.bmp,,0,True,95542e5a4cda4c7194f9fd4c23b9ec5ab1a085b2d2cf7117ad1aa7683c44ce75,512,512,,,,,,,,,
test,CL12,ydfid/CL12/test/good/ydfid_good_000914.bmp,,0,True,ee1fc6b600e2db1661bf937ccb78ec4dd2a9acc11fef5ab1f2e870d29193ef81,512,512,,,,,,,,,
test,CL12,ydfid/CL12/test/good/ydfid_good_000915.bmp,,0,True,2127e0c10258bc78b519eb4b3e63a7991dba194b457106139fe3ddca509b9550,512,512,,,,,,,,,
test,CL12,ydfid/CL12/test/good/ydfid_good_000916.bmp,,0,True,88678c45dac1eac11fe521e8c67a29d2e6860514df331e80964e92bf448ac5b8,512,512,,,,,,,,,
test,CL12,ydfid/CL12/test/good/ydfid_good_000917.bmp,,0,True,a26acdbf700d1351988aa702c0cf7276d64a236e53a83fa5d913c8f990e518e6,512,512,,,,,,,,,
test,CL12,ydfid/CL12/test/good/ydfid_good_000918.bmp,,0,True,10ffdfd482a988401ef63de83c7b8af3a9aba31e0ace0c79b4120fe5cc8afe47,512,512,,,,,,,,,
test,CL12,ydfid/CL12/test/good/ydfid_good_000919.bmp,,0,True,74487983fa74ab77974b74c5ac68e2a4b71611a7bf165a59af6669eff403aa1d,512,512,,,,,,,,,
test,CL2,ydfid/CL2/test/anomaly/ydfid_defect_001102.bmp,ydfid/CL2/ground_truth/anomaly/ydfid_defect_001102.png,1,True,35908ed8cdf87b9cea5c0e465444ee0d04a6180ac65e74b8fb55011bfe9e109c,512,512,True,512,512,0|255,778,0.00296783447265625,1.69048,False,
test,CL2,ydfid/CL2/test/anomaly/ydfid_defect_001103.bmp,ydfid/CL2/ground_truth/anomaly/ydfid_defect_001103.png,1,True,c6e33bbec69c96de94368ca1c4ae96e5c496f152307d9fac8a6e8b238d590a7f,512,512,True,512,512,0|255,1807,0.006893157958984375,13.17647,False,
test,CL2,ydfid/CL2/test/anomaly/ydfid_defect_001104.bmp,ydfid/CL2/ground_truth/anomaly/ydfid_defect_001104.png,1,True,82d5f3e70c22fbcf1a20ce6a9ff75da7d9570154d3ceb315a6987ca6431df6b3,512,512,True,512,512,0|255,797,0.003040313720703125,1.81081,False,
test,CL2,ydfid/CL2/test/anomaly/ydfid_defect_001105.bmp,ydfid/CL2/ground_truth/anomaly/ydfid_defect_001105.png,1,True,59047f5c83a2a8848d60fb43ed194bbb0b305655ad2d1edd75148d675c8364b6,512,512,True,512,512,0|255,443,0.001689910888671875,1.23529,False,
test,CL2,ydfid/CL2/test/anomaly/ydfid_defect_001106.bmp,ydfid/CL2/ground_truth/anomaly/ydfid_defect_001106.png,1,True,5ed2c1f6d6a8ea88d716a58c2a95246f3593e14373e71899db71949ff164ad72,512,512,True,512,512,0|255,1841,0.007022857666015625,15.0,False,
test,CL2,ydfid/CL2/test/good/ydfid_good_001022.bmp,,0,True,d650e8d17e38892c494701eef7b2d9c8ffae9492b4abddfe31c391b8011d53d6,512,512,,,,,,,,,
test,CL2,ydfid/CL2/test/good/ydfid_good_001023.bmp,,0,True,c8d71475da667d640db69fffa0c7540f5138c0805e71e5c2e3f3eb06a5b3e19d,512,512,,,,,,,,,
test,CL2,ydfid/CL2/test/good/ydfid_good_001024.bmp,,0,True,4eb331859889bacfd8814fff936e837f66a145f8f14cd5a54da6e8eb88f9a5f0,512,512,,,,,,,,,
test,CL2,ydfid/CL2/test/good/ydfid_good_001025.bmp,,0,True,aa6b6ae3bdb599e27e22622586d5604e4a7b2284246305f6d6f4da99a066b7fa,512,512,,,,,,,,,
test,CL2,ydfid/CL2/test/good/ydfid_good_001026.bmp,,0,True,1fb4a4be6d99105e21f666e124332f796d1030daffba78adc5a577d89db96ebd,512,512,,,,,,,,,
test,CL2,ydfid/CL2/test/good/ydfid_good_001027.bmp,,0,True,5f870e7ed985bb24a4e5cc989ec42a8fcd2678cbd9c789302532d1dd55000164,512,512,,,,,,,,,
test,CL2,ydfid/CL2/test/good/ydfid_good_001028.bmp,,0,True,028b3c2ea997ddd5c049f5e8ca47f909470768924fa353a45e7b0ff76f0181b0,512,512,,,,,,,,,
test,CL2,ydfid/CL2/test/good/ydfid_good_001029.bmp,,0,True,d9939414825d1b2d2556fe3630a701927c9be20018e9a775f09d9a3aa0de3bdd,512,512,,,,,,,,,
test,CL2,ydfid/CL2/test/good/ydfid_good_001030.bmp,,0,True,3fce23aac2f892177b6b7214f9fcbdd09becee537fab427222de0adf0f9927b0,512,512,,,,,,,,,
test,CL2,ydfid/CL2/test/good/ydfid_good_001031.bmp,,0,True,595ce3b05f815c1ca3cd04c9eea1ec4edc7d831f15555faa1943ed2936ed3e81,512,512,,,,,,,,,
test,CL2,ydfid/CL2/test/good/ydfid_good_001032.bmp,,0,True,7400667e10a9eac6f90630e014c9e89d57b86bfeed05dd64306300de2957dcce,512,512,,,,,,,,,
test,CL2,ydfid/CL2/test/good/ydfid_good_001033.bmp,,0,True,d0aefed950891b806784c46907110e17731644058d647aa271c70cfb8ba58a8c,512,512,,,,,,,,,
test,CL2,ydfid/CL2/test/good/ydfid_good_001034.bmp,,0,True,343a77369a6470f454eca720fcb1d3a4515f8c3a09c9c94a23356a29bdafdc7a,512,512,,,,,,,,,
test,CL2,ydfid/CL2/test/good/ydfid_good_001035.bmp,,0,True,c9d3fb0a0d8399bde63f6b35d12696c077475c72594953253b8305cd7550d010,512,512,,,,,,,,,
test,CL2,ydfid/CL2/test/good/ydfid_good_001036.bmp,,0,True,f6e435f2ed7faeacbeda1290c6edb31e4db6de7feaa3ed3599bfceeeebbdc403,512,512,,,,,,,,,
test,CL2,ydfid/CL2/test/good/ydfid_good_001037.bmp,,0,True,7fae8a2978be680e88497265de0619346801dffed53ded947e39df7058acc54f,512,512,,,,,,,,,
test,CL2,ydfid/CL2/test/good/ydfid_good_001038.bmp,,0,True,d70b296de0eaa410c85b0dec3d3afe5593e7da702cd7000b86758b13da247b37,512,512,,,,,,,,,
test,CL2,ydfid/CL2/test/good/ydfid_good_001039.bmp,,0,True,2aee5ec6a6a341a270b3e46722cbce9529fd7c063e6a47245b11e54c8d7071cb,512,512,,,,,,,,,
test,CL2,ydfid/CL2/test/good/ydfid_good_001040.bmp,,0,True,0fc8f4ce192b2579dc4c1ab362beaad614dcf925706f3a73a7ddc96aa8f8120d,512,512,,,,,,,,,
test,CL2,ydfid/CL2/test/good/ydfid_good_001041.bmp,,0,True,c62584cf265a86fe9c435f55a595b4a25a0210902ab961b3b44418befdee5db4,512,512,,,,,,,,,
test,CL2,ydfid/CL2/test/good/ydfid_good_001042.bmp,,0,True,38cd73e617a02333742b7e0a185a4b27001c5cb296f6dca56bc6d8f3c2fba4b1,512,512,,,,,,,,,
test,CL2,ydfid/CL2/test/good/ydfid_good_001043.bmp,,0,True,dadc224b6067aeee16fa28a216c4614b438399fd3afaea35f876aeb27f44983d,512,512,,,,,,,,,
test,CL2,ydfid/CL2/test/good/ydfid_good_001044.bmp,,0,True,13a6d46f9ca0f9c4a78f04f1b422c80eeadc5496a6fd59fce569789d05d50b2d,512,512,,,,,,,,,
test,CL2,ydfid/CL2/test/good/ydfid_good_001045.bmp,,0,True,e5382f5525f2deefa98d0daf62c393474a7e78e92788fcd109b60b4257c4ab17,512,512,,,,,,,,,
test,CL2,ydfid/CL2/test/good/ydfid_good_001046.bmp,,0,True,53b1c3868aebb0cb99f7ac8c00883c67407f760bf41b338a096a00355aa90fca,512,512,,,,,,,,,
test,CL2,ydfid/CL2/test/good/ydfid_good_001047.bmp,,0,True,9e160c53553dd7b943135da6035c96c705a3b483f39d292c4393482f74f5e34e,512,512,,,,,,,,,
test,CL2,ydfid/CL2/test/good/ydfid_good_001048.bmp,,0,True,1ae99b7cb6d2b4ccd3fa7ec136b2c781b069660461b4b46f5eb9271227155e36,512,512,,,,,,,,,
test,CL2,ydfid/CL2/test/good/ydfid_good_001049.bmp,,0,True,8e792be3a16505ca92568bec70a1e144c0e2f8ccafa26466763a6214d50ba314,512,512,,,,,,,,,
test,CL2,ydfid/CL2/test/good/ydfid_good_001050.bmp,,0,True,4b38d5dcd90f56e83c1638e36ea158916ef72f1b7bf277c3a345ccdf86cfd5a1,512,512,,,,,,,,,
test,CL2,ydfid/CL2/test/good/ydfid_good_001051.bmp,,0,True,f056283f26c7ecbaeace091ff6b683512ad381d7eec412fb121860b0f1866d8c,512,512,,,,,,,,,
test,CL2,ydfid/CL2/test/good/ydfid_good_001052.bmp,,0,True,6ab7e8cc3e6523451495e49b533b51c3bbe14af72bef5a35d13dc6ea28ced90f,512,512,,,,,,,,,
test,CL2,ydfid/CL2/test/good/ydfid_good_001053.bmp,,0,True,f537180b52fb24b050a3cdc0831971b3ae3a0a9868f7d7182222b855dfecbb65,512,512,,,,,,,,,
test,CL2,ydfid/CL2/test/good/ydfid_good_001054.bmp,,0,True,9c86d608221fa419b7a05afee9c0656a00b732a7e65e158f7b02dd5bc6aa1a7c,512,512,,,,,,,,,
test,CL2,ydfid/CL2/test/good/ydfid_good_001055.bmp,,0,True,258a70bebca946b880d56be5f13232d41d4722dd46ef85834f5b7c21bbc12873,512,512,,,,,,,,,
test,CL2,ydfid/CL2/test/good/ydfid_good_001056.bmp,,0,True,a83c4931d762e762fa79b6dab43a718985ae45d39866d0289419cfaa4e10afca,512,512,,,,,,,,,
test,CL2,ydfid/CL2/test/good/ydfid_good_001057.bmp,,0,True,1c7fdfc3cca677e23a68e413c1e32aad6f6abdaaecaf8c1e46e73d5d73a8caf5,512,512,,,,,,,,,
test,CL2,ydfid/CL2/test/good/ydfid_good_001058.bmp,,0,True,44e3675e98f7bedf335b1b427c3f27cb813631c0153153b0d2563bf24068f984,512,512,,,,,,,,,
test,CL2,ydfid/CL2/test/good/ydfid_good_001059.bmp,,0,True,92d4476b8af820dcea54acaa5609a61f93f691e163c788a7239dd09ccb705a04,512,512,,,,,,,,,
test,CL2,ydfid/CL2/test/good/ydfid_good_001060.bmp,,0,True,d44d7e699ad60422898dc8e08d506624e6550a11a0e16de54c63e24614a94988,512,512,,,,,,,,,
test,CL2,ydfid/CL2/test/good/ydfid_good_001061.bmp,,0,True,1ed0a03fe78d39a0c048b97d60fc480e7c4bc43601ee236a515da0c5a1e270e2,512,512,,,,,,,,,
test,CL2,ydfid/CL2/test/good/ydfid_good_001062.bmp,,0,True,1676aa777326fbeb0f52dfc10f0ce313e99fa46ca154298ba2f617085c74ea74,512,512,,,,,,,,,
test,CL2,ydfid/CL2/test/good/ydfid_good_001063.bmp,,0,True,a8d08b490c76ae8cbc1761dc7f10d4230b2250ef0a818d8a435b851819e07955,512,512,,,,,,,,,
test,CL2,ydfid/CL2/test/good/ydfid_good_001064.bmp,,0,True,517c1bd72b8c56e1e82e926771760c142244b8ff078e1fa16b76a3a6c63ad89f,512,512,,,,,,,,,
test,CL2,ydfid/CL2/test/good/ydfid_good_001065.bmp,,0,True,1386084fcf94a53b0523bc03215a54236086e4291702f214c405d96db591e3d2,512,512,,,,,,,,,
test,CL2,ydfid/CL2/test/good/ydfid_good_001066.bmp,,0,True,27a94c2be33a77fada793e04c8fbca1ae2dd9aa2b82389900c94270a2bdf4108,512,512,,,,,,,,,
test,CL2,ydfid/CL2/test/good/ydfid_good_001067.bmp,,0,True,4d3aa26efb296f318248f894a23634aa04518180dcbe500927f3cdf554632c2b,512,512,,,,,,,,,
test,CL2,ydfid/CL2/test/good/ydfid_good_001068.bmp,,0,True,f9f99e38a0eddf635bd6193ad3ab0168b57b8ca57220314ae7c7dddbbe1eb7ec,512,512,,,,,,,,,
test,CL2,ydfid/CL2/test/good/ydfid_good_001069.bmp,,0,True,4b26352e2c47c5100de50002b199e73367a4568b32d13bf34cec90a60c352e6e,512,512,,,,,,,,,
test,CL2,ydfid/CL2/test/good/ydfid_good_001070.bmp,,0,True,973d8918d8a2ebdfdad7b7ec91490f2a7aa927ae8352046d61305e8c1c5b1826,512,512,,,,,,,,,
test,CL2,ydfid/CL2/test/good/ydfid_good_001071.bmp,,0,True,859d18e4eca5b96c656f70c5967995c9d48ee5e82743bafaaa1ddd2649f035a1,512,512,,,,,,,,,
test,CL2,ydfid/CL2/test/good/ydfid_good_001072.bmp,,0,True,b9dd7a8ea10480e7b73d84ee9464900f48614e77133a11011bc46b8724d4627d,512,512,,,,,,,,,
test,CL2,ydfid/CL2/test/good/ydfid_good_001073.bmp,,0,True,2c0e9009158d4ca0d1365b8ce4ad5984c4550577abf0dc732c88b655848a26fd,512,512,,,,,,,,,
test,CL2,ydfid/CL2/test/good/ydfid_good_001074.bmp,,0,True,e5ff9307066d57f1377748d3f45c39cfac2cdd7c900f6e479add285d69ccf629,512,512,,,,,,,,,
test,CL2,ydfid/CL2/test/good/ydfid_good_001075.bmp,,0,True,3341fcf2fab519a269f2c738815cbc2fde71bcbf1dafced8056f51306b4b60a2,512,512,,,,,,,,,
test,CL2,ydfid/CL2/test/good/ydfid_good_001076.bmp,,0,True,59c0b5007b1025a08f54a144b6617c429cba342470f887e6c2b2967bbfb6dc35,512,512,,,,,,,,,
test,CL2,ydfid/CL2/test/good/ydfid_good_001077.bmp,,0,True,121865cbd4df923f0d123dc0c47f4c7aaadedb826b6bcbacae2592ebbb2942fc,512,512,,,,,,,,,
test,CL2,ydfid/CL2/test/good/ydfid_good_001078.bmp,,0,True,f05c64c8e18d555ba3d1151e3cd4618c32b4f749b1e2e277b8b1949489f03874,512,512,,,,,,,,,
test,CL2,ydfid/CL2/test/good/ydfid_good_001079.bmp,,0,True,64949290633d54ee2f1497f33560c884ef37ea421d7f3f6e2a1d93686a8226f2,512,512,,,,,,,,,
test,CL2,ydfid/CL2/test/good/ydfid_good_001080.bmp,,0,True,d477383d71878f65075e769beca3f9cba8e79676b0efd780933662dfb917d5f5,512,512,,,,,,,,,
test,CL2,ydfid/CL2/test/good/ydfid_good_001081.bmp,,0,True,0e6f29911c9e45cbc924baa825aa7a9bc50592166ad9560aef9f33991efb1d88,512,512,,,,,,,,,
test,CL2,ydfid/CL2/test/good/ydfid_good_001082.bmp,,0,True,9c580b0a848f960760b31f831ee83b5e120d4df5bd188943db3a19cfe8805b2f,512,512,,,,,,,,,
test,CL2,ydfid/CL2/test/good/ydfid_good_001083.bmp,,0,True,34d637d952fefb0a2ba52a5dad8437bd6cfb0595d1475ec9023700c2b62a8507,512,512,,,,,,,,,
test,CL2,ydfid/CL2/test/good/ydfid_good_001084.bmp,,0,True,d06106b0effae4f6be19b2c790c87541852e57518efa63d87972617f329d63ca,512,512,,,,,,,,,
test,CL2,ydfid/CL2/test/good/ydfid_good_001085.bmp,,0,True,a0b271cc06bf670df9843d6c64a71e0fd9e8e3772dbbaf52f948f92a1a299964,512,512,,,,,,,,,
test,CL2,ydfid/CL2/test/good/ydfid_good_001086.bmp,,0,True,8a7afe996a55f65ff1a88f249fdddffa9360b93ec7b8a1c60939af667e691c44,512,512,,,,,,,,,
test,CL2,ydfid/CL2/test/good/ydfid_good_001087.bmp,,0,True,0872ccbeb31c466dd623f6d56e6c690b685722caf2dc494894b28ecf6cb09313,512,512,,,,,,,,,
test,CL2,ydfid/CL2/test/good/ydfid_good_001088.bmp,,0,True,89e0e2d35d95a178aabdfcfd8f735de84e4aaf6d2433967adc1253af81281ee1,512,512,,,,,,,,,
test,CL2,ydfid/CL2/test/good/ydfid_good_001089.bmp,,0,True,4510b2df8ba6b147d94911674a5d80110d1322f4fe608d4c43575a22e2749ed3,512,512,,,,,,,,,
test,CL2,ydfid/CL2/test/good/ydfid_good_001090.bmp,,0,True,3ead484d0494c7618c368c7204299f2f9b44dc31b663a9357f597266742da81f,512,512,,,,,,,,,
test,CL2,ydfid/CL2/test/good/ydfid_good_001091.bmp,,0,True,7dc92c2d428a5cfa14350177c28f3b63c5e35f8fa2655f632c3a7d4d637527bf,512,512,,,,,,,,,
test,CL2,ydfid/CL2/test/good/ydfid_good_001092.bmp,,0,True,c7fb2984b6933304ac6dd6d96033d0e9960a23eaac72ef425044550f560df7b5,512,512,,,,,,,,,
test,CL2,ydfid/CL2/test/good/ydfid_good_001093.bmp,,0,True,3221a94df5e4cf4de51503b7a1744ff957f845520ce488a774ecbd1958e2f40d,512,512,,,,,,,,,
test,CL2,ydfid/CL2/test/good/ydfid_good_001094.bmp,,0,True,84a172c232baf6d282b57af37bf420da0eb73d6e4429a772e3de328d275453f4,512,512,,,,,,,,,
test,CL2,ydfid/CL2/test/good/ydfid_good_001095.bmp,,0,True,22519b42890f4679e0a645ad4f79937ea0edc024e50f74b12409e3365297b2f2,512,512,,,,,,,,,
test,CL2,ydfid/CL2/test/good/ydfid_good_001096.bmp,,0,True,0c6c5d1a991708083ddb0ab57058ef036e1b594f7199a6b8bd1e06d7a35c7139,512,512,,,,,,,,,
test,CL2,ydfid/CL2/test/good/ydfid_good_001097.bmp,,0,True,15442b6ef0fca234a085859f878654ff0cdab61c95366e31b593b5a7576cfd7f,512,512,,,,,,,,,
test,CL2,ydfid/CL2/test/good/ydfid_good_001098.bmp,,0,True,3a9a822bc2337de4cacc7feb432da48fe2e4a6dc4cc8b2d3fa99263c45e8804b,512,512,,,,,,,,,
test,CL2,ydfid/CL2/test/good/ydfid_good_001099.bmp,,0,True,e25dd8442e75ca93e9b22991a1ab3cc429ef83248507b5d071e3128f89a26f73,512,512,,,,,,,,,
test,CL2,ydfid/CL2/test/good/ydfid_good_001100.bmp,,0,True,f9fd2cebc9f536ca5693137d6315a6f0c712fbadc262a177f975e2dd73c1944a,512,512,,,,,,,,,
test,CL2,ydfid/CL2/test/good/ydfid_good_001101.bmp,,0,True,a09bd6cd358760d4ecfc17c95bb7b4df2d1ac2d36ad0abab733fdaec952cf6ae,512,512,,,,,,,,,
test,CL3,ydfid/CL3/test/anomaly/ydfid_defect_001287.bmp,ydfid/CL3/ground_truth/anomaly/ydfid_defect_001287.png,1,True,d84a6f77fa597982709f29156a5d24dc64309e50b92ffe4a8ce2d8c9cf9fe8ad,512,512,True,512,512,0|255,182,0.00069427490234375,1.22727,False,
test,CL3,ydfid/CL3/test/anomaly/ydfid_defect_001288.bmp,ydfid/CL3/ground_truth/anomaly/ydfid_defect_001288.png,1,True,9b4f3434a05fa6f481c34570bb21ac86ac5881d438636ac96d1bfc456cc505e9,512,512,True,512,512,0|255,50,0.00019073486328125,1.28571,False,
test,CL3,ydfid/CL3/test/anomaly/ydfid_defect_001289.bmp,ydfid/CL3/ground_truth/anomaly/ydfid_defect_001289.png,1,True,f0e424cea536235fe2177156a4d7cbe6700480bb1f9bef60f6753446fa111c8e,512,512,True,512,512,0|255,48,0.00018310546875,1.28571,False,
test,CL3,ydfid/CL3/test/anomaly/ydfid_defect_001290.bmp,ydfid/CL3/ground_truth/anomaly/ydfid_defect_001290.png,1,True,06788b994d6070c161be292d672fd6b09a2b8a6f2d4a821fa31be169a89636a5,512,512,True,512,512,0|255,171,0.000652313232421875,1.19048,False,
test,CL3,ydfid/CL3/test/anomaly/ydfid_defect_001291.bmp,ydfid/CL3/ground_truth/anomaly/ydfid_defect_001291.png,1,True,8a406bd85f55b552af6218504dbcb96ab86ffef26cdf520d5be29223f296c419,512,512,True,512,512,0|255,1908,0.0072784423828125,1.68116,False,
test,CL3,ydfid/CL3/test/anomaly/ydfid_defect_001292.bmp,ydfid/CL3/ground_truth/anomaly/ydfid_defect_001292.png,1,True,39a798c3bed9c19865f86de901a227cc3e5b23866c610d21dcdaefd3e4b1c5bb,512,512,True,512,512,0|255,1852,0.0070648193359375,1.8254,False,
test,CL3,ydfid/CL3/test/anomaly/ydfid_defect_001293.bmp,ydfid/CL3/ground_truth/anomaly/ydfid_defect_001293.png,1,True,cf4252b0f42c91722eb1ab18f6230e0436d0d22597a64a026da1ca3b00743f56,512,512,True,512,512,0|255,44,0.0001678466796875,1.5,False,
test,CL3,ydfid/CL3/test/anomaly/ydfid_defect_001294.bmp,ydfid/CL3/ground_truth/anomaly/ydfid_defect_001294.png,1,True,a7856ab565d048a59271f3e15582b6ff00673a10ad053325bcfceb50a9862493,512,512,True,512,512,0|255,1807,0.006893157958984375,1.90164,False,
test,CL3,ydfid/CL3/test/anomaly/ydfid_defect_001295.bmp,ydfid/CL3/ground_truth/anomaly/ydfid_defect_001295.png,1,True,a25efe4b969925e75df0e069ccf776d862f06f27fa8b22ca5a02acf02f25b5ef,512,512,True,512,512,0|255,1908,0.0072784423828125,1.85484,False,
test,CL3,ydfid/CL3/test/anomaly/ydfid_defect_001296.bmp,ydfid/CL3/ground_truth/anomaly/ydfid_defect_001296.png,1,True,8629c9dcb86da163d4513b08539c33321b7f8add1e9881595d3a572e78dd2b8c,512,512,True,512,512,0|255,1766,0.00673675537109375,1.8125,False,
test,CL3,ydfid/CL3/test/anomaly/ydfid_defect_001297.bmp,ydfid/CL3/ground_truth/anomaly/ydfid_defect_001297.png,1,True,775389a86cfd38afb403199fbbc3d5e7bc4507d7944ee63a106e3d974e1481db,512,512,True,512,512,0|255,1961,0.007480621337890625,1.84375,False,
test,CL3,ydfid/CL3/test/good/ydfid_good_001197.bmp,,0,True,630409355562874d09efc051343fea077159ecc0dd7991743d757abf484e3f1f,512,512,,,,,,,,,
test,CL3,ydfid/CL3/test/good/ydfid_good_001198.bmp,,0,True,b51e2f9446026941bdbdd763aa0d8e9e21d1a8d71a72e440cdcea4704c2db4a4,512,512,,,,,,,,,
test,CL3,ydfid/CL3/test/good/ydfid_good_001199.bmp,,0,True,af56c51d2479f45c43d3c2bfa87b786155fc26d350fafef4acd6912780d48e24,512,512,,,,,,,,,
test,CL3,ydfid/CL3/test/good/ydfid_good_001200.bmp,,0,True,c278d4b19a4be425f7147660b108ded87e0b9d10b3947f46e939e8e42df5ec6b,512,512,,,,,,,,,
test,CL3,ydfid/CL3/test/good/ydfid_good_001201.bmp,,0,True,873d1f5ad4de106d83f103e3808295ca2b17f23bd566f47ed40f4c6f728d9331,512,512,,,,,,,,,
test,CL3,ydfid/CL3/test/good/ydfid_good_001202.bmp,,0,True,3261c4dc7b7ec7256d1d19e11c99e1ab20a22ca3f6221571e0d22371c28ff637,512,512,,,,,,,,,
test,CL3,ydfid/CL3/test/good/ydfid_good_001203.bmp,,0,True,ce3186a5633fd7988ba1cc0c4af062753e4c7850f783fca5bcfab0141147dd3c,512,512,,,,,,,,,
test,CL3,ydfid/CL3/test/good/ydfid_good_001204.bmp,,0,True,a25cc55491b3dce3b194f64896f5a1f3693148ef98e93c52bae1e0719196555f,512,512,,,,,,,,,
test,CL3,ydfid/CL3/test/good/ydfid_good_001205.bmp,,0,True,893b43d06a46ce176641360ab3f08d0d7453ea9667762f72f130bf9fc4f1cbe6,512,512,,,,,,,,,
test,CL3,ydfid/CL3/test/good/ydfid_good_001206.bmp,,0,True,02171d1ff6e254246236c5664099b226cad3fddd701f4c0bfd87a52e9e606230,512,512,,,,,,,,,
test,CL3,ydfid/CL3/test/good/ydfid_good_001207.bmp,,0,True,bdc2d5c5368845a88bd2302dad593b8e3e88a4b82eb0ff343a3856c46607fab6,512,512,,,,,,,,,
test,CL3,ydfid/CL3/test/good/ydfid_good_001208.bmp,,0,True,20cdaf8bc26e43c559d9adbf1c3d59e1072b136e4170704439e63e3ab27deca8,512,512,,,,,,,,,
test,CL3,ydfid/CL3/test/good/ydfid_good_001209.bmp,,0,True,e2a948ec6d7538cb4d9721e976da4e287249884a899f80fff708fa9c5ff82790,512,512,,,,,,,,,
test,CL3,ydfid/CL3/test/good/ydfid_good_001210.bmp,,0,True,3eac80ea6e6b0bd83f19e5f87e93eede9b6ed1213f7aeecaf613d1ac206ff89d,512,512,,,,,,,,,
test,CL3,ydfid/CL3/test/good/ydfid_good_001211.bmp,,0,True,757a63298ea770379d1aafe72e39d3c3dcfd3714575ee0296d7bc6ef74ca6654,512,512,,,,,,,,,
test,CL3,ydfid/CL3/test/good/ydfid_good_001212.bmp,,0,True,d99882769ed70ebdf9e86676bf16321be39a81371cd066b955881b8e1e93ec34,512,512,,,,,,,,,
test,CL3,ydfid/CL3/test/good/ydfid_good_001213.bmp,,0,True,4ef52c73fc69c4e4f58b9ea62c6a73072a8c98b73c2e3322881a1c6a8d217552,512,512,,,,,,,,,
test,CL3,ydfid/CL3/test/good/ydfid_good_001214.bmp,,0,True,814441c962219d67e95b9e61660657dbb72177d561b02c58f3c324611802ef96,512,512,,,,,,,,,
test,CL3,ydfid/CL3/test/good/ydfid_good_001215.bmp,,0,True,2fcba5ae6957e69f043df38a54f099648f23d826affd08d755d996f2d32a09e3,512,512,,,,,,,,,
test,CL3,ydfid/CL3/test/good/ydfid_good_001216.bmp,,0,True,a875cbea1b0793f39e9d30a9bf06c1de0819fd9c9a7de929bc224bc1663362fe,512,512,,,,,,,,,
test,CL3,ydfid/CL3/test/good/ydfid_good_001217.bmp,,0,True,936e0d5e0f52b735ce01b6428039ecfd2aa3bb7303e87feddacfb6a14fd2118c,512,512,,,,,,,,,
test,CL3,ydfid/CL3/test/good/ydfid_good_001218.bmp,,0,True,917b660f746874ac80df47c6b660caa1e447d5d5cf3e79e3056e91c10f2f27bf,512,512,,,,,,,,,
test,CL3,ydfid/CL3/test/good/ydfid_good_001219.bmp,,0,True,36f58dc79debb6520a89daaefff7a359cd9800fbaa5f65ad59a99861b86e1da1,512,512,,,,,,,,,
test,CL3,ydfid/CL3/test/good/ydfid_good_001220.bmp,,0,True,88805ce174a1fd2bda5d3cc61eb1cd00ce25c655cc345cc4c8caa6bf90215972,512,512,,,,,,,,,
test,CL3,ydfid/CL3/test/good/ydfid_good_001221.bmp,,0,True,67cb92ee003317ef0b6d20ae80627b6fd5d7850f805e5004d3aefab25dea28dd,512,512,,,,,,,,,
test,CL3,ydfid/CL3/test/good/ydfid_good_001222.bmp,,0,True,8a26cc70e8917c1ea1333347e4d95d4ccebbe020f18af30757b433b8e3544c05,512,512,,,,,,,,,
test,CL3,ydfid/CL3/test/good/ydfid_good_001223.bmp,,0,True,d9e8773e63ec649a45bc93ea474101f18695ad9dbbbc534f1f3d0607cae29ce0,512,512,,,,,,,,,
test,CL3,ydfid/CL3/test/good/ydfid_good_001224.bmp,,0,True,95dc119b33eb457188d11b678e0352eede60fb717897a35c23bbd526ed1ca63d,512,512,,,,,,,,,
test,CL3,ydfid/CL3/test/good/ydfid_good_001225.bmp,,0,True,096a20cd1d239862b2cbee750c99d0ac92b55538e21c45501e379f8834025cb5,512,512,,,,,,,,,
test,CL3,ydfid/CL3/test/good/ydfid_good_001226.bmp,,0,True,9e6787590b83e2316a9589f951176e697296b1d6438e334f0d73cb6e1df22c01,512,512,,,,,,,,,
test,CL3,ydfid/CL3/test/good/ydfid_good_001227.bmp,,0,True,38f68b1bf0d7e0fc2891455f8a023ff9b614e891907c59150fc6432a3ec3b081,512,512,,,,,,,,,
test,CL3,ydfid/CL3/test/good/ydfid_good_001228.bmp,,0,True,b535087b89b46e555e3a180aeb1f8c8890dc5a68a3cfdc36841cefb2d6bbd07f,512,512,,,,,,,,,
test,CL3,ydfid/CL3/test/good/ydfid_good_001229.bmp,,0,True,01ad61990afe474aa4d12e0c8be1af13ce109a6a4246873b65c5f22039662e93,512,512,,,,,,,,,
test,CL3,ydfid/CL3/test/good/ydfid_good_001230.bmp,,0,True,40d643e82b1a8d5e20f19b74aa2dead093d5f7eecdacec59aec870381dd6f00f,512,512,,,,,,,,,
test,CL3,ydfid/CL3/test/good/ydfid_good_001231.bmp,,0,True,b776c603b8e3b1c961be4c9e705d519c1eba6feb17d92fb2eb747308abf46a2c,512,512,,,,,,,,,
test,CL3,ydfid/CL3/test/good/ydfid_good_001232.bmp,,0,True,1a81fbb281920cb7cbb08749d22838110e605612e6c048c7eec708a815be2c4c,512,512,,,,,,,,,
test,CL3,ydfid/CL3/test/good/ydfid_good_001233.bmp,,0,True,10439e74487ea8b45f983bc3172c5cf0fda0dbf151c8916466aa5fcee79cd215,512,512,,,,,,,,,
test,CL3,ydfid/CL3/test/good/ydfid_good_001234.bmp,,0,True,a5bf93726a54701ff01c6d8953e2fea21700d1eb178110a9e65b1e2bbeb13635,512,512,,,,,,,,,
test,CL3,ydfid/CL3/test/good/ydfid_good_001235.bmp,,0,True,fb3a65393a75a3a3238b7f30432d30755bdd5561658265295da766aec68d2c0a,512,512,,,,,,,,,
test,CL3,ydfid/CL3/test/good/ydfid_good_001236.bmp,,0,True,acaea50c7c106bf91daa44a49ef23938004821a0eb4c5a61857289bb2d2eae0b,512,512,,,,,,,,,
test,CL3,ydfid/CL3/test/good/ydfid_good_001237.bmp,,0,True,807864f68eb86980d86a0f0d718e808b4e07f45aa55e4f751c6a8cd67059e575,512,512,,,,,,,,,
test,CL3,ydfid/CL3/test/good/ydfid_good_001238.bmp,,0,True,2c96ab0b2ed808dc26848ea5ac081dd3c1abbf76b704585d84bd04e27c5c3933,512,512,,,,,,,,,
test,CL3,ydfid/CL3/test/good/ydfid_good_001239.bmp,,0,True,9d9d69c34c5531b3e7b5fb1e71196eb79982c5db00409b4762e9d547b07d092d,512,512,,,,,,,,,
test,CL3,ydfid/CL3/test/good/ydfid_good_001240.bmp,,0,True,7bbd61673a66e3104c495f54310b9d7a3f5ef6d0a33d410c6a09d2df0424f511,512,512,,,,,,,,,
test,CL3,ydfid/CL3/test/good/ydfid_good_001241.bmp,,0,True,041985885fb4c8b026b1d2341fb889193150d59d185a22dcca7138ebfd4304a7,512,512,,,,,,,,,
test,CL3,ydfid/CL3/test/good/ydfid_good_001242.bmp,,0,True,2d7d22cfdcbd610b8eb26929bd2b941a7fff30fc359df2e6729a599fd6f81d6b,512,512,,,,,,,,,
test,CL3,ydfid/CL3/test/good/ydfid_good_001243.bmp,,0,True,fffdce739d4c3e48ab137990d75f6b966b46a7a67f4d8c7a55110edbc8572b04,512,512,,,,,,,,,
test,CL3,ydfid/CL3/test/good/ydfid_good_001244.bmp,,0,True,f0579b0ec9cbef06f426283b5c0f435dc3d8831ae590d01bf8b2e552bd9de4aa,512,512,,,,,,,,,
test,CL3,ydfid/CL3/test/good/ydfid_good_001245.bmp,,0,True,3bbd5dc5cb05d8cd0561f379fe41c097ead75aa547e59fe20baf6f91313ebddc,512,512,,,,,,,,,
test,CL3,ydfid/CL3/test/good/ydfid_good_001246.bmp,,0,True,7f623490d926bce97d17992efa4ce3af4627547a7bd3700a638dd364b7b9d36c,512,512,,,,,,,,,
test,CL3,ydfid/CL3/test/good/ydfid_good_001247.bmp,,0,True,f4c8a0727281a98c932e4e7c266fe8ac09436476f1372b501f555b4ebc9b06a1,512,512,,,,,,,,,
test,CL3,ydfid/CL3/test/good/ydfid_good_001248.bmp,,0,True,452b6dc3b07372aebad13df8c624dabcbe91afe4c0846a2c18af7a2fdae3bf16,512,512,,,,,,,,,
test,CL3,ydfid/CL3/test/good/ydfid_good_001249.bmp,,0,True,94243f0602f401b3f269d1fe9a00cc55c23bfc4e1843ca9e5033678c35bcf6ee,512,512,,,,,,,,,
test,CL3,ydfid/CL3/test/good/ydfid_good_001250.bmp,,0,True,168c9b8d4052e8071811a31b7a15489d04b91934c64cc870d71ca09a790de50c,512,512,,,,,,,,,
test,CL3,ydfid/CL3/test/good/ydfid_good_001251.bmp,,0,True,abc3ff834092c0b1c01899404ec1e8214ace47aab14fd8e642ef768dd6ba4bc3,512,512,,,,,,,,,
test,CL3,ydfid/CL3/test/good/ydfid_good_001252.bmp,,0,True,7677426ae2d1b10d297b1317fe93201a5ce8cb1b8ba09eb1195190eb6a62f5bc,512,512,,,,,,,,,
test,CL3,ydfid/CL3/test/good/ydfid_good_001253.bmp,,0,True,aa02be55c507c113f8544c03eac3adb73a57320a5c9efb5f5406e7cd5964b68e,512,512,,,,,,,,,
test,CL3,ydfid/CL3/test/good/ydfid_good_001254.bmp,,0,True,5ea7cdc70ee630ca99b5d8d48781c3cbc22491bec66fbe4d226c5c93aacc75e8,512,512,,,,,,,,,
test,CL3,ydfid/CL3/test/good/ydfid_good_001255.bmp,,0,True,8b4a3d1e5ffcd4bcf8243418c9ec8771eeb6ba605c1ea6c7e3421471f5c03deb,512,512,,,,,,,,,
test,CL3,ydfid/CL3/test/good/ydfid_good_001256.bmp,,0,True,31a1dbdf7c730fb8b54b456bc1490a2ecce49bf0683a89eb54625d4b4e87b72d,512,512,,,,,,,,,
test,CL3,ydfid/CL3/test/good/ydfid_good_001257.bmp,,0,True,5010872f2bdd06ff9b76b7c4fcc2e128ec8eb1ee90bbb45bb8a377a725ce34c6,512,512,,,,,,,,,
test,CL3,ydfid/CL3/test/good/ydfid_good_001258.bmp,,0,True,3fc8888de029233f4e6f49fa6dc7763f05e8f150c1a7934427dea8768318e273,512,512,,,,,,,,,
test,CL3,ydfid/CL3/test/good/ydfid_good_001259.bmp,,0,True,8a43ee0327e8e63fee1ef23e97c0e5b08ae9264c8ba4e77c005fdb38acd64358,512,512,,,,,,,,,
test,CL3,ydfid/CL3/test/good/ydfid_good_001260.bmp,,0,True,63e1ef0d7af2510a518f1e838f05f0a9d71718838e2e8eccc9be296631466463,512,512,,,,,,,,,
test,CL3,ydfid/CL3/test/good/ydfid_good_001261.bmp,,0,True,589fabd3a3c3354b11ba7ad01ac2bff096653972980efc532f17404c004133ea,512,512,,,,,,,,,
test,CL3,ydfid/CL3/test/good/ydfid_good_001262.bmp,,0,True,abcbced2aeebb845170a375660af6dd4b320f6b205a19dec5451549a51673c2e,512,512,,,,,,,,,
test,CL3,ydfid/CL3/test/good/ydfid_good_001263.bmp,,0,True,8db9189e61d3944e1fd97fe765c69ee769da2c77a49d4557e8d61eec3a03d439,512,512,,,,,,,,,
test,CL3,ydfid/CL3/test/good/ydfid_good_001264.bmp,,0,True,b0070d5cbfe1aef4b8b86aec7d57b64e41528a56966a66f6cbecb5408750d87a,512,512,,,,,,,,,
test,CL3,ydfid/CL3/test/good/ydfid_good_001265.bmp,,0,True,6d7f98d49763000243d4bc529738424601bf8798aca001fc51fafdcaa45721a9,512,512,,,,,,,,,
test,CL3,ydfid/CL3/test/good/ydfid_good_001266.bmp,,0,True,999583b46a068788f08d3cc4f8b9a14d3c1392a2a19f398cddd1c70fdecd7576,512,512,,,,,,,,,
test,CL3,ydfid/CL3/test/good/ydfid_good_001267.bmp,,0,True,17a3acf414155c07c0db3e9387bbec50f0b32aa8259a2113e522de2a41987351,512,512,,,,,,,,,
test,CL3,ydfid/CL3/test/good/ydfid_good_001268.bmp,,0,True,fb20b8942addc12d87e0229f3838ca4d3b7166b70d9c58c7099bc4ec9d21da4d,512,512,,,,,,,,,
test,CL3,ydfid/CL3/test/good/ydfid_good_001269.bmp,,0,True,d2d6dbc274c433d13cce1c769a2afc8517d92454edb22891ec76924adee83c62,512,512,,,,,,,,,
test,CL3,ydfid/CL3/test/good/ydfid_good_001270.bmp,,0,True,e0be2c3bf4e0ef284f14c0af99201b20466c5778cf61dc9237bb6dbf3887531b,512,512,,,,,,,,,
test,CL3,ydfid/CL3/test/good/ydfid_good_001271.bmp,,0,True,14f847c4726222a7fbe0c0db8ea2da840fcb57bb6cff7de770014ddc6caa84b1,512,512,,,,,,,,,
test,CL3,ydfid/CL3/test/good/ydfid_good_001272.bmp,,0,True,1ed533ef2d7bcfcd85bee54f27b5efb4f2e62e98ac0e1ad77971e5c74a0ac727,512,512,,,,,,,,,
test,CL3,ydfid/CL3/test/good/ydfid_good_001273.bmp,,0,True,e6f11c74a67346da275998a6603539af5b9d16e4d8c709f1dd222e2a689b1679,512,512,,,,,,,,,
test,CL3,ydfid/CL3/test/good/ydfid_good_001274.bmp,,0,True,8cb0f9d807998793bb66aecdd8b88e37b4dd353b5f0656e90c99cdb0c63485c3,512,512,,,,,,,,,
test,CL3,ydfid/CL3/test/good/ydfid_good_001275.bmp,,0,True,9616e17a40b51bb74b0b10dd596e0770a07d121792384e27f3cee2158c9a57cf,512,512,,,,,,,,,
test,CL3,ydfid/CL3/test/good/ydfid_good_001276.bmp,,0,True,e2087fe3264a32a64757c470ae9af1060ce7616c9ed74b04745788ab613e2593,512,512,,,,,,,,,
test,CL3,ydfid/CL3/test/good/ydfid_good_001277.bmp,,0,True,ff9d93e1276c0a95112602f3107d37a673fad331457c69ac3a3f6d4927074db4,512,512,,,,,,,,,
test,CL3,ydfid/CL3/test/good/ydfid_good_001278.bmp,,0,True,6016abca37c31e994a4e5b82c076e36b6e190bf9081725d7cb29b1595ba2f5fe,512,512,,,,,,,,,
test,CL3,ydfid/CL3/test/good/ydfid_good_001279.bmp,,0,True,eed170bc5f8d5a0c168fb735df18e76169ef0a3a5febc16c24006740acff01fb,512,512,,,,,,,,,
test,CL3,ydfid/CL3/test/good/ydfid_good_001280.bmp,,0,True,6d7a73453e5c9274883869bd8d7e821ed6d69e8361334d2ddc991fd93cff723d,512,512,,,,,,,,,
test,CL3,ydfid/CL3/test/good/ydfid_good_001281.bmp,,0,True,c5a18ae254c432e632fdaf1d29abb4815a3a1498a0b53eb6e7dcac3bfe389b13,512,512,,,,,,,,,
test,CL3,ydfid/CL3/test/good/ydfid_good_001282.bmp,,0,True,3fc7961f4b044a1bcd5384b05eb8690b4fc8c6f9227d2032f9c4e8878435a930,512,512,,,,,,,,,
test,CL3,ydfid/CL3/test/good/ydfid_good_001283.bmp,,0,True,00dfec555f8886f0d53e22e8286ebbbbeaa7241d1184c249c223fcacf722f319,512,512,,,,,,,,,
test,CL3,ydfid/CL3/test/good/ydfid_good_001284.bmp,,0,True,13312b230cb4c7e475d0ee06e735598fc01c531b344e6fe6bb10c27fdc2d9ab1,512,512,,,,,,,,,
test,CL3,ydfid/CL3/test/good/ydfid_good_001285.bmp,,0,True,b448710bf25288c8835e85237d04c9b8345cc8b6c4da2ce6beae30a1691e71c8,512,512,,,,,,,,,
test,CL3,ydfid/CL3/test/good/ydfid_good_001286.bmp,,0,True,6e67bd0a5191af5e5edd60ae220dc0a2bd23bd4e93c0d16c85e380181e262686,512,512,,,,,,,,,
test,CL4,ydfid/CL4/test/anomaly/ydfid_defect_001630.bmp,ydfid/CL4/ground_truth/anomaly/ydfid_defect_001630.png,1,True,e5f20b1a93edb74c0365ae3d68b6c4f618a9da7d74519897240ceceb9f9095ac,512,512,True,512,512,0|255,2064,0.00787353515625,1.5125,False,
test,CL4,ydfid/CL4/test/anomaly/ydfid_defect_001631.bmp,ydfid/CL4/ground_truth/anomaly/ydfid_defect_001631.png,1,True,33819e6bcebe8624461d8719ebb0420f50f4bde1d5d46e564c1354a944df6b28,512,512,True,512,512,0|255,80,0.00030517578125,1.05263,False,
test,CL4,ydfid/CL4/test/anomaly/ydfid_defect_001632.bmp,ydfid/CL4/ground_truth/anomaly/ydfid_defect_001632.png,1,True,6213886dc6825c9b13b1434b86c0d285dd3bbf7e5b5e5f1c7c945c7b50e59461,512,512,True,512,512,0|255,2164,0.0082550048828125,2.29487,False,
test,CL4,ydfid/CL4/test/anomaly/ydfid_defect_001633.bmp,ydfid/CL4/ground_truth/anomaly/ydfid_defect_001633.png,1,True,be801a0351e146404bc5c80e850659fcd36c9aa30933f47bceaf2a5351da30bd,512,512,True,512,512,0|255,152,0.000579833984375,1.05,False,
test,CL4,ydfid/CL4/test/anomaly/ydfid_defect_001634.bmp,ydfid/CL4/ground_truth/anomaly/ydfid_defect_001634.png,1,True,0c451d3eec087d4c6e5d3589ad082c12f069803e4bc416682b410f5a360d97c1,512,512,True,512,512,0|255,1096,0.004180908203125,9.15385,False,
test,CL4,ydfid/CL4/test/anomaly/ydfid_defect_001635.bmp,ydfid/CL4/ground_truth/anomaly/ydfid_defect_001635.png,1,True,18142f082ac4bde2f5a2aa3b8be1ddeacffaec2d6aa32e9274b52b6f70e00aed,512,512,True,512,512,0|255,3324,0.0126800537109375,1.71357,False,
test,CL4,ydfid/CL4/test/anomaly/ydfid_defect_001636.bmp,ydfid/CL4/ground_truth/anomaly/ydfid_defect_001636.png,1,True,533e2dc6c3b1a0118e94149bbaf58fdaa1e78692762927c3d22eb383e4ed253d,512,512,True,512,512,0|255,2687,0.010250091552734375,2.32836,False,
test,CL4,ydfid/CL4/test/anomaly/ydfid_defect_001637.bmp,ydfid/CL4/ground_truth/anomaly/ydfid_defect_001637.png,1,True,eb4f97f16e6ace9d1e8406145ad41d605cda3c63a578e480b1984eb1e8c7a9e1,512,512,True,512,512,0|255,523,0.001995086669921875,2.65,False,
test,CL4,ydfid/CL4/test/anomaly/ydfid_defect_001638.bmp,ydfid/CL4/ground_truth/anomaly/ydfid_defect_001638.png,1,True,7e8105b0572ce0f0fb62926885c017e37a9a73aa1a12a6dca71e9cc4c8d13a63,512,512,True,512,512,0|255,445,0.001697540283203125,1.56667,False,
test,CL4,ydfid/CL4/test/anomaly/ydfid_defect_001639.bmp,ydfid/CL4/ground_truth/anomaly/ydfid_defect_001639.png,1,True,8a517b96e84cf5e99585cac4787fb70fa6685e70507b12edfc1977370fa7f179,512,512,True,512,512,0|255,450,0.00171661376953125,3.0,False,
test,CL4,ydfid/CL4/test/anomaly/ydfid_defect_001640.bmp,ydfid/CL4/ground_truth/anomaly/ydfid_defect_001640.png,1,True,6214f25bf7817faff84e44b12270c484f61f755e6db59a550e1c4f36837b2229,512,512,True,512,512,0|255,3648,0.013916015625,1.3089,False,
test,CL4,ydfid/CL4/test/anomaly/ydfid_defect_001641.bmp,ydfid/CL4/ground_truth/anomaly/ydfid_defect_001641.png,1,True,cca6513ecb44006085821bcabe9a99ccc9a53d94c442391bb729ef541db47f8d,512,512,True,512,512,0|255,531,0.002025604248046875,21.4,False,
test,CL4,ydfid/CL4/test/good/ydfid_good_001464.bmp,,0,True,b55dcd9250113e13d946531a442cd37a52a908350c341649f78b64291d3f33d4,512,512,,,,,,,,,
test,CL4,ydfid/CL4/test/good/ydfid_good_001465.bmp,,0,True,4bb977d7640f52acf9abdb7b511d5ff65cf35b48d9b74709590bdc8f318d18db,512,512,,,,,,,,,
test,CL4,ydfid/CL4/test/good/ydfid_good_001466.bmp,,0,True,e3ae473a79fa6ecb0ce67339d2b8bba5d9b5fa9e2376c6156d160485a9d18a3f,512,512,,,,,,,,,
test,CL4,ydfid/CL4/test/good/ydfid_good_001467.bmp,,0,True,bf4f568949a79fd35513b4d07be88aaebf4ade380efc16aa8cbc622217247d73,512,512,,,,,,,,,
test,CL4,ydfid/CL4/test/good/ydfid_good_001468.bmp,,0,True,dc0d07c1d178a42880a43c6681a1e747bc5cf5077deee2a54cb9338150d4bf63,512,512,,,,,,,,,
test,CL4,ydfid/CL4/test/good/ydfid_good_001469.bmp,,0,True,721b413078169f5f840bcfc6d1d849540a1508a7f778aa8fae2d72015860cb9b,512,512,,,,,,,,,
test,CL4,ydfid/CL4/test/good/ydfid_good_001470.bmp,,0,True,8fc4f7ec9bf9a356fefb76214dd9cc90535fd9ebc4755273853b78bfb7209e36,512,512,,,,,,,,,
test,CL4,ydfid/CL4/test/good/ydfid_good_001471.bmp,,0,True,436380787a27082eff5a772656e29786dd1217108efc8f8f100bda6a98ecf600,512,512,,,,,,,,,
test,CL4,ydfid/CL4/test/good/ydfid_good_001472.bmp,,0,True,b4db925c136269a14c20c0153837f8ac582e7444f9eb546d059cb72141e0b07c,512,512,,,,,,,,,
test,CL4,ydfid/CL4/test/good/ydfid_good_001473.bmp,,0,True,8992441bf1ebc77c7ba5e4ce7fb6df3135b84f346b17c9cd33533eb0810b63bb,512,512,,,,,,,,,
test,CL4,ydfid/CL4/test/good/ydfid_good_001474.bmp,,0,True,59006adfa85ee3e4b8763094a5c9d3dfa360768d14fd71e16caab3ceaf1dd649,512,512,,,,,,,,,
test,CL4,ydfid/CL4/test/good/ydfid_good_001475.bmp,,0,True,e91c0e16ec80d703a7ccc2f98d80842c2848ffb0f8bf3b2c83f33c40ce60318c,512,512,,,,,,,,,
test,CL4,ydfid/CL4/test/good/ydfid_good_001476.bmp,,0,True,0fd107224e05c02f34adc45f1171b0f9c8f0b888869569d00696d5e6df2c865c,512,512,,,,,,,,,
test,CL4,ydfid/CL4/test/good/ydfid_good_001477.bmp,,0,True,8500831c3c1e85ed1dc13f33fcf65803d68c189f291dc0274192f1e8de5e41b7,512,512,,,,,,,,,
test,CL4,ydfid/CL4/test/good/ydfid_good_001478.bmp,,0,True,84b457430648075edf12488236ac090f13a6eb9b47c25217c008a644cff2f815,512,512,,,,,,,,,
test,CL4,ydfid/CL4/test/good/ydfid_good_001479.bmp,,0,True,462963951f1fc4301e356213cfbe61eebab2f6182c6b0894b12d0ff39481a5de,512,512,,,,,,,,,
test,CL4,ydfid/CL4/test/good/ydfid_good_001480.bmp,,0,True,bc5ed75d96755af55f16a5731696b5ca99e73ca1b6a55db60ac2a1f228ed6a55,512,512,,,,,,,,,
test,CL4,ydfid/CL4/test/good/ydfid_good_001481.bmp,,0,True,d4a1d0f291bdf03295179788031e958dd0f254f7314615ec677c1e576f24a5a0,512,512,,,,,,,,,
test,CL4,ydfid/CL4/test/good/ydfid_good_001482.bmp,,0,True,c4d28665dc63e7dc599377b4d3627cdc1cf67b6bce9623170612de270e6d25b1,512,512,,,,,,,,,
test,CL4,ydfid/CL4/test/good/ydfid_good_001483.bmp,,0,True,4f9f160615a67ee74cdb5ed1662721f29070eb97ff75d609c7259c66762316e5,512,512,,,,,,,,,
test,CL4,ydfid/CL4/test/good/ydfid_good_001484.bmp,,0,True,c1fd29650e2f49356510190d61e63b7a7692ba46b005a39b68fe525a24943d65,512,512,,,,,,,,,
test,CL4,ydfid/CL4/test/good/ydfid_good_001485.bmp,,0,True,3470ecc5cec0e00c7e565ab7cf8e67ce71626005b4aa54fbbc33c48a3140fc55,512,512,,,,,,,,,
test,CL4,ydfid/CL4/test/good/ydfid_good_001486.bmp,,0,True,0164ecf0225b09cd1f19b2a173c53917db6a8154b1b5f8917da077e60c1e1cf7,512,512,,,,,,,,,
test,CL4,ydfid/CL4/test/good/ydfid_good_001487.bmp,,0,True,c8bbc2fdd2a7fe3da1b89dd91eec0d39fa34e2f491715437ea1eb903270c28fa,512,512,,,,,,,,,
test,CL4,ydfid/CL4/test/good/ydfid_good_001488.bmp,,0,True,c061d893a387f6ca00f90bf912ac06da313768c2bf1e701fc73a18d5ef182db4,512,512,,,,,,,,,
test,CL4,ydfid/CL4/test/good/ydfid_good_001489.bmp,,0,True,147d0af56ce4ce03cfc6b7323bf1c92e2b38228f90e259994299fe043cde5e85,512,512,,,,,,,,,
test,CL4,ydfid/CL4/test/good/ydfid_good_001490.bmp,,0,True,6c67b63b5fcff20bb42081381d7b90d075a85e749ad32e0b259d241b212ac236,512,512,,,,,,,,,
test,CL4,ydfid/CL4/test/good/ydfid_good_001491.bmp,,0,True,444cf8496279aa1fda5a9609a08d0af04c62a8031b8fcfd77b68ca48506fad86,512,512,,,,,,,,,
test,CL4,ydfid/CL4/test/good/ydfid_good_001492.bmp,,0,True,71cb3f672a1e31583bc76a75a61a71efc1c39f8ecfb254fd95b5fddf82c4ccc4,512,512,,,,,,,,,
test,CL4,ydfid/CL4/test/good/ydfid_good_001493.bmp,,0,True,03c9770b461afd8595ac07b0347806aa1443e332e2a0ffe2ef7a4fcbf15f00bc,512,512,,,,,,,,,
test,CL4,ydfid/CL4/test/good/ydfid_good_001494.bmp,,0,True,73b071d239d1aecbae4cc091316b5016fc26e94cbd06f25f31b042cf19f996b1,512,512,,,,,,,,,
test,CL4,ydfid/CL4/test/good/ydfid_good_001495.bmp,,0,True,bf0c54336c38cd36db4d171e4ec636bd836b58be8f7521b1bd414ef100951aa0,512,512,,,,,,,,,
test,CL4,ydfid/CL4/test/good/ydfid_good_001496.bmp,,0,True,8555ef7d1022c51faddf5cbcbfc9daac9b446a8606ad13b264d4d6bfb505695f,512,512,,,,,,,,,
test,CL4,ydfid/CL4/test/good/ydfid_good_001497.bmp,,0,True,feda3c3e50c5fb7af62f31b27fb333a66e1072b7d17faa195d962929e9239892,512,512,,,,,,,,,
test,CL4,ydfid/CL4/test/good/ydfid_good_001498.bmp,,0,True,57dccb3d71e774e80436dac22b494e5bbafb9f37b5db801386ef0520f78f2c3a,512,512,,,,,,,,,
test,CL4,ydfid/CL4/test/good/ydfid_good_001499.bmp,,0,True,627d96a6aece6ef2bc5d1052cca674213684bee2e64611049715e3aae6b12398,512,512,,,,,,,,,
test,CL4,ydfid/CL4/test/good/ydfid_good_001500.bmp,,0,True,74c9abce0fa4e93601b139c664fbf53e85984574250243368fd4681de7643c79,512,512,,,,,,,,,
test,CL4,ydfid/CL4/test/good/ydfid_good_001501.bmp,,0,True,6cbb4fdc7032fb1b77964b0becf8380a47344d7750a60894e033e273de100627,512,512,,,,,,,,,
test,CL4,ydfid/CL4/test/good/ydfid_good_001502.bmp,,0,True,ed8298ec685ed6a66bd1fc5458662ebf622c4ec2ecad32c9381d9e01b3b1b36b,512,512,,,,,,,,,
test,CL4,ydfid/CL4/test/good/ydfid_good_001503.bmp,,0,True,e805f60c0266c20f7fb54a50bb924b4736c5bb4d7169da067aea2344e5a74113,512,512,,,,,,,,,
test,CL4,ydfid/CL4/test/good/ydfid_good_001504.bmp,,0,True,7e28b4dd0a4addc8822e5bd4fd8c023ef0c3ee24db09ce8f760475d4d2817a43,512,512,,,,,,,,,
test,CL4,ydfid/CL4/test/good/ydfid_good_001505.bmp,,0,True,e4af350943076d99a9004a65eb54baf0338b47271e33a36b112e42cf54261973,512,512,,,,,,,,,
test,CL4,ydfid/CL4/test/good/ydfid_good_001506.bmp,,0,True,7811a7db8f01ad4541ec68664681ff0058d7b61491f2d9aacce58378f325aa75,512,512,,,,,,,,,
test,CL4,ydfid/CL4/test/good/ydfid_good_001507.bmp,,0,True,813f53ef99054ffa857755ddb5d243424b6a94651ab56d21def72820a8f978c5,512,512,,,,,,,,,
test,CL4,ydfid/CL4/test/good/ydfid_good_001508.bmp,,0,True,a13510b9e5722a481ccc7c22e12afb7649d13dbb9fc998f3e3dbeda2221b3b35,512,512,,,,,,,,,
test,CL4,ydfid/CL4/test/good/ydfid_good_001509.bmp,,0,True,0a64f9be87e8549d001af772123ff4305ed4777b66a8619be355c216e9cee54d,512,512,,,,,,,,,
test,CL4,ydfid/CL4/test/good/ydfid_good_001510.bmp,,0,True,afb97037dfec7500009371b7676f49c117e72c287e40e8250eb1815baac3e18d,512,512,,,,,,,,,
test,CL4,ydfid/CL4/test/good/ydfid_good_001511.bmp,,0,True,e9ead879df89313c59eb046229400415302519fc2d6639939b37f3723ca7f2b0,512,512,,,,,,,,,
test,CL4,ydfid/CL4/test/good/ydfid_good_001512.bmp,,0,True,49f30a6e5a91533f2d96776173fbd06fe23b4aea4b2ef6b4c9fe658200594cc4,512,512,,,,,,,,,
test,CL4,ydfid/CL4/test/good/ydfid_good_001513.bmp,,0,True,fa4a99f402ad2c318b267a6f531ff4081a0d06fee1e0465bb67ca62dd7f738ed,512,512,,,,,,,,,
test,CL4,ydfid/CL4/test/good/ydfid_good_001514.bmp,,0,True,fdce774598809bbec1eeeea256312010a56aaa090f01f61e0a58d9185d9a3665,512,512,,,,,,,,,
test,CL4,ydfid/CL4/test/good/ydfid_good_001515.bmp,,0,True,535ff07a4309b832f517316e9cdb3c931361d83f1e385590e70bc32e3898ab49,512,512,,,,,,,,,
test,CL4,ydfid/CL4/test/good/ydfid_good_001516.bmp,,0,True,909befc8208ab0cd9d5aafff9d090c2ded80e7668a57050940027a6d13e8e328,512,512,,,,,,,,,
test,CL4,ydfid/CL4/test/good/ydfid_good_001517.bmp,,0,True,68550849c2aa0f0569c2fa383bd5027579ee0349f6ed6b5871b5d5e23926e244,512,512,,,,,,,,,
test,CL4,ydfid/CL4/test/good/ydfid_good_001518.bmp,,0,True,573c78bda8551ac4f2f3d26c86e9304bfcf5abf01809356d1cc9f0b0915888de,512,512,,,,,,,,,
test,CL4,ydfid/CL4/test/good/ydfid_good_001519.bmp,,0,True,e8276f5e647b747aeb73d157d7a324e118b3627d1f41c7554484c8099c5f0919,512,512,,,,,,,,,
test,CL4,ydfid/CL4/test/good/ydfid_good_001520.bmp,,0,True,17e696ed26d4f908be4bb8143d5291b822642fb4033f8dd921fffa0437e39694,512,512,,,,,,,,,
test,CL4,ydfid/CL4/test/good/ydfid_good_001521.bmp,,0,True,357d938dbafea72714c0fd4004cea3078fc82498740b0653c9eba6dfb2ba264f,512,512,,,,,,,,,
test,CL4,ydfid/CL4/test/good/ydfid_good_001522.bmp,,0,True,b2eaed9bfe805973f0d847b0a226aece5e47334c2efedb0d91932598c7495774,512,512,,,,,,,,,
test,CL4,ydfid/CL4/test/good/ydfid_good_001523.bmp,,0,True,dd578023959e29efffe4a9c2f2a2e29c3a7ad449ef12501730172c42f4972807,512,512,,,,,,,,,
test,CL4,ydfid/CL4/test/good/ydfid_good_001524.bmp,,0,True,14bcb5f922365e30136f85feb60137b1300e06f534c756917e09baa7d6c94e65,512,512,,,,,,,,,
test,CL4,ydfid/CL4/test/good/ydfid_good_001525.bmp,,0,True,a7bc3023f7ef4feedaa62b8fa9903e192868f74acd37c90eb547b9c447572ad6,512,512,,,,,,,,,
test,CL4,ydfid/CL4/test/good/ydfid_good_001526.bmp,,0,True,17afed1fa6f38b7f262f7e14d04a05e37a76cc8d717d8248f8b560a759f4d2d8,512,512,,,,,,,,,
test,CL4,ydfid/CL4/test/good/ydfid_good_001527.bmp,,0,True,63030a591be716fc5730de203adaf4cdc9b3fc0a8797756b50d94e0c0d9c91c6,512,512,,,,,,,,,
test,CL4,ydfid/CL4/test/good/ydfid_good_001528.bmp,,0,True,829748836833d07809efa6b7420bc0fc7971655135683e30561d137de0a7bcfd,512,512,,,,,,,,,
test,CL4,ydfid/CL4/test/good/ydfid_good_001529.bmp,,0,True,31a4892e0196a0102485cf471b42d441588716f13b947bd65935c0520e21f797,512,512,,,,,,,,,
test,CL4,ydfid/CL4/test/good/ydfid_good_001530.bmp,,0,True,b2712fd51a0069db98a0b2d300c26cce6806ff24a2c39146934ef566705b55a6,512,512,,,,,,,,,
test,CL4,ydfid/CL4/test/good/ydfid_good_001531.bmp,,0,True,6d373806f8217486e6f25e74cb7c935255a205455cd23f963ac7713bebe52759,512,512,,,,,,,,,
test,CL4,ydfid/CL4/test/good/ydfid_good_001532.bmp,,0,True,a3ce6707e50453a9dc3e87f45c227b3ed6f9cc4dcfd9663f5cd17a2b0ab010f3,512,512,,,,,,,,,
test,CL4,ydfid/CL4/test/good/ydfid_good_001533.bmp,,0,True,268ad4ed450ab8fe35adad5cd63b61354e21d9b0f2bcaac874443d8715c313a1,512,512,,,,,,,,,
test,CL4,ydfid/CL4/test/good/ydfid_good_001534.bmp,,0,True,99e23d247cf83107c02013f8731e1e061e164bfa125c71d694115b32502f70ef,512,512,,,,,,,,,
test,CL4,ydfid/CL4/test/good/ydfid_good_001535.bmp,,0,True,54d099d0615f273da6954d87f31f861c5b18fdc8215338c13634e8a5b8de250d,512,512,,,,,,,,,
test,CL4,ydfid/CL4/test/good/ydfid_good_001536.bmp,,0,True,1b942d9bb0c5f68ceb156b0988bae2775627d70d14c7a6c163fbd50ce4a2fc69,512,512,,,,,,,,,
test,CL4,ydfid/CL4/test/good/ydfid_good_001537.bmp,,0,True,6a185d104c6dc78d8fa9720e4cab2ee12e546478648e4a68385e113ccab10651,512,512,,,,,,,,,
test,CL4,ydfid/CL4/test/good/ydfid_good_001538.bmp,,0,True,843953ae2bd3767d2358f0d9d0b8dcc9d2068baf20e9ecb888adf46b39e588f6,512,512,,,,,,,,,
test,CL4,ydfid/CL4/test/good/ydfid_good_001539.bmp,,0,True,c70ceb29b0f0dfd5f8aecf8ae33a2f30aa232430f78456cdfa72b5b07fccb84b,512,512,,,,,,,,,
test,CL4,ydfid/CL4/test/good/ydfid_good_001540.bmp,,0,True,79003565019ba412674292baaae64c28eb0fb4cd992ac6941200e7c50c6eb02e,512,512,,,,,,,,,
test,CL4,ydfid/CL4/test/good/ydfid_good_001541.bmp,,0,True,e6b99fc8fe331e995952a100f1e1292ba10eb4363aaa90ea3174001fcf4a38fe,512,512,,,,,,,,,
test,CL4,ydfid/CL4/test/good/ydfid_good_001542.bmp,,0,True,1cc6bae0e90c6673cd4674e528c81f19b5859b0a05686127472f11834892d858,512,512,,,,,,,,,
test,CL4,ydfid/CL4/test/good/ydfid_good_001543.bmp,,0,True,7b4b71eaed95e987125a85af37298516e1c418858a9a341d565d58fbcd5a2e1f,512,512,,,,,,,,,
test,CL4,ydfid/CL4/test/good/ydfid_good_001544.bmp,,0,True,38e4d27bf7574a3c6fb71640ff612e700216a57e0424fb0edd24cd9bf6e836da,512,512,,,,,,,,,
test,CL4,ydfid/CL4/test/good/ydfid_good_001545.bmp,,0,True,2c90dde36c5aef65390a9e4c86825df29ff024c89c26f11741925793e37e6919,512,512,,,,,,,,,
test,CL4,ydfid/CL4/test/good/ydfid_good_001546.bmp,,0,True,27073a3259c5e64b4292e31e416b013a5ce9e4171b510c03ec0287a8033a15fd,512,512,,,,,,,,,
test,CL4,ydfid/CL4/test/good/ydfid_good_001547.bmp,,0,True,201e91f639c4f60981043d7e6be3015ed18480a02a9a0c80d03596fa9681623f,512,512,,,,,,,,,
test,CL4,ydfid/CL4/test/good/ydfid_good_001548.bmp,,0,True,ade7376f0dbd3743b6a3fafde279287170cbac37bfea38c53155270515bdd360,512,512,,,,,,,,,
test,CL4,ydfid/CL4/test/good/ydfid_good_001549.bmp,,0,True,79d6feba675d6ac1f7d2d69756966e59eced233ec61387ecc4392051822ac96c,512,512,,,,,,,,,
test,CL4,ydfid/CL4/test/good/ydfid_good_001550.bmp,,0,True,4234daabd5b34039b025bd7b0f1a617f9b9a39b8a6359c0727636d0a0f308370,512,512,,,,,,,,,
test,CL4,ydfid/CL4/test/good/ydfid_good_001551.bmp,,0,True,8d5b498b976ac93338393a702de23eed006a3a9f6ceb18afd6f4f65202f6a3b1,512,512,,,,,,,,,
test,CL4,ydfid/CL4/test/good/ydfid_good_001552.bmp,,0,True,c17c638699767086930e4c30c9941afc5606e6c7164d74cbad7dbb4caae8b7c2,512,512,,,,,,,,,
test,CL4,ydfid/CL4/test/good/ydfid_good_001553.bmp,,0,True,1f4005b75d8b004e6bf1741e8ad035af8d38456f9a57786b4e0ebe65b1447756,512,512,,,,,,,,,
test,CL4,ydfid/CL4/test/good/ydfid_good_001554.bmp,,0,True,1690af2771b7f58f37f4eee07dd971f74a39bb4d35caf01e145bea61fe6798b6,512,512,,,,,,,,,
test,CL4,ydfid/CL4/test/good/ydfid_good_001555.bmp,,0,True,b72285a911b2a29356009e1cadb95519e74aad40d1cd2e43f8219b2f41ac356c,512,512,,,,,,,,,
test,CL4,ydfid/CL4/test/good/ydfid_good_001556.bmp,,0,True,2b6f8a191d7ebb524e36fec2214bfcc869d60272ff42e1c6ee3910e992d8d06f,512,512,,,,,,,,,
test,CL4,ydfid/CL4/test/good/ydfid_good_001557.bmp,,0,True,f007a7c7fb8f2c38db1e41b94b10afd5cd65514480b3e8b0173d46308166ea08,512,512,,,,,,,,,
test,CL4,ydfid/CL4/test/good/ydfid_good_001558.bmp,,0,True,8e4757039c73687e499612fabd47e6a31522a705899db8236e34c542ba5077d1,512,512,,,,,,,,,
test,CL4,ydfid/CL4/test/good/ydfid_good_001559.bmp,,0,True,5f6a2a3c59d4551523cf7f2f285a9805ec2698c9e7f9efc7ea9b6c8cc4ab6eff,512,512,,,,,,,,,
test,CL4,ydfid/CL4/test/good/ydfid_good_001560.bmp,,0,True,7bbadcbd4b3c1b6ec5efcb0b58239c838d9d561cd330a8a9c9cde4d68daa315d,512,512,,,,,,,,,
test,CL4,ydfid/CL4/test/good/ydfid_good_001561.bmp,,0,True,1d3410f0814287fe3ef154d88e138ba8c227a72c25176d6b8a38b77cc2f9c262,512,512,,,,,,,,,
test,CL4,ydfid/CL4/test/good/ydfid_good_001562.bmp,,0,True,d592a91008c36e044a62ad9ee1adfcd3cdf7207252e18e020ab613aa9b00060b,512,512,,,,,,,,,
test,CL4,ydfid/CL4/test/good/ydfid_good_001563.bmp,,0,True,f6e37285216e661f697e1284758440d45b5f4007fa3419c942db732a666d8dda,512,512,,,,,,,,,
test,CL4,ydfid/CL4/test/good/ydfid_good_001564.bmp,,0,True,7830527053dd386738f44f50e0d196406e47448294b1563cb89e58adf00e4d18,512,512,,,,,,,,,
test,CL4,ydfid/CL4/test/good/ydfid_good_001565.bmp,,0,True,cab0cd4e1b4e18a751142cc12311adb4f3eafc1d7712e7c07a3c2a1956d7d112,512,512,,,,,,,,,
test,CL4,ydfid/CL4/test/good/ydfid_good_001566.bmp,,0,True,525ecfc1bd12d893c5589897ee8a36382545c865aad04c5f6f306cabc290aec1,512,512,,,,,,,,,
test,CL4,ydfid/CL4/test/good/ydfid_good_001567.bmp,,0,True,9d93b4c714a635083b9c7992f8bdb2d8278953294513d47ba2bbdcf8fcf0da40,512,512,,,,,,,,,
test,CL4,ydfid/CL4/test/good/ydfid_good_001568.bmp,,0,True,67bf1f9e77ea862d40a9a7a588420854a68f7fe321d2f159cfe561f8bb86fe08,512,512,,,,,,,,,
test,CL4,ydfid/CL4/test/good/ydfid_good_001569.bmp,,0,True,850da158078468804650d47663ce853b2a7d185508051d47369f4bd459d5cdfd,512,512,,,,,,,,,
test,CL4,ydfid/CL4/test/good/ydfid_good_001570.bmp,,0,True,611cbd67decd9d52e843c987fb0ba2beab1c480d25be4713a0eb5a2a494a720a,512,512,,,,,,,,,
test,CL4,ydfid/CL4/test/good/ydfid_good_001571.bmp,,0,True,b0f8121d24b87d831d8c121b1d7ea5ebc963be10f8b4e03d1b1453bd4c7df449,512,512,,,,,,,,,
test,CL4,ydfid/CL4/test/good/ydfid_good_001572.bmp,,0,True,97659e4b2402141f4d1937eff2c9b4060e00f5eda406016bf63e32c1180fbf5c,512,512,,,,,,,,,
test,CL4,ydfid/CL4/test/good/ydfid_good_001573.bmp,,0,True,80d44b40885c7b2ad4bc2a1f5503c96d2cf0cbdee1e4f00de414fc7832b74988,512,512,,,,,,,,,
test,CL4,ydfid/CL4/test/good/ydfid_good_001574.bmp,,0,True,7dee50419b2b5d54df8d6ca178aa6eddc12687c293218fb3597ece5a5c56f44a,512,512,,,,,,,,,
test,CL4,ydfid/CL4/test/good/ydfid_good_001575.bmp,,0,True,0fd9c56aa0933f1480873623e40abc3917d4b2960735c46d1ada740bf7786cbd,512,512,,,,,,,,,
test,CL4,ydfid/CL4/test/good/ydfid_good_001576.bmp,,0,True,2e651e334f621bbc26058c29ae43d92666054271b21bae77a59d3ee9eb2b6f50,512,512,,,,,,,,,
test,CL4,ydfid/CL4/test/good/ydfid_good_001577.bmp,,0,True,14e0c17891b1d7ac627c60a8b72243aab176d0370824f3433dcae6f09613bc32,512,512,,,,,,,,,
test,CL4,ydfid/CL4/test/good/ydfid_good_001578.bmp,,0,True,c3999d7254083502a1f916a5e4dc726f6476828c7cf2f627addc31419689eb13,512,512,,,,,,,,,
test,CL4,ydfid/CL4/test/good/ydfid_good_001579.bmp,,0,True,8466ea8f9e28c2efda13d08e88346fa54c6bda3ad54463bbf7c2bdfb5ac7eafe,512,512,,,,,,,,,
test,CL4,ydfid/CL4/test/good/ydfid_good_001580.bmp,,0,True,d094c0178e8a61b30648c98c9a8d2e0ae21d50957a1475369ce06aff3a475ca9,512,512,,,,,,,,,
test,CL4,ydfid/CL4/test/good/ydfid_good_001581.bmp,,0,True,32bcb940b6abb1629104ff769695375fe5aa206c5d0f204697d87af2917f3950,512,512,,,,,,,,,
test,CL4,ydfid/CL4/test/good/ydfid_good_001582.bmp,,0,True,ae756163a6a6b4cef64f014cca41a48bfc07fed1d3b9a65db388fc068148e2bf,512,512,,,,,,,,,
test,CL4,ydfid/CL4/test/good/ydfid_good_001583.bmp,,0,True,638a667e13c9fe69e9f96c7282cf273d35d7417b87999cabd4c0939e19dc5584,512,512,,,,,,,,,
test,CL4,ydfid/CL4/test/good/ydfid_good_001584.bmp,,0,True,f5d369a16410b99d9b0bc61158f06721d9d26f540e20b118f4e41d1687a2f1f1,512,512,,,,,,,,,
test,CL4,ydfid/CL4/test/good/ydfid_good_001585.bmp,,0,True,905a4186360d9de218870c2f88047a8a605b48717bbd4d9532bfac9258e10735,512,512,,,,,,,,,
test,CL4,ydfid/CL4/test/good/ydfid_good_001586.bmp,,0,True,a11fd7076b43218ff90ecea618c873bc19f934b51b6cee3cd1fa2f964d664039,512,512,,,,,,,,,
test,CL4,ydfid/CL4/test/good/ydfid_good_001587.bmp,,0,True,95cf9e8b5dce53d91fdad492ef55292698a1140a49e415d84b3811045857d880,512,512,,,,,,,,,
test,CL4,ydfid/CL4/test/good/ydfid_good_001588.bmp,,0,True,9528f8b7ff6111f863e572362bd037682aee0de9de9f93aecc92dad96e41121c,512,512,,,,,,,,,
test,CL4,ydfid/CL4/test/good/ydfid_good_001589.bmp,,0,True,ad5288970eeb52d5b26f5596521547c2a64ab61073189181882039bd1defac1a,512,512,,,,,,,,,
test,CL4,ydfid/CL4/test/good/ydfid_good_001590.bmp,,0,True,6ff39e3352214646bf77f5833e058b86d67909f1c38a62f71ad9ea385123e5ca,512,512,,,,,,,,,
test,CL4,ydfid/CL4/test/good/ydfid_good_001591.bmp,,0,True,5bc58d9a5f0d2234b5a221e69bfe68badfee76e965018d9a26eb264a4ea97787,512,512,,,,,,,,,
test,CL4,ydfid/CL4/test/good/ydfid_good_001592.bmp,,0,True,57679bb346a1c9c1de3aa24f812c36527fad7860ce54275669089020d72fbc51,512,512,,,,,,,,,
test,CL4,ydfid/CL4/test/good/ydfid_good_001593.bmp,,0,True,7162e8e79721db4f845ae6594a5f490940676e658af470d2a3bbef0859ad24bc,512,512,,,,,,,,,
test,CL4,ydfid/CL4/test/good/ydfid_good_001594.bmp,,0,True,e28ab8c50cb7b7e45ebd6e915fb001278d7c4e583544a98a4fd6d4a35864061b,512,512,,,,,,,,,
test,CL4,ydfid/CL4/test/good/ydfid_good_001595.bmp,,0,True,7c48f756abd84e72ab4788b67c4e8825767f660b22942d6477429f303739e0b4,512,512,,,,,,,,,
test,CL4,ydfid/CL4/test/good/ydfid_good_001596.bmp,,0,True,6363b257edef2f902c7331d34272b4db2be71a612120fc0c8a7a0fcd754865b9,512,512,,,,,,,,,
test,CL4,ydfid/CL4/test/good/ydfid_good_001597.bmp,,0,True,6de8e63d76e5718fe935567814a8064f110410ca78d20afadb6c98f35bc20df8,512,512,,,,,,,,,
test,CL4,ydfid/CL4/test/good/ydfid_good_001598.bmp,,0,True,22d0f4f520c27d9d5fbdb11a1e3f3164441a4fe40048e055f5b9b45b7864973f,512,512,,,,,,,,,
test,CL4,ydfid/CL4/test/good/ydfid_good_001599.bmp,,0,True,e9a51712bf48261e4452a232532a8c2c4b838e7b40c69699f395b3a800fee7d8,512,512,,,,,,,,,
test,CL4,ydfid/CL4/test/good/ydfid_good_001600.bmp,,0,True,699ffafbdbaebc7fbb6f58c1e6a17ea3f803232a0e6db2a13d30424973272f34,512,512,,,,,,,,,
test,CL4,ydfid/CL4/test/good/ydfid_good_001601.bmp,,0,True,96fff9339f250bc75e06a5af1b6b070dd7defda6f75920ccb77271bc5340f743,512,512,,,,,,,,,
test,CL4,ydfid/CL4/test/good/ydfid_good_001602.bmp,,0,True,be432cdc417e401efdffd36f8307640b970958bc130677be20d68238f2c74012,512,512,,,,,,,,,
test,CL4,ydfid/CL4/test/good/ydfid_good_001603.bmp,,0,True,3297b3ef4b1bbbbea01e4dbf7f1d85df41adf992a302e66c37ee5508c7db9b3d,512,512,,,,,,,,,
test,CL4,ydfid/CL4/test/good/ydfid_good_001604.bmp,,0,True,8b051bef87d751ae963273cacbc6370013fcfe876cad6eb5d3c6a35731e12c8c,512,512,,,,,,,,,
test,CL4,ydfid/CL4/test/good/ydfid_good_001605.bmp,,0,True,3ad495499cde7933e52cde2faa94ee0d3d1e220e491d6476e2cbf416a460bc7e,512,512,,,,,,,,,
test,CL4,ydfid/CL4/test/good/ydfid_good_001606.bmp,,0,True,646f733b76245df2eaadf1f8ecde9f92bfdd665201a05baeffcac70d2eadc7b8,512,512,,,,,,,,,
test,CL4,ydfid/CL4/test/good/ydfid_good_001607.bmp,,0,True,1984ce10c1cc2fb32a3f106bce7ca44920c358f268935c645142189e1805387c,512,512,,,,,,,,,
test,CL4,ydfid/CL4/test/good/ydfid_good_001608.bmp,,0,True,a25f0448b85f7ce54a4a7fd3242659f2413eb613f42e9f65e9906d00f30e9be6,512,512,,,,,,,,,
test,CL4,ydfid/CL4/test/good/ydfid_good_001609.bmp,,0,True,da360bd875b87af9015171490a130f3509c83c6db0ab469d8eb1f47ee0d9fa46,512,512,,,,,,,,,
test,CL4,ydfid/CL4/test/good/ydfid_good_001610.bmp,,0,True,989be6f98be5bb6f0bd9eb85934658cf68a7ab9c9e04fa6bad0f5f019bd4f501,512,512,,,,,,,,,
test,CL4,ydfid/CL4/test/good/ydfid_good_001611.bmp,,0,True,aedbc0503e7286e8dc01ea376e59f1f9c0842454e7b2f0ef3f7984f22f28f215,512,512,,,,,,,,,
test,CL4,ydfid/CL4/test/good/ydfid_good_001612.bmp,,0,True,d59fe6d773e2fb601d81b103e220c199bba576c28c6322e79232f045923c84bf,512,512,,,,,,,,,
test,CL4,ydfid/CL4/test/good/ydfid_good_001613.bmp,,0,True,7ad787e7a96bdbec64ce3eeab150bc636de528cdbe37f61e509483ecccb74cb7,512,512,,,,,,,,,
test,CL4,ydfid/CL4/test/good/ydfid_good_001614.bmp,,0,True,113496b6459736eddd5c89927b3675d8c3dde58842cf04f7459dc93ea00e2476,512,512,,,,,,,,,
test,CL4,ydfid/CL4/test/good/ydfid_good_001615.bmp,,0,True,409e485b310dab587bfc7040a9ddaa312e7090783e1a83c411fcdd85d873dbee,512,512,,,,,,,,,
test,CL4,ydfid/CL4/test/good/ydfid_good_001616.bmp,,0,True,4a2b6d1fbbf8cd41d7f0051c413213fb72e06bc6f8dfb5a9edf77f4d633c5307,512,512,,,,,,,,,
test,CL4,ydfid/CL4/test/good/ydfid_good_001617.bmp,,0,True,63d673ae895b58f8b5721b41fde5cd65f530a6fc7f1c9a6e6efa1222faa3e664,512,512,,,,,,,,,
test,CL4,ydfid/CL4/test/good/ydfid_good_001618.bmp,,0,True,93f4494ecb8212d7abab5ea108c40af39bac947c7802b09bc6eef7abb23f0465,512,512,,,,,,,,,
test,CL4,ydfid/CL4/test/good/ydfid_good_001619.bmp,,0,True,e77005c5b02b5658f281ce1f0aa10fcc63bdfaaa7d65ec7f6bec995a1e13cbff,512,512,,,,,,,,,
test,CL4,ydfid/CL4/test/good/ydfid_good_001620.bmp,,0,True,0e21991f66cee75b53fa8fbc86932dd79afa5368de2c6558c47bd31e4ff38b14,512,512,,,,,,,,,
test,CL4,ydfid/CL4/test/good/ydfid_good_001621.bmp,,0,True,9ced47dcf052c8b404cd60f02c31f56dd0956296702002d66234d5acd0809e51,512,512,,,,,,,,,
test,CL4,ydfid/CL4/test/good/ydfid_good_001622.bmp,,0,True,56177174a7b7c1359c1da8001194f3203babd2d8939c54a28be56f3a28bcf627,512,512,,,,,,,,,
test,CL4,ydfid/CL4/test/good/ydfid_good_001623.bmp,,0,True,9f341f855043e7b8ab659909c722c2fcf8ccf70b99f936ee3a9d295d637d0917,512,512,,,,,,,,,
test,CL4,ydfid/CL4/test/good/ydfid_good_001624.bmp,,0,True,0b012710d58129d7cc6d3610aa6d3eaa3e19a187bb1202e8cc1d2c9a67cd3da2,512,512,,,,,,,,,
test,CL4,ydfid/CL4/test/good/ydfid_good_001625.bmp,,0,True,9f54833e51b722f8fd6d116dce76168ea63be76501b8d58a7f1f54fa0da43a8b,512,512,,,,,,,,,
test,CL4,ydfid/CL4/test/good/ydfid_good_001626.bmp,,0,True,c53ae833f2c0f97c0020273e5d41be6acbd58f9fed31ae92ee7225af611878d1,512,512,,,,,,,,,
test,CL4,ydfid/CL4/test/good/ydfid_good_001627.bmp,,0,True,bc5c03fb52242da5c85d34b1fd540e08c441d91784afe8f942dc1b3f4555cbe5,512,512,,,,,,,,,
test,CL4,ydfid/CL4/test/good/ydfid_good_001628.bmp,,0,True,416ae9d92904e062d71fa270ec94d6d1f50644be1258cdbfa4e99dee8307a1ec,512,512,,,,,,,,,
test,CL4,ydfid/CL4/test/good/ydfid_good_001629.bmp,,0,True,602e6c4de970e67470fc4f37f6ca8a9f78bfa17670c6e46a211ca24fb408d247,512,512,,,,,,,,,
test,SL1,ydfid/SL1/test/anomaly/ydfid_defect_002606.bmp,ydfid/SL1/ground_truth/anomaly/ydfid_defect_002606.png,1,True,3c6bb8882bce607c75ce3d14c6d8e9214b7ad1eeeea7c5bd78181a6f1ba10387,512,512,True,512,512,0|255,6824,0.026031494140625,16.0,False,
test,SL1,ydfid/SL1/test/anomaly/ydfid_defect_002607.bmp,ydfid/SL1/ground_truth/anomaly/ydfid_defect_002607.png,1,True,6d7fc6a3cafed983da41d8e8fc2dc2f5fa3544cb9e28d14f1b70c84524d44ed3,512,512,True,512,512,0|255,5178,0.01975250244140625,39.38462,False,
test,SL1,ydfid/SL1/test/anomaly/ydfid_defect_002608.bmp,ydfid/SL1/ground_truth/anomaly/ydfid_defect_002608.png,1,True,302352a013157796d2feacef57f4010a51be1aa28708a446db5f1cadb53108bb,512,512,True,512,512,0|255,386,0.00147247314453125,1.82353,False,
test,SL1,ydfid/SL1/test/anomaly/ydfid_defect_002609.bmp,ydfid/SL1/ground_truth/anomaly/ydfid_defect_002609.png,1,True,fcf5bebb858d10c86ae8391592b9cb1d94114043a281e44e1b1a849a433f9f5e,512,512,True,512,512,0|255,3232,0.0123291015625,32.0,False,
test,SL1,ydfid/SL1/test/anomaly/ydfid_defect_002610.bmp,ydfid/SL1/ground_truth/anomaly/ydfid_defect_002610.png,1,True,20a55cd3507015bc36b79df2a37751a5e113f387701f29cc233a04edd354efd3,512,512,True,512,512,0|255,4174,0.01592254638671875,10.03922,False,
test,SL1,ydfid/SL1/test/anomaly/ydfid_defect_002611.bmp,ydfid/SL1/ground_truth/anomaly/ydfid_defect_002611.png,1,True,7ed5008d7c19e427b010214ae4ae34874aeb403f33154463ee3a6c7feaf60b21,512,512,True,512,512,0|255,283,0.001079559326171875,1.15,False,
test,SL1,ydfid/SL1/test/anomaly/ydfid_defect_002612.bmp,ydfid/SL1/ground_truth/anomaly/ydfid_defect_002612.png,1,True,b7342dee509b21ed0a5a8cfbf9b0b2de46581c83a6888d851d1c5f483495ac6e,512,512,True,512,512,0|255,1554,0.00592803955078125,3.18519,False,
test,SL1,ydfid/SL1/test/anomaly/ydfid_defect_002613.bmp,ydfid/SL1/ground_truth/anomaly/ydfid_defect_002613.png,1,True,4ccfe6f27e022f4ff080506f7a1e8de19867f39c36ad753205be9bf86b5aab5b,512,512,True,512,512,0|255,3264,0.012451171875,15.8125,False,
test,SL1,ydfid/SL1/test/anomaly/ydfid_defect_002614.bmp,ydfid/SL1/ground_truth/anomaly/ydfid_defect_002614.png,1,True,545c6db6fa2da260e51bfab441a68b0606a06e05349871cb902a84df169deeab,512,512,True,512,512,0|255,4414,0.01683807373046875,1.26923,False,
test,SL1,ydfid/SL1/test/anomaly/ydfid_defect_002615.bmp,ydfid/SL1/ground_truth/anomaly/ydfid_defect_002615.png,1,True,c2cc220753435a6dcef15dcb398669132ed8909ff73e134822c04e0fe2382e78,512,512,True,512,512,0|255,719,0.002742767333984375,1.57692,False,
test,SL1,ydfid/SL1/test/anomaly/ydfid_defect_002616.bmp,ydfid/SL1/ground_truth/anomaly/ydfid_defect_002616.png,1,True,c6018a5aee5d456d467828ede76aa14fa421e5cdb59f609d47dad4f18e9b7e5a,512,512,True,512,512,0|255,208,0.00079345703125,1.66667,False,
test,SL1,ydfid/SL1/test/anomaly/ydfid_defect_002617.bmp,ydfid/SL1/ground_truth/anomaly/ydfid_defect_002617.png,1,True,f8be31a0bccb0650684590384d1f5b67e43f05cb5e480434b84bcfd6e1dba8bd,512,512,True,512,512,0|255,4647,0.017726898193359375,12.125,False,
test,SL1,ydfid/SL1/test/anomaly/ydfid_defect_002618.bmp,ydfid/SL1/ground_truth/anomaly/ydfid_defect_002618.png,1,True,01e8b87178a660f621e02951776a063830650239684a7d3b499eb571e0016b4c,512,512,True,512,512,0|255,1917,0.007312774658203125,7.3913,False,
test,SL1,ydfid/SL1/test/anomaly/ydfid_defect_002619.bmp,ydfid/SL1/ground_truth/anomaly/ydfid_defect_002619.png,1,True,7cd78b5036f5ceed4642a02977a357617285e3bdd183477dacd4fa3257917c3a,512,512,True,512,512,0|255,4783,0.018245697021484375,19.14286,False,
test,SL1,ydfid/SL1/test/anomaly/ydfid_defect_002620.bmp,ydfid/SL1/ground_truth/anomaly/ydfid_defect_002620.png,1,True,740715014801abd23901fa39181ac48080160399ef7b9825051476895f7a74e7,512,512,True,512,512,0|255,576,0.002197265625,1.18519,False,
test,SL1,ydfid/SL1/test/good/ydfid_good_002124.bmp,,0,True,d0554575ce32b026bd6d851b36cdcbebae59d95c900eda21910b7551129d304c,512,512,,,,,,,,,
test,SL1,ydfid/SL1/test/good/ydfid_good_002125.bmp,,0,True,32cd4c5e94b55343cdfa1e4c8d2f7689011f6651603bc5fd56b767195cd89563,512,512,,,,,,,,,
test,SL1,ydfid/SL1/test/good/ydfid_good_002126.bmp,,0,True,b789ef4c4225c612be9895eef1ea5027cda25ec07aaa3697d457969058ceadbf,512,512,,,,,,,,,
test,SL1,ydfid/SL1/test/good/ydfid_good_002127.bmp,,0,True,d554bcaa56427343a9dc21116206a1e02e224507a4163802a356877d3b18cd9a,512,512,,,,,,,,,
test,SL1,ydfid/SL1/test/good/ydfid_good_002128.bmp,,0,True,0c748803ff0971420fcea96a94e3d7b7af5cb1d76ea77bde71eefcd3cc423eb1,512,512,,,,,,,,,
test,SL1,ydfid/SL1/test/good/ydfid_good_002129.bmp,,0,True,6c878cc208ff66c54c5d35f92b38efee4df45a5851483cdd6c4f90022b174fee,512,512,,,,,,,,,
test,SL1,ydfid/SL1/test/good/ydfid_good_002130.bmp,,0,True,a0f345a4d709a08c978a6bce1f16e108c9e00ee8d658c2f63772d539da36c9cc,512,512,,,,,,,,,
test,SL1,ydfid/SL1/test/good/ydfid_good_002131.bmp,,0,True,f535878288e1e22eaeba2cc96abc70a3dd5351624c0d5563504db3d600f176f0,512,512,,,,,,,,,
test,SL1,ydfid/SL1/test/good/ydfid_good_002132.bmp,,0,True,83816970edcda3088ce5dd8fb9f4ee000c7950916cb276441a150a2e1b829bbb,512,512,,,,,,,,,
test,SL1,ydfid/SL1/test/good/ydfid_good_002133.bmp,,0,True,f695b3c42e94e7740dcdff51992e2ed4636aa55a2f7f836e3b62ba2b30ff9d51,512,512,,,,,,,,,
test,SL1,ydfid/SL1/test/good/ydfid_good_002134.bmp,,0,True,cb193a0b5bec1ee8a0212d85f09081019bf1280a6a88e38627546fff26b770df,512,512,,,,,,,,,
test,SL1,ydfid/SL1/test/good/ydfid_good_002135.bmp,,0,True,f724ce118d077635ded31959801318dea16e685e906125cedfd47f2bc486a0f5,512,512,,,,,,,,,
test,SL1,ydfid/SL1/test/good/ydfid_good_002136.bmp,,0,True,1a1c6eaa6144eeb288e4bbf8e2f08b7597d5b2352f1b39df9da9a4c6c7d25d02,512,512,,,,,,,,,
test,SL1,ydfid/SL1/test/good/ydfid_good_002137.bmp,,0,True,57ac7add050851ff03eb0f258407a487b4100683e7e620c15d71df979932eafe,512,512,,,,,,,,,
test,SL1,ydfid/SL1/test/good/ydfid_good_002138.bmp,,0,True,366dcef245c8fbc0b9ce0bf4900272e479e10665c98f7d62769bd3d0c04e023a,512,512,,,,,,,,,
test,SL1,ydfid/SL1/test/good/ydfid_good_002139.bmp,,0,True,1944601964ea83fee7ba108c5ca6710561bb26001808c113b624571ec1809796,512,512,,,,,,,,,
test,SL1,ydfid/SL1/test/good/ydfid_good_002140.bmp,,0,True,b65f7c61ea7a9e7f3efc63e573deeb94c3962c671ff2302728679c85b5b0dd27,512,512,,,,,,,,,
test,SL1,ydfid/SL1/test/good/ydfid_good_002141.bmp,,0,True,0c6c1c15363e5337ed65e9bf2aee3129b3207896865b5bc409af7312b9f2037f,512,512,,,,,,,,,
test,SL1,ydfid/SL1/test/good/ydfid_good_002142.bmp,,0,True,155735a45aea15497bfc3bd4c43d7349a154e730a55eaf491ca76d7508c9eca1,512,512,,,,,,,,,
test,SL1,ydfid/SL1/test/good/ydfid_good_002143.bmp,,0,True,2521239234a6826b2a43ec840334affbf4c0090cb8905345fb6c81b4091ba9d8,512,512,,,,,,,,,
test,SL1,ydfid/SL1/test/good/ydfid_good_002144.bmp,,0,True,c23e32bbfb87ca9c2874992cf748083fc700e23059dd62ed068c5d74d081ea3a,512,512,,,,,,,,,
test,SL1,ydfid/SL1/test/good/ydfid_good_002145.bmp,,0,True,7ce67e1670d6718b950dcad6993aad589103f4381c4b807c9e6f4f412ccac73f,512,512,,,,,,,,,
test,SL1,ydfid/SL1/test/good/ydfid_good_002146.bmp,,0,True,6c100bfb07a78e30d3252cf06b45dc9a64ad95ff2b972e075023244c6a3a9901,512,512,,,,,,,,,
test,SL1,ydfid/SL1/test/good/ydfid_good_002147.bmp,,0,True,b94934e5eb86393c683e6875b837fd0194d05a411b28f39739e8dd3e5ea3f72c,512,512,,,,,,,,,
test,SL1,ydfid/SL1/test/good/ydfid_good_002148.bmp,,0,True,bae11dd9d7cf9123047176dc918dc88998b228b6dfd1da8ab8b608956dd0eaaa,512,512,,,,,,,,,
test,SL1,ydfid/SL1/test/good/ydfid_good_002149.bmp,,0,True,48c99907ec5b000cfb82c6e8ea017703b59acfd8cd14a780768a3f36bb9cf929,512,512,,,,,,,,,
test,SL1,ydfid/SL1/test/good/ydfid_good_002150.bmp,,0,True,1930364d9c5edd157f4dd645f2dd629e1be6c8b9f3881cdada457e3675d5fb41,512,512,,,,,,,,,
test,SL1,ydfid/SL1/test/good/ydfid_good_002151.bmp,,0,True,4ad32809a72205d83dd3c2253b5eda6e8a5d8d9342009c9dcfbf1977f114e9d8,512,512,,,,,,,,,
test,SL1,ydfid/SL1/test/good/ydfid_good_002152.bmp,,0,True,a12ce31ee99ff49df5d02c79da0977dacf780700da8a09116cca6a19e5669b04,512,512,,,,,,,,,
test,SL1,ydfid/SL1/test/good/ydfid_good_002153.bmp,,0,True,1b58b2e43096766a73ecd02dfb4dea3ae5e248ccae3169ad4342657a0d2c1ea2,512,512,,,,,,,,,
test,SL1,ydfid/SL1/test/good/ydfid_good_002154.bmp,,0,True,653c4658add6afbac38fc36c3dbdde402a0672da3bb5c73cf0aee863b3f4f076,512,512,,,,,,,,,
test,SL1,ydfid/SL1/test/good/ydfid_good_002155.bmp,,0,True,06ae49789f0fed8f34a4c4260a27634a37599ac04655a61e0182cdf6709df288,512,512,,,,,,,,,
test,SL1,ydfid/SL1/test/good/ydfid_good_002156.bmp,,0,True,b290bf21a90a5e8451a04c391b1fbf34d5a757a6e99097f21da212a7d69ec1d1,512,512,,,,,,,,,
test,SL1,ydfid/SL1/test/good/ydfid_good_002157.bmp,,0,True,df421883f7cc2f2513b4f8d011c237a49f51030e9559393e66222f74fca138fb,512,512,,,,,,,,,
test,SL1,ydfid/SL1/test/good/ydfid_good_002158.bmp,,0,True,27724f268faf056eafe6a75eed704946cd2b1b7cdff63ec230da41df4ba46f8f,512,512,,,,,,,,,
test,SL1,ydfid/SL1/test/good/ydfid_good_002159.bmp,,0,True,7b59604389a85a1bb58ac0d77906e271210a7eae28594914bd0eb5ea067d2355,512,512,,,,,,,,,
test,SL1,ydfid/SL1/test/good/ydfid_good_002160.bmp,,0,True,c0374b13f699b43a02c12bee49a1d7e0f3a06bf3cd23605a693e256f91415703,512,512,,,,,,,,,
test,SL1,ydfid/SL1/test/good/ydfid_good_002161.bmp,,0,True,19f540e2c62454299842b08eb32e6e0f1426ce9d8da2b63c1fc4b4669e99b5dd,512,512,,,,,,,,,
test,SL1,ydfid/SL1/test/good/ydfid_good_002162.bmp,,0,True,4e9c027be7e2c77d3ee406596a38473e340f6724d1be55126fdb55fad0517081,512,512,,,,,,,,,
test,SL1,ydfid/SL1/test/good/ydfid_good_002163.bmp,,0,True,c7a0a709377790223a8e7e6d4a2b9db031c02ee95154391da6359af593230d5d,512,512,,,,,,,,,
test,SL1,ydfid/SL1/test/good/ydfid_good_002164.bmp,,0,True,9d9830661da2cbca7ec9d676fc1d5e37ecce3bac63b19be68f504eec4975da9d,512,512,,,,,,,,,
test,SL1,ydfid/SL1/test/good/ydfid_good_002165.bmp,,0,True,cd71c7bc2abcb9d624e95a3b5af1b0f88c4bd3bcc6a4276b8b827ef28ac67422,512,512,,,,,,,,,
test,SL1,ydfid/SL1/test/good/ydfid_good_002166.bmp,,0,True,9065fd02baa458a2317db2636da0e25a7f14eae4df61d5ebe436d06388f5e7e7,512,512,,,,,,,,,
test,SL1,ydfid/SL1/test/good/ydfid_good_002167.bmp,,0,True,b517c8b1b9df239d135b494c029c9446d5a3c20643fca7f5fa84a47739b9ffc0,512,512,,,,,,,,,
test,SL1,ydfid/SL1/test/good/ydfid_good_002168.bmp,,0,True,d5df051c1843f583ec289f1f06995e97fcc326d046083a2e52695a62352a70ee,512,512,,,,,,,,,
test,SL1,ydfid/SL1/test/good/ydfid_good_002169.bmp,,0,True,beedf7a16daacfc375a3af1d5b24122aa74e3c0e6123d44b6fbeb9f81508e00a,512,512,,,,,,,,,
test,SL1,ydfid/SL1/test/good/ydfid_good_002170.bmp,,0,True,c62a34118474cd53c4a6fc480367a77a73de9469629602afc4390967b6572cca,512,512,,,,,,,,,
test,SL1,ydfid/SL1/test/good/ydfid_good_002171.bmp,,0,True,b5496ebf55873badd1df9fd8b645feb2f17d8d6e8969cacd1761f602a838e597,512,512,,,,,,,,,
test,SL1,ydfid/SL1/test/good/ydfid_good_002172.bmp,,0,True,54fa599f817d836374441f588f0754d31917a2e8fd05f39c7e802faee8a5bfd6,512,512,,,,,,,,,
test,SL1,ydfid/SL1/test/good/ydfid_good_002173.bmp,,0,True,7063281c396526e6d1387ccb414ecdd23206f3f996423c567a90ecf7f41520b9,512,512,,,,,,,,,
test,SL1,ydfid/SL1/test/good/ydfid_good_002174.bmp,,0,True,e5522edba3804c3278f7c1d31461d15afac745e4872feb234a7fe19de20a421f,512,512,,,,,,,,,
test,SL1,ydfid/SL1/test/good/ydfid_good_002175.bmp,,0,True,25a42f5038abcd2b13aac07ff20ffda8631718c880bff1b3f8d914520b6d9978,512,512,,,,,,,,,
test,SL1,ydfid/SL1/test/good/ydfid_good_002176.bmp,,0,True,e804938de8c998d89f3ac732ef118874c29ecc7b2dfdb14629851562861e477d,512,512,,,,,,,,,
test,SL1,ydfid/SL1/test/good/ydfid_good_002177.bmp,,0,True,d79611a2b76dd6c57c60f67a10c6dd00509e2231fe333d30f5c1dc2d51889bfd,512,512,,,,,,,,,
test,SL1,ydfid/SL1/test/good/ydfid_good_002178.bmp,,0,True,32b3e2cbf993a3a9d102919a060c7e674ca8e5f1e432848aec8822ef5bd5a416,512,512,,,,,,,,,
test,SL1,ydfid/SL1/test/good/ydfid_good_002179.bmp,,0,True,89fc1acc2dd6a759d9ad59325e2c21a5067ea61d9e4bfc5a0f998368fc871031,512,512,,,,,,,,,
test,SL1,ydfid/SL1/test/good/ydfid_good_002180.bmp,,0,True,7d0e858669a7b79e20684a5ed7d9fd543da3a7622827c289a4a91418bbd8cbc4,512,512,,,,,,,,,
test,SL1,ydfid/SL1/test/good/ydfid_good_002181.bmp,,0,True,6a8a4f0cc0e54394dfdf8a757458181cc5a7f12539c661b7a3b92336294206ce,512,512,,,,,,,,,
test,SL1,ydfid/SL1/test/good/ydfid_good_002182.bmp,,0,True,99ef7a2fe3e3dcf75d2d6540a219bb4a3e9e29f040bc038f5671a03300f50ddf,512,512,,,,,,,,,
test,SL1,ydfid/SL1/test/good/ydfid_good_002183.bmp,,0,True,4dcc83e222b15a0312747346d2d83bf2b4c3679c4d6feacbb1b2cffe3d4c156e,512,512,,,,,,,,,
test,SL1,ydfid/SL1/test/good/ydfid_good_002184.bmp,,0,True,a0c76b5071a44e755690b6a768f86800643f5cbbdfebc909d6153f81b8ff11ea,512,512,,,,,,,,,
test,SL1,ydfid/SL1/test/good/ydfid_good_002185.bmp,,0,True,d8e4f4061be1e94e7d65ab88eed4efbd25740afd9d0dcc12f3a0d6e3df481516,512,512,,,,,,,,,
test,SL1,ydfid/SL1/test/good/ydfid_good_002186.bmp,,0,True,eac378dae931200745a6f39c0b515b3a078bb5fe5745ee75fd96c6ad6034aefe,512,512,,,,,,,,,
test,SL1,ydfid/SL1/test/good/ydfid_good_002187.bmp,,0,True,a2981d286281ebe93c05f365cd51d9f925e5a81445c95b099d90c0b458830695,512,512,,,,,,,,,
test,SL1,ydfid/SL1/test/good/ydfid_good_002188.bmp,,0,True,55ebcadb5797495dec0a193ccb467a563aeb9084def95f694c2ee84a907a2721,512,512,,,,,,,,,
test,SL1,ydfid/SL1/test/good/ydfid_good_002189.bmp,,0,True,5fe623f6175d7ab1eaa7424dc66957b663f37881949e1bcfdf9aee4b48e99490,512,512,,,,,,,,,
test,SL1,ydfid/SL1/test/good/ydfid_good_002190.bmp,,0,True,38e90a2ba81e432716ca842818934a1cd64be7089d68a35c936bf3d892247286,512,512,,,,,,,,,
test,SL1,ydfid/SL1/test/good/ydfid_good_002191.bmp,,0,True,08a6354fbbbe18ac30725cf9348379fe7c7665bcb9e8dab03fdd41d9634abdfa,512,512,,,,,,,,,
test,SL1,ydfid/SL1/test/good/ydfid_good_002192.bmp,,0,True,d5660bb2ff15e1eeb4b29d60faa0614bd211df285ce57f988fcd9a303c935bfd,512,512,,,,,,,,,
test,SL1,ydfid/SL1/test/good/ydfid_good_002193.bmp,,0,True,6f53de78f2e3e9961b2cdbaeafd96e469de7cda5a899b6b7725f5eff9bb781b2,512,512,,,,,,,,,
test,SL1,ydfid/SL1/test/good/ydfid_good_002194.bmp,,0,True,b9247d1c5bc2fbff93c8155050b64fccddeb71bccaa647f9b13af3083a4c8d46,512,512,,,,,,,,,
test,SL1,ydfid/SL1/test/good/ydfid_good_002195.bmp,,0,True,8e0d0b1219b13d2b19d620fd04c686f4659b5252470a57b259c50c01d6cc0abb,512,512,,,,,,,,,
test,SL1,ydfid/SL1/test/good/ydfid_good_002196.bmp,,0,True,55391aa41ad72323f97a05f0fe7d9c2e5600cb31a3b34e289c06db1d408baf96,512,512,,,,,,,,,
test,SL1,ydfid/SL1/test/good/ydfid_good_002197.bmp,,0,True,acc718bca2e5a4ff27fdc7022fd113f08d8476fc836c2ddd2e60a65428a57ec8,512,512,,,,,,,,,
test,SL1,ydfid/SL1/test/good/ydfid_good_002198.bmp,,0,True,be7326cd1a97a93dc03052758000c11b79350a74ae68b3e5f287ad558a3704c3,512,512,,,,,,,,,
test,SL1,ydfid/SL1/test/good/ydfid_good_002199.bmp,,0,True,5eeebcaf2fd0d4a150ce1dfdc4e6d291f2354c69a870b92efda3d52e77b2fd02,512,512,,,,,,,,,
test,SL1,ydfid/SL1/test/good/ydfid_good_002200.bmp,,0,True,a038e1683d2383350ee0a3edfe1c274cd92d45172810ff28a5b7b19260a35ac0,512,512,,,,,,,,,
test,SL1,ydfid/SL1/test/good/ydfid_good_002201.bmp,,0,True,129a8b5dee4cde7c56b3d2ffe8c67942be64ad53065d3829ba320652a985e48f,512,512,,,,,,,,,
test,SL1,ydfid/SL1/test/good/ydfid_good_002202.bmp,,0,True,77dbf35889f7bde4a4c11fcdde69dafc740a600bffbb803cb92da1d86b9c48c3,512,512,,,,,,,,,
test,SL1,ydfid/SL1/test/good/ydfid_good_002203.bmp,,0,True,b247c72f412b92ce4401793ed07af46b636d6385b0f1479e34526caaaa2b597c,512,512,,,,,,,,,
test,SL1,ydfid/SL1/test/good/ydfid_good_002204.bmp,,0,True,ff7960c992b274e727c5b697549c387fa3936aa23c5977e8fe244bbae81a5ec1,512,512,,,,,,,,,
test,SL1,ydfid/SL1/test/good/ydfid_good_002205.bmp,,0,True,3da3549ede7933b37364f753c870b8979de4b3272b00c1aed97ce4f2f0c57f4c,512,512,,,,,,,,,
test,SL1,ydfid/SL1/test/good/ydfid_good_002206.bmp,,0,True,a5081d94c610c1d728ef4e33175d0994856419744951e1bfcdaa16a5347df7d0,512,512,,,,,,,,,
test,SL1,ydfid/SL1/test/good/ydfid_good_002207.bmp,,0,True,33c2c5d971d02046522e2d238d765f8b9614fba77b9c74a9cf2248b7b1baf64f,512,512,,,,,,,,,
test,SL1,ydfid/SL1/test/good/ydfid_good_002208.bmp,,0,True,dee21ec048416e6c5df1307ef10586987acc6f415dfbb1dc1a4fd78384a4bb10,512,512,,,,,,,,,
test,SL1,ydfid/SL1/test/good/ydfid_good_002209.bmp,,0,True,1170f723a368d3e882b39707abb2b3dcbffce86f85971bc06126700f3a7c6d0f,512,512,,,,,,,,,
test,SL1,ydfid/SL1/test/good/ydfid_good_002210.bmp,,0,True,9c06a4b463425b6cdd1a761dbf31693853ed1f6ec21f579eb0cef92db8fdcb66,512,512,,,,,,,,,
test,SL1,ydfid/SL1/test/good/ydfid_good_002211.bmp,,0,True,3f62f0efbea31df96e7d83d705f9919d13ad53a6bef209aa67187fbbaa8eb2a5,512,512,,,,,,,,,
test,SL1,ydfid/SL1/test/good/ydfid_good_002212.bmp,,0,True,b7b6ae0bd64b20ff62ecbba3bee74967b550f396280ece09c11485713c148c5c,512,512,,,,,,,,,
test,SL1,ydfid/SL1/test/good/ydfid_good_002213.bmp,,0,True,9599dd9cbe4bcaf6a3aa5aa7baa9d2844fa9d1764fb990a46dace1a671e529b0,512,512,,,,,,,,,
test,SL1,ydfid/SL1/test/good/ydfid_good_002214.bmp,,0,True,55c42f65118545391c23204a0534dad8ae1106c67adffcf30bc364f9d2415d43,512,512,,,,,,,,,
test,SL1,ydfid/SL1/test/good/ydfid_good_002215.bmp,,0,True,fe08f5e6fc6a85c22f42c105fc10bbdd695aae0256265f337f3eb98ad0179b39,512,512,,,,,,,,,
test,SL1,ydfid/SL1/test/good/ydfid_good_002216.bmp,,0,True,c6510274f4e7a5f2038b8fcaf84b6ff8198f65c67701af945c1aa148f0dd958d,512,512,,,,,,,,,
test,SL1,ydfid/SL1/test/good/ydfid_good_002217.bmp,,0,True,b10c6c5ca45b52528341b4f3d46c88e49050c5c3f674f8b088122188f0fa8db1,512,512,,,,,,,,,
test,SL1,ydfid/SL1/test/good/ydfid_good_002218.bmp,,0,True,8729170b2556c141ac27b7ca333401c57b01474f1230e226e63fca36f2010a54,512,512,,,,,,,,,
test,SL1,ydfid/SL1/test/good/ydfid_good_002219.bmp,,0,True,50890b890d96bcf3c61f4feeac70bed786846a6d58b687f0a2115835d3585220,512,512,,,,,,,,,
test,SL1,ydfid/SL1/test/good/ydfid_good_002220.bmp,,0,True,4d6682768ecee7e9d6d8e2e11c21933184487976b9e52e4cb4f4773f7024949a,512,512,,,,,,,,,
test,SL1,ydfid/SL1/test/good/ydfid_good_002221.bmp,,0,True,067b0bd9d1b1a16a8ad563c718d67be242d5ec0b5d3f3592ad5e9b65deff257b,512,512,,,,,,,,,
test,SL1,ydfid/SL1/test/good/ydfid_good_002222.bmp,,0,True,742be8da8fb2a2f200b337066ce56d01c6a09daa8345560ed2522f8c39f8253f,512,512,,,,,,,,,
test,SL1,ydfid/SL1/test/good/ydfid_good_002223.bmp,,0,True,8ffa9bf17b4c2286b73d06e3a7720893bef91b473b280105102d46da3dc4b5e4,512,512,,,,,,,,,
test,SL1,ydfid/SL1/test/good/ydfid_good_002224.bmp,,0,True,7062c3fa76cb8254f1e4e381f51683fdfe253dc334b36831508d421927d12b9f,512,512,,,,,,,,,
test,SL1,ydfid/SL1/test/good/ydfid_good_002225.bmp,,0,True,1d7aaf4a90a9be7aaf228ad079c97d34e966648176fd58208c152dc49ef3917a,512,512,,,,,,,,,
test,SL1,ydfid/SL1/test/good/ydfid_good_002226.bmp,,0,True,5428970bbdfff9024524609d0392193d901c9770cf9ad765b1c46b548115ca5c,512,512,,,,,,,,,
test,SL1,ydfid/SL1/test/good/ydfid_good_002227.bmp,,0,True,48e17ad70f315c271fafb80f9bda47a2f822edb7007b40a0fb85509100c3b886,512,512,,,,,,,,,
test,SL1,ydfid/SL1/test/good/ydfid_good_002228.bmp,,0,True,f38d9dab9567af8242abdbc9814fcca8ba6c2868cccc7b94d5a1c0c5574d2f2d,512,512,,,,,,,,,
test,SL1,ydfid/SL1/test/good/ydfid_good_002229.bmp,,0,True,1814797d163d4f5086ee2e626a6b28d8fbd4413e9f4b15fafb029a2d067c531c,512,512,,,,,,,,,
test,SL1,ydfid/SL1/test/good/ydfid_good_002230.bmp,,0,True,63105eb70ce6f339cf31d47a0091e85f0db62d243ff9d94d0a484c1c6330cd7f,512,512,,,,,,,,,
test,SL1,ydfid/SL1/test/good/ydfid_good_002231.bmp,,0,True,367181680919cbb2057c5b1a162d7930bb4ed1c685121ced4e555cc0986256f5,512,512,,,,,,,,,
test,SL1,ydfid/SL1/test/good/ydfid_good_002232.bmp,,0,True,9f1465f02e34744a49f9081e7df2fd385d8bee5c0afc9b12e7f68b3ea6f85537,512,512,,,,,,,,,
test,SL1,ydfid/SL1/test/good/ydfid_good_002233.bmp,,0,True,717c80e44126a90f009fe640fc643ea5f0c5ab5f6aac02b1800022456158675f,512,512,,,,,,,,,
test,SL1,ydfid/SL1/test/good/ydfid_good_002234.bmp,,0,True,7f19177c481bee375fcc2995ce0daccb25f7ca3b1c959b3aa4e2e99a74de28d1,512,512,,,,,,,,,
test,SL1,ydfid/SL1/test/good/ydfid_good_002235.bmp,,0,True,422987334125f0e91f48f2b95f7b36721a8cf9a40b862a519aeaefce00bc501c,512,512,,,,,,,,,
test,SL1,ydfid/SL1/test/good/ydfid_good_002236.bmp,,0,True,2bc51923697629ec1ed3400e0d71db473963b5de5227ba12fbb3dfe277def231,512,512,,,,,,,,,
test,SL1,ydfid/SL1/test/good/ydfid_good_002237.bmp,,0,True,0870e5d4fde528cd10181ab69562e57725bdeeb07ba4ee760bafa74878ca369a,512,512,,,,,,,,,
test,SL1,ydfid/SL1/test/good/ydfid_good_002238.bmp,,0,True,0ebe43800ea09c21f2aa12f9bf1972497703e428e6e0dedc3b20003b6c5800bd,512,512,,,,,,,,,
test,SL1,ydfid/SL1/test/good/ydfid_good_002239.bmp,,0,True,7339bd47616674735a3864854a12b26392541f81a4557a0e8524292f9b94c157,512,512,,,,,,,,,
test,SL1,ydfid/SL1/test/good/ydfid_good_002240.bmp,,0,True,5bfb2810a530612a3143f12f3bccd06563d3242344b08d3ae810394238d5daaa,512,512,,,,,,,,,
test,SL1,ydfid/SL1/test/good/ydfid_good_002241.bmp,,0,True,0413991223fb6339f7bb8578049ecc76bbd5bb427079655e4a83ed5e0ab04d62,512,512,,,,,,,,,
test,SL1,ydfid/SL1/test/good/ydfid_good_002242.bmp,,0,True,c5ff9fb3b11df1d85daf05885560a434c1a8d4f289e09b4632d91cf275f3fbfe,512,512,,,,,,,,,
test,SL1,ydfid/SL1/test/good/ydfid_good_002243.bmp,,0,True,dbe348c9063e5303802534880c275f9649c4c491f7ac0d0a04e97a8889823d5d,512,512,,,,,,,,,
test,SL1,ydfid/SL1/test/good/ydfid_good_002244.bmp,,0,True,fdf384b3f9044f236c21f6d2bcfd9323c3e1679755910b500b8a4ec4f87045c5,512,512,,,,,,,,,
test,SL1,ydfid/SL1/test/good/ydfid_good_002245.bmp,,0,True,76ddcfc4702c2f6e6e49085fa8abd0d225ee021504e346acbd5183a6989cc0dc,512,512,,,,,,,,,
test,SL1,ydfid/SL1/test/good/ydfid_good_002246.bmp,,0,True,6b9714fd6dcef330edb3375550b6a0e11febd1f80695075ee2df8d6899bac1a6,512,512,,,,,,,,,
test,SL1,ydfid/SL1/test/good/ydfid_good_002247.bmp,,0,True,cba9d4191c8fbd173e20d32f1b9a6e14d76033d5b2659d31b25c7affd17c240f,512,512,,,,,,,,,
test,SL1,ydfid/SL1/test/good/ydfid_good_002248.bmp,,0,True,d7cdc81727e7564290b07224d7048a35c475154bf30d1d9eec7825e7c5e2ac7b,512,512,,,,,,,,,
test,SL1,ydfid/SL1/test/good/ydfid_good_002249.bmp,,0,True,36a478b7a185aff4f368ab26ed4e186c99a6b21ef4b9c10dc5e250b634f40ba5,512,512,,,,,,,,,
test,SL1,ydfid/SL1/test/good/ydfid_good_002250.bmp,,0,True,9be023cf1ac455a965a4867d45509a3399739d0924653dbf43d74a8540ceaf73,512,512,,,,,,,,,
test,SL1,ydfid/SL1/test/good/ydfid_good_002251.bmp,,0,True,bc16c0fb38bf9db2d8b612abb65e99554742f1431782ca0b99a9b03a37aa6060,512,512,,,,,,,,,
test,SL1,ydfid/SL1/test/good/ydfid_good_002252.bmp,,0,True,f48b169c2fad920bdc404c72348d03b597090870a00e3d899bfb96c32b12f445,512,512,,,,,,,,,
test,SL1,ydfid/SL1/test/good/ydfid_good_002253.bmp,,0,True,e8e8d3268926faa3161cec7ab2d4156066b889b69641498eba5089acef1c46da,512,512,,,,,,,,,
test,SL1,ydfid/SL1/test/good/ydfid_good_002254.bmp,,0,True,de09b1532c27e1532bca51fda4e6ebb4aeb2ff01fb97c75b6c46408bd0e7f1ff,512,512,,,,,,,,,
test,SL1,ydfid/SL1/test/good/ydfid_good_002255.bmp,,0,True,1c7d263599f3991dd4402f455b9a1f83def45f11b66f99f80dbebd542646ba90,512,512,,,,,,,,,
test,SL1,ydfid/SL1/test/good/ydfid_good_002256.bmp,,0,True,e3876fc29a675236e6929200b2598d2bb00727a14f79c8de7e1d5990d9566de2,512,512,,,,,,,,,
test,SL1,ydfid/SL1/test/good/ydfid_good_002257.bmp,,0,True,23208ce4d0cea133e5e325f907393784828f5a97b8ad3e0ad7f14ce28ddd6716,512,512,,,,,,,,,
test,SL1,ydfid/SL1/test/good/ydfid_good_002258.bmp,,0,True,b74cb0ce5d232837bcb9eeee57275ef46cc60f0894755ae45b8748e0244068f5,512,512,,,,,,,,,
test,SL1,ydfid/SL1/test/good/ydfid_good_002259.bmp,,0,True,0afd320274d63d58c6f9290d39e8eb2eedbc2c516cf8085a4c97062ac72beab9,512,512,,,,,,,,,
test,SL1,ydfid/SL1/test/good/ydfid_good_002260.bmp,,0,True,94e9e05fa784e54c8be6e979071eb965a2cdb1fe57d21111b1b27e4f09d5bc78,512,512,,,,,,,,,
test,SL1,ydfid/SL1/test/good/ydfid_good_002261.bmp,,0,True,e3467b00867914a87392d8d8f05a408da9a05dd8634bf9d743a2e5f0932e5edf,512,512,,,,,,,,,
test,SL1,ydfid/SL1/test/good/ydfid_good_002262.bmp,,0,True,b5f55fd5884861ba65621adcf1a200890fc4da308bec52d888e4c363f70a3cc0,512,512,,,,,,,,,
test,SL1,ydfid/SL1/test/good/ydfid_good_002263.bmp,,0,True,b481959d1251192712622b0d55de985c3166054a042b2b832354fe0b7a2453d2,512,512,,,,,,,,,
test,SL1,ydfid/SL1/test/good/ydfid_good_002264.bmp,,0,True,0b0ce56d781b8b674fb338c5707715f8df59b8f9b1498bf702a849b2b07953c8,512,512,,,,,,,,,
test,SL1,ydfid/SL1/test/good/ydfid_good_002265.bmp,,0,True,e83c71ebdf1b811f0a931e1e56fff98aa3b093873b1bba47baa51f51d7c8b1eb,512,512,,,,,,,,,
test,SL1,ydfid/SL1/test/good/ydfid_good_002266.bmp,,0,True,d93c028be22a579ff56f4a58f40587d9d4dd3ce431651569902cc7c7e471a9df,512,512,,,,,,,,,
test,SL1,ydfid/SL1/test/good/ydfid_good_002267.bmp,,0,True,0bb2b4a48e64cfbfe7f7855ddd1758ce243fafa06e944a04534247600a23b0cc,512,512,,,,,,,,,
test,SL1,ydfid/SL1/test/good/ydfid_good_002268.bmp,,0,True,cbc4b98468b1ed1e2cab58b4509ee47657997418d974b9e6d1ff49d34ad67005,512,512,,,,,,,,,
test,SL1,ydfid/SL1/test/good/ydfid_good_002269.bmp,,0,True,c980908993dc5c1178b55ea5504d740a35131be76bd08a04d25d114a69d856b4,512,512,,,,,,,,,
test,SL1,ydfid/SL1/test/good/ydfid_good_002270.bmp,,0,True,2f67b9daf9572a0f83f5d998e86831dc4b2b18a51dbd68fb495021bf5ddc21e5,512,512,,,,,,,,,
test,SL1,ydfid/SL1/test/good/ydfid_good_002271.bmp,,0,True,73f52f380bd82490e397942528412d0bbb21e2fbe15647d9248327a13153e2f1,512,512,,,,,,,,,
test,SL1,ydfid/SL1/test/good/ydfid_good_002272.bmp,,0,True,ed22cb769744d5d3c33c420e6032a90bbf417b0dcd99e866707cf8779805926e,512,512,,,,,,,,,
test,SL1,ydfid/SL1/test/good/ydfid_good_002273.bmp,,0,True,6c665eaed93527df47f7d4cea7160b58091fcf3c5f625d0ffee08ef6f1333aa6,512,512,,,,,,,,,
test,SL1,ydfid/SL1/test/good/ydfid_good_002274.bmp,,0,True,7ac9280052a9a90e241ee1a32dbc0dd0ab578210ea1b44d41def70d89f7ef6de,512,512,,,,,,,,,
test,SL1,ydfid/SL1/test/good/ydfid_good_002275.bmp,,0,True,0f5437276124721a34bd9bc827a76ae6729e1616e158d0eb87dfcdd83bcf2fb8,512,512,,,,,,,,,
test,SL1,ydfid/SL1/test/good/ydfid_good_002276.bmp,,0,True,77a41ea74ccad135c92a3b2a17d3a637530d30c47118e411614f68a84b135921,512,512,,,,,,,,,
test,SL1,ydfid/SL1/test/good/ydfid_good_002277.bmp,,0,True,9a4bdf9443b5be5214f7f6a1cd6dea33529cc7176d8f98f7a8916d85e9fc3ba0,512,512,,,,,,,,,
test,SL1,ydfid/SL1/test/good/ydfid_good_002278.bmp,,0,True,37d94420f587bfc5d019bfb7fdf7255bd0b0bd6e5f86357045c13b63917b4098,512,512,,,,,,,,,
test,SL1,ydfid/SL1/test/good/ydfid_good_002279.bmp,,0,True,00a7eecc3cc36fe87acdc893172e4abaa7f5b3a1daaa09385c15bf7a59908029,512,512,,,,,,,,,
test,SL1,ydfid/SL1/test/good/ydfid_good_002280.bmp,,0,True,ce8b517aa2b7855eeee6b8f7bf5ba00317d3b55221187ab0e27bcc232d5c515d,512,512,,,,,,,,,
test,SL1,ydfid/SL1/test/good/ydfid_good_002281.bmp,,0,True,2231582a587ef71002b71aaf328341dd4246c5e0f43b92f874da0d780613ed2a,512,512,,,,,,,,,
test,SL1,ydfid/SL1/test/good/ydfid_good_002282.bmp,,0,True,c4b7f5c4b7efea4a69c8b43b85b91409e59ff1bf310f332bfbb17c989263270b,512,512,,,,,,,,,
test,SL1,ydfid/SL1/test/good/ydfid_good_002283.bmp,,0,True,c635b7d22183a57f89f053251cf2fe29d4573ddf5e0f7434227e0ab12bbdef7a,512,512,,,,,,,,,
test,SL1,ydfid/SL1/test/good/ydfid_good_002284.bmp,,0,True,eaf6a5a21b649ec0d1b07c8ac8dd71071d2c83f5943c47006e8a4c688d1ea3ec,512,512,,,,,,,,,
test,SL1,ydfid/SL1/test/good/ydfid_good_002285.bmp,,0,True,88a3f5124cffb674f9c1831b16b99b94b16b3ca9e8dad0554c279684d4e56d61,512,512,,,,,,,,,
test,SL1,ydfid/SL1/test/good/ydfid_good_002286.bmp,,0,True,0caa7a2d60de1b629479e688bf5f0b3b87f54dc4e862d745b359fd80876b320a,512,512,,,,,,,,,
test,SL1,ydfid/SL1/test/good/ydfid_good_002287.bmp,,0,True,09ecc83fb505ba689e392da3e8e065ff4af6032001297c7c4e188fac493fe117,512,512,,,,,,,,,
test,SL1,ydfid/SL1/test/good/ydfid_good_002288.bmp,,0,True,e5e47e0d4dbe48102ab7b868b4fee543de3c8a36a7d32d36728c055a8dc50d38,512,512,,,,,,,,,
test,SL1,ydfid/SL1/test/good/ydfid_good_002289.bmp,,0,True,5cd3484faebc98ea8a6d46383b0bbe2219f2936d0a358fac38b28e003eae5c4c,512,512,,,,,,,,,
test,SL1,ydfid/SL1/test/good/ydfid_good_002290.bmp,,0,True,7c9072566dd175ade9ed28535bb9dafec38fb04c2348d0df5669d62dafd47315,512,512,,,,,,,,,
test,SL1,ydfid/SL1/test/good/ydfid_good_002291.bmp,,0,True,ab8df4ab7d565591006017e6aea453a1e1b66025464e33a105094f16215bef22,512,512,,,,,,,,,
test,SL1,ydfid/SL1/test/good/ydfid_good_002292.bmp,,0,True,9e103bf43884825583ab9f12ca5ef69f1b6ade628876633501e9ace09266a887,512,512,,,,,,,,,
test,SL1,ydfid/SL1/test/good/ydfid_good_002293.bmp,,0,True,2de0eb75ab12a960fd1ca1dec2e42872dc57341ddab553dce92be6e178da4f01,512,512,,,,,,,,,
test,SL1,ydfid/SL1/test/good/ydfid_good_002294.bmp,,0,True,a3836adc72d8c05240654cccea595c2b307a1d33755659fc88d0378c102c123f,512,512,,,,,,,,,
test,SL1,ydfid/SL1/test/good/ydfid_good_002295.bmp,,0,True,d34ac6e579c4fd7b028899fe453bb184dea292455b684fcfb96dfc494ca45352,512,512,,,,,,,,,
test,SL1,ydfid/SL1/test/good/ydfid_good_002296.bmp,,0,True,db395ef43e4cb5d72f694def9a9762a0698d8a841abbce424e63ed4c16f93172,512,512,,,,,,,,,
test,SL1,ydfid/SL1/test/good/ydfid_good_002297.bmp,,0,True,75561031ad6c5df42d6567ce8c94aaf577d743c54163bfe067e5fc8d0318229c,512,512,,,,,,,,,
test,SL1,ydfid/SL1/test/good/ydfid_good_002298.bmp,,0,True,1e36861ecd58f1e34b931b41f05cdbd789627cde4bb2e4e087f9f50ef0089542,512,512,,,,,,,,,
test,SL1,ydfid/SL1/test/good/ydfid_good_002299.bmp,,0,True,7485a89cd66e3c12bace4388019900bfb19e94aea7adde276891d5d1decba40b,512,512,,,,,,,,,
test,SL1,ydfid/SL1/test/good/ydfid_good_002300.bmp,,0,True,3d79bd379e318b384300413d9dda2063efc7909597e158d4b291f6b3c4d3fbe1,512,512,,,,,,,,,
test,SL1,ydfid/SL1/test/good/ydfid_good_002301.bmp,,0,True,5ec3352dafe8bc7ab668b9846437a485a018dde4768fadc4feb2ce8eeb7fed02,512,512,,,,,,,,,
test,SL1,ydfid/SL1/test/good/ydfid_good_002302.bmp,,0,True,940a5acbb61012750a6bb8e43fee656e8f66019b52583a85b2d07b4791264957,512,512,,,,,,,,,
test,SL1,ydfid/SL1/test/good/ydfid_good_002303.bmp,,0,True,71325a70e98712635c5cd53a1147adc3b1c8ace7ab429fef6392c829d73c48e3,512,512,,,,,,,,,
test,SL1,ydfid/SL1/test/good/ydfid_good_002304.bmp,,0,True,27bc1c82422bd7e5f25d04877b592977f35c720b81644d583256cd786dd69659,512,512,,,,,,,,,
test,SL1,ydfid/SL1/test/good/ydfid_good_002305.bmp,,0,True,00aaf85c2c13de8008483247dbc5108d4fb2952006e51bdacb29ba1d1a6c01a9,512,512,,,,,,,,,
test,SL1,ydfid/SL1/test/good/ydfid_good_002306.bmp,,0,True,a755699e1cd0ea8e25b7f9cb688bd43c16b1765cc330f1a3d0121553896ffd4c,512,512,,,,,,,,,
test,SL1,ydfid/SL1/test/good/ydfid_good_002307.bmp,,0,True,d0c44ed088ba3d8e6fd059ee87c9bb4c3f0034f15164898448467e152b2b91b6,512,512,,,,,,,,,
test,SL1,ydfid/SL1/test/good/ydfid_good_002308.bmp,,0,True,39ae09e4f12462ebb333fa64b0c07f48b9ade60b694edca5745c28685c75a08e,512,512,,,,,,,,,
test,SL1,ydfid/SL1/test/good/ydfid_good_002309.bmp,,0,True,47aa696c27b688c286fb8abbedb8b1ca3c0653de9669fadc609fb8835630ec56,512,512,,,,,,,,,
test,SL1,ydfid/SL1/test/good/ydfid_good_002310.bmp,,0,True,9b4b278d65b522b90838ee0f137924365286c66a7ccf462ec61aac9300d1cc4d,512,512,,,,,,,,,
test,SL1,ydfid/SL1/test/good/ydfid_good_002311.bmp,,0,True,834ab3e0679dc1423b507e380533004525e5c7d1d0ac138bf34f9253721a605c,512,512,,,,,,,,,
test,SL1,ydfid/SL1/test/good/ydfid_good_002312.bmp,,0,True,d910e6ffd8ffec2b6339e21deea13f846911ccd6bfa61b7a828aca567a62e70d,512,512,,,,,,,,,
test,SL1,ydfid/SL1/test/good/ydfid_good_002313.bmp,,0,True,8c5ab20074c2596c7560d986db21aa8087223d8a2675dae8996c60f8ae75a4cf,512,512,,,,,,,,,
test,SL1,ydfid/SL1/test/good/ydfid_good_002314.bmp,,0,True,76364531529f7cb62c9cefa8c738112ed6979da1cbf84e088d4a6b9a8d3f0ca0,512,512,,,,,,,,,
test,SL1,ydfid/SL1/test/good/ydfid_good_002315.bmp,,0,True,b58d6d5394bf577a0b0d758fa7e952ec2d847ad33f2c4351cd6b2dc1e0cb09e0,512,512,,,,,,,,,
test,SL1,ydfid/SL1/test/good/ydfid_good_002316.bmp,,0,True,b6eaff2d2fc3d42fea14ea42b55d73a7b84b4d2c3403846e3a716a0d43db7eac,512,512,,,,,,,,,
test,SL1,ydfid/SL1/test/good/ydfid_good_002317.bmp,,0,True,94a655e6da83021061d13e2ebcc69932225e1918acb915a4cc0c30a7958c4f86,512,512,,,,,,,,,
test,SL1,ydfid/SL1/test/good/ydfid_good_002318.bmp,,0,True,c1ab10acfdcfed10248a08989b4e890639fec3156c70fde959a0d3c1be45a828,512,512,,,,,,,,,
test,SL1,ydfid/SL1/test/good/ydfid_good_002319.bmp,,0,True,65f9b421ab47566faf229623570ad49c54a37158db55e05a35c925fdf456d05e,512,512,,,,,,,,,
test,SL1,ydfid/SL1/test/good/ydfid_good_002320.bmp,,0,True,a7de51d6b681fbc287603d711c2a50f9919dea68651a989f764145b64ed043ce,512,512,,,,,,,,,
test,SL1,ydfid/SL1/test/good/ydfid_good_002321.bmp,,0,True,c89fab4185bb74262bf70a126a20c53c64331896178c027d045e51b456328a78,512,512,,,,,,,,,
test,SL1,ydfid/SL1/test/good/ydfid_good_002322.bmp,,0,True,946287ffcaec3d8284d985862423d52b91f446b8db47ebbaf5b0c0ddd86f4194,512,512,,,,,,,,,
test,SL1,ydfid/SL1/test/good/ydfid_good_002323.bmp,,0,True,5131a627f2f4a0c7ec2bf9145a44df0eaf629843bb75d91ece5e73e7aa9a4634,512,512,,,,,,,,,
test,SL1,ydfid/SL1/test/good/ydfid_good_002324.bmp,,0,True,92f6ba8a2af27d7fbfbfeef2e9bba572a711f47a3e48e3e7a94b7a48d64c30e4,512,512,,,,,,,,,
test,SL1,ydfid/SL1/test/good/ydfid_good_002325.bmp,,0,True,9902c403c05f09fa46d64cd250ba16247017819f8aff4a43a42a7d34fc75e1e8,512,512,,,,,,,,,
test,SL1,ydfid/SL1/test/good/ydfid_good_002326.bmp,,0,True,96e1a11ff5fb3186034309fac087a723de25f95ea2879c5e51931d06b0aa6997,512,512,,,,,,,,,
test,SL1,ydfid/SL1/test/good/ydfid_good_002327.bmp,,0,True,6cf8cf56d97210ef1d7d7ca44a75a0a6fecc16663f550d9fcabc189ccaa10892,512,512,,,,,,,,,
test,SL1,ydfid/SL1/test/good/ydfid_good_002328.bmp,,0,True,a4b61bc80aa1e74af0b3075244230c91c782a3f35043dcf79769958eef977ef6,512,512,,,,,,,,,
test,SL1,ydfid/SL1/test/good/ydfid_good_002329.bmp,,0,True,186e08287d69769a4b38ea89641d7d9aabb4aa2ab20e0fb3bd3a162ddc9f9d88,512,512,,,,,,,,,
test,SL1,ydfid/SL1/test/good/ydfid_good_002330.bmp,,0,True,300273e4aca00ca8ce70f78c5e92c21909f55d77f4f16546f9a9cb026e3eeb1c,512,512,,,,,,,,,
test,SL1,ydfid/SL1/test/good/ydfid_good_002331.bmp,,0,True,1e91b23522befefeb9bbda5a77a9a0038b940ee957bfdc25f49850e0bf22bf06,512,512,,,,,,,,,
test,SL1,ydfid/SL1/test/good/ydfid_good_002332.bmp,,0,True,1f829e5d706aa6d7ae748a01842968d303c9d57d0511fc887db3ab390a327403,512,512,,,,,,,,,
test,SL1,ydfid/SL1/test/good/ydfid_good_002333.bmp,,0,True,8084633b215b0f758b2ca7b281f511cc30286e40497892ce0aee5df85912fc87,512,512,,,,,,,,,
test,SL1,ydfid/SL1/test/good/ydfid_good_002334.bmp,,0,True,19d2bb2ae237c312e762bd23a9774a3752300ad4d803c31824ce7244b35c029d,512,512,,,,,,,,,
test,SL1,ydfid/SL1/test/good/ydfid_good_002335.bmp,,0,True,c7eff2a099c1691a2411ba045c715d8d73b456aa32ff1c53172822a74d00a2d5,512,512,,,,,,,,,
test,SL1,ydfid/SL1/test/good/ydfid_good_002336.bmp,,0,True,db3a2fac8b0efe8a70a2bfbac5d2e376f0df7ceb387be039fb2c2c2425af13d8,512,512,,,,,,,,,
test,SL1,ydfid/SL1/test/good/ydfid_good_002337.bmp,,0,True,adb3c8fad46bca8d23564abe2e9461df6729b03f350c88ad795869fad9458585,512,512,,,,,,,,,
test,SL1,ydfid/SL1/test/good/ydfid_good_002338.bmp,,0,True,c8c98e51c3b12c6c62ee235be1bcd43222ab614bef56d24a0bc46fca99650aa1,512,512,,,,,,,,,
test,SL1,ydfid/SL1/test/good/ydfid_good_002339.bmp,,0,True,e9c8029dddb672b9d6c23cf20ff92990e88cc5b7a6a4f6388532a19a8ef0706b,512,512,,,,,,,,,
test,SL1,ydfid/SL1/test/good/ydfid_good_002340.bmp,,0,True,7cac333d3e4c585935fdd90a6a39a00d03aaf648ed3bdb44fe1ddbe85a4d2964,512,512,,,,,,,,,
test,SL1,ydfid/SL1/test/good/ydfid_good_002341.bmp,,0,True,23c5117bd8c4ea9564813d8feb23a2e4a025d3f3e8af1a29b62c8d24ff6307f5,512,512,,,,,,,,,
test,SL1,ydfid/SL1/test/good/ydfid_good_002342.bmp,,0,True,ad543a711f959ac27e434b94cf62d8df2e225e8c6acffac79900bef7558e3cf9,512,512,,,,,,,,,
test,SL1,ydfid/SL1/test/good/ydfid_good_002343.bmp,,0,True,ac0875d2ddc92ec3121753d3cd3ec182bf8ab18357f3074af27747bc26b3b721,512,512,,,,,,,,,
test,SL1,ydfid/SL1/test/good/ydfid_good_002344.bmp,,0,True,09d59ceebff4a46be44e36a9792b47f4f889312c455fbe81d983391fd349e843,512,512,,,,,,,,,
test,SL1,ydfid/SL1/test/good/ydfid_good_002345.bmp,,0,True,872172996f464613eb5fd87ec95b603a839467910445637ceb3c6f688b449616,512,512,,,,,,,,,
test,SL1,ydfid/SL1/test/good/ydfid_good_002346.bmp,,0,True,eefc2ffe9b99bbfb6653ad43bc2e16c58d365aa325be43ab88bca6362bc58b8b,512,512,,,,,,,,,
test,SL1,ydfid/SL1/test/good/ydfid_good_002347.bmp,,0,True,054be94046610523b85d9bf0cfb5f05e4e8308627f8b385568bd57d873f21f09,512,512,,,,,,,,,
test,SL1,ydfid/SL1/test/good/ydfid_good_002348.bmp,,0,True,d5f0015ff2f72735b13c9eb63ed7d4943e5009ee652d1f75dda619d86d9f5739,512,512,,,,,,,,,
test,SL1,ydfid/SL1/test/good/ydfid_good_002349.bmp,,0,True,fabe0710229b7c7a510b0f833c849b54edc0c304d726d41f6ff57cd4cfb11659,512,512,,,,,,,,,
test,SL1,ydfid/SL1/test/good/ydfid_good_002350.bmp,,0,True,aa772b129a5d6bffe6b5c48497d135db360df6b60685102ab817f308d959b40b,512,512,,,,,,,,,
test,SL1,ydfid/SL1/test/good/ydfid_good_002351.bmp,,0,True,a7810740188a4ac5f78a5896f22367ec59e6ed47d72ef4be749bcab7c483c13d,512,512,,,,,,,,,
test,SL1,ydfid/SL1/test/good/ydfid_good_002352.bmp,,0,True,a152598f6a63ec190e566dd30dbeb93661361a2662dd9a7b7950f10b8e67f2b7,512,512,,,,,,,,,
test,SL1,ydfid/SL1/test/good/ydfid_good_002353.bmp,,0,True,f44663a35a249eeb7d4243fd67c405d0381c6ed1ea7bebbe809bb0ce36b6f100,512,512,,,,,,,,,
test,SL1,ydfid/SL1/test/good/ydfid_good_002354.bmp,,0,True,1c026845732f87880bea2695689206aff5e203d485ef4557f97342e452cc9ed0,512,512,,,,,,,,,
test,SL1,ydfid/SL1/test/good/ydfid_good_002355.bmp,,0,True,f4d9650e2c2bbba47da7f5d927f066b171c8eecb7b4587958a13120b34420af7,512,512,,,,,,,,,
test,SL1,ydfid/SL1/test/good/ydfid_good_002356.bmp,,0,True,8200ca9e267829cb66d28133a8df2551852ef6fc194e2ae7e75586fdfd6a603f,512,512,,,,,,,,,
test,SL1,ydfid/SL1/test/good/ydfid_good_002357.bmp,,0,True,ac7f9c7b329cfb0763e563313d52d76af2ac00758d82a928dc198a8377caed41,512,512,,,,,,,,,
test,SL1,ydfid/SL1/test/good/ydfid_good_002358.bmp,,0,True,5fc8e94843977717b1e79ecc78a7f95f76ded502e6bfedceaed78d6970a67f5b,512,512,,,,,,,,,
test,SL1,ydfid/SL1/test/good/ydfid_good_002359.bmp,,0,True,b70e8636423b28e888279a3cee56663966dceed1abe57182b40563fe5013702c,512,512,,,,,,,,,
test,SL1,ydfid/SL1/test/good/ydfid_good_002360.bmp,,0,True,2bfb56bcb5e81048188daf874fff4704a59d4e6bcdde60db5d496efbdbc331a5,512,512,,,,,,,,,
test,SL1,ydfid/SL1/test/good/ydfid_good_002361.bmp,,0,True,053411c047c8915871d67754731a25b05f775b2c80041366d722d49c43e0e09a,512,512,,,,,,,,,
test,SL1,ydfid/SL1/test/good/ydfid_good_002362.bmp,,0,True,8b4b74e89ebe56b9752ffffcf510e074c0839c5719ceb06c203c5f7cdbcb6c42,512,512,,,,,,,,,
test,SL1,ydfid/SL1/test/good/ydfid_good_002363.bmp,,0,True,0d2eefea12690a050cc28dd7b7d3dc2cf5e41bb869e2f56708a72af7c8bb5cd7,512,512,,,,,,,,,
test,SL1,ydfid/SL1/test/good/ydfid_good_002364.bmp,,0,True,eaf622463ddd49dac7dd8442a4fc2ed38553a883c539633b781016282e35921a,512,512,,,,,,,,,
test,SL1,ydfid/SL1/test/good/ydfid_good_002365.bmp,,0,True,251f9cb98643907449e0f2851dbe7119bf1718a8b72ec07da5a740ef8ff4938e,512,512,,,,,,,,,
test,SL1,ydfid/SL1/test/good/ydfid_good_002366.bmp,,0,True,c98026cfa9c598ea4d964ebfb93a49bce667cc6261409e41ebc29252f35d1819,512,512,,,,,,,,,
test,SL1,ydfid/SL1/test/good/ydfid_good_002367.bmp,,0,True,c7d82f60530d900a5dfcb1201879e9c5313ec52f35622ee2dcedea419ce905c2,512,512,,,,,,,,,
test,SL1,ydfid/SL1/test/good/ydfid_good_002368.bmp,,0,True,581c2c962de09f30f0af502e254bea3e80fc93a136f5c8803b70b883719ba3f1,512,512,,,,,,,,,
test,SL1,ydfid/SL1/test/good/ydfid_good_002369.bmp,,0,True,4f8449147a80345bfb0ec99f90a0bd9a27765f42dcafa43ac7bfaa429ffa1eed,512,512,,,,,,,,,
test,SL1,ydfid/SL1/test/good/ydfid_good_002370.bmp,,0,True,87c38a68fd68245dd14f76fac76e1d5193f2f245410347d474c9d55efa3d2a83,512,512,,,,,,,,,
test,SL1,ydfid/SL1/test/good/ydfid_good_002371.bmp,,0,True,b4f9d6163ced7d501d97f1bde3a46ac730a5ddbd9392ae2f75ad367ca42a2c91,512,512,,,,,,,,,
test,SL1,ydfid/SL1/test/good/ydfid_good_002372.bmp,,0,True,5716cbcc1c561290b210e06400dbad402061b716ecd8c70bb4afaa3dee9432b5,512,512,,,,,,,,,
test,SL1,ydfid/SL1/test/good/ydfid_good_002373.bmp,,0,True,a57ec281e78fdb500ba1cbaa26533bc8ed4a0027771457557e360727490c0508,512,512,,,,,,,,,
test,SL1,ydfid/SL1/test/good/ydfid_good_002374.bmp,,0,True,b809fa90ec2c40f5f42f4b1a156a02447515c31193ad1e86dfeeda4f25bc8147,512,512,,,,,,,,,
test,SL1,ydfid/SL1/test/good/ydfid_good_002375.bmp,,0,True,ab143efa6daabf9222419fe95f4f9a4602398e96555184049b402dd1f5574ae7,512,512,,,,,,,,,
test,SL1,ydfid/SL1/test/good/ydfid_good_002376.bmp,,0,True,d44c2cd61293b16a6f847bf25c86bb1b058090ce0a9e230251d669ac85b6b9c4,512,512,,,,,,,,,
test,SL1,ydfid/SL1/test/good/ydfid_good_002377.bmp,,0,True,4c6ed9ab586b5de6f7827c824aa448b987920c307d0ce309dd1e1a4069a89a1b,512,512,,,,,,,,,
test,SL1,ydfid/SL1/test/good/ydfid_good_002378.bmp,,0,True,5aea27d0d706983586feabf35933f516059ab953cd63f8a612b46231acf6f311,512,512,,,,,,,,,
test,SL1,ydfid/SL1/test/good/ydfid_good_002379.bmp,,0,True,fc7b7ec4a5d943f0a1ab9acc21b4061d63e02a92a1d4e3ba55b9f579e68cdada,512,512,,,,,,,,,
test,SL1,ydfid/SL1/test/good/ydfid_good_002380.bmp,,0,True,958517d35771948cfacd594665e80e7bd15d36aad00f22826e8bf40533ce6d27,512,512,,,,,,,,,
test,SL1,ydfid/SL1/test/good/ydfid_good_002381.bmp,,0,True,f5e8b055297385f2686fbc6aef4a1489ca4b2e9e2462f85b68730f435cec7a07,512,512,,,,,,,,,
test,SL1,ydfid/SL1/test/good/ydfid_good_002382.bmp,,0,True,f679e7f54e601fdff1a6858117bf05549f06893b7904f0136ad1e83dbb02910a,512,512,,,,,,,,,
test,SL1,ydfid/SL1/test/good/ydfid_good_002383.bmp,,0,True,c98ed9f2339447ff649609e2b0f218081a36959f404f3f4b3bea997c0ae1243d,512,512,,,,,,,,,
test,SL1,ydfid/SL1/test/good/ydfid_good_002384.bmp,,0,True,b94c9807746c540cdb0dcbddcddc1fe08df1fc717243916ab4a0cad4f6f05a80,512,512,,,,,,,,,
test,SL1,ydfid/SL1/test/good/ydfid_good_002385.bmp,,0,True,f1f26375e8517073d3f813adbb9f1a2c24f54085b4625567c4ff2b16cacd9cc8,512,512,,,,,,,,,
test,SL1,ydfid/SL1/test/good/ydfid_good_002386.bmp,,0,True,58ec91e38b527fa7798e527da6e3c4089e5554e4adc1f59d067fedc6312b1f66,512,512,,,,,,,,,
test,SL1,ydfid/SL1/test/good/ydfid_good_002387.bmp,,0,True,0fde40faf9689f19e6a9cb7b852ea17f507e47bf48420880cadd94ba700b05c6,512,512,,,,,,,,,
test,SL1,ydfid/SL1/test/good/ydfid_good_002388.bmp,,0,True,684fe2464076cceda5508ac036fc446017b035a345ba5ba29426101c679f4367,512,512,,,,,,,,,
test,SL1,ydfid/SL1/test/good/ydfid_good_002389.bmp,,0,True,6f18981a78cbeeff35dc2969835e5093a893cdf92b14cacd297c968dd7151c05,512,512,,,,,,,,,
test,SL1,ydfid/SL1/test/good/ydfid_good_002390.bmp,,0,True,c881e33aa695fd43e1c5125646c75364336bfa00d02aaed0ff1984b09f884f1e,512,512,,,,,,,,,
test,SL1,ydfid/SL1/test/good/ydfid_good_002391.bmp,,0,True,6e84fa42c28e499e17b0f3893c3c07d405e1c00665597ae2bb459c91f9b44876,512,512,,,,,,,,,
test,SL1,ydfid/SL1/test/good/ydfid_good_002392.bmp,,0,True,38e90a2ba81e432716ca842818934a1cd64be7089d68a35c936bf3d892247286,512,512,,,,,,,,,
test,SL1,ydfid/SL1/test/good/ydfid_good_002393.bmp,,0,True,dcf4f22a7c3d08bbc918c87dcd016c2671051d28320f6175fe6bf256b5cdc616,512,512,,,,,,,,,
test,SL1,ydfid/SL1/test/good/ydfid_good_002394.bmp,,0,True,35d21633b4ac2cae213f871075144e53a8f6c750767eeb4a21adbe4b6c0d1036,512,512,,,,,,,,,
test,SL1,ydfid/SL1/test/good/ydfid_good_002395.bmp,,0,True,40d27248ee1133d3b35de4ce417b26c5ed99eb7ddd5cfd0b3ebe2aa4f381876d,512,512,,,,,,,,,
test,SL1,ydfid/SL1/test/good/ydfid_good_002396.bmp,,0,True,a60938ccc54fe578348902e34ba7713e5d53e6766a78d420bcf0346ac1125ab6,512,512,,,,,,,,,
test,SL1,ydfid/SL1/test/good/ydfid_good_002397.bmp,,0,True,1690b5bed5f4e1d3beeae595f2742139ba12924bd75bb3336962c7534437a6a5,512,512,,,,,,,,,
test,SL1,ydfid/SL1/test/good/ydfid_good_002398.bmp,,0,True,2194350a3d149c955c0f65eeb520028b23ba6d835e2a41163e6f032a2886564c,512,512,,,,,,,,,
test,SL1,ydfid/SL1/test/good/ydfid_good_002399.bmp,,0,True,400172c23a66d7e86a71a432bac06098eb5b405803ebc61792dfdad71a7a613e,512,512,,,,,,,,,
test,SL1,ydfid/SL1/test/good/ydfid_good_002400.bmp,,0,True,e5eefe33e1713af98915e808350718163b147a489ca6a0e143f0955ca7a5c4e4,512,512,,,,,,,,,
test,SL1,ydfid/SL1/test/good/ydfid_good_002401.bmp,,0,True,19d2bb2ae237c312e762bd23a9774a3752300ad4d803c31824ce7244b35c029d,512,512,,,,,,,,,
test,SL1,ydfid/SL1/test/good/ydfid_good_002402.bmp,,0,True,80a5ee1e22745d746e32766b58363fbedb38a715056d6fd13dade8e55d1e0a5a,512,512,,,,,,,,,
test,SL1,ydfid/SL1/test/good/ydfid_good_002403.bmp,,0,True,815fd84a604d24de464714b8c26398ede99d44461f78d30357d8717fc03ed0be,512,512,,,,,,,,,
test,SL1,ydfid/SL1/test/good/ydfid_good_002404.bmp,,0,True,45cf8a8aff170e926898dd38166962bf048ab9267d13bb97cd5fa71ff7adf412,512,512,,,,,,,,,
test,SL1,ydfid/SL1/test/good/ydfid_good_002405.bmp,,0,True,f2e5ff6075fa4bfcff3663abb878d844cac9eac7f886cb845e682bd0b940d3de,512,512,,,,,,,,,
test,SL1,ydfid/SL1/test/good/ydfid_good_002406.bmp,,0,True,9f5ceb9545c3a70c209c2435bf3afa1cc4da1fdc2dbb7cab5f8359ffd5c7c03f,512,512,,,,,,,,,
test,SL1,ydfid/SL1/test/good/ydfid_good_002407.bmp,,0,True,c0b782268b73bb0666f2b11ce92728778a50830a3ea4f9ef5d90d9521d6dc9e3,512,512,,,,,,,,,
test,SL1,ydfid/SL1/test/good/ydfid_good_002408.bmp,,0,True,ad110ee3f2a057d20717d4668cdaba7397b084248f297a4b762ecabfee4834af,512,512,,,,,,,,,
test,SL1,ydfid/SL1/test/good/ydfid_good_002409.bmp,,0,True,a21155d8fe308e403c87c2d1cb4626b910011c61f562ccf3d5ffa97c510c879f,512,512,,,,,,,,,
test,SL1,ydfid/SL1/test/good/ydfid_good_002410.bmp,,0,True,3d44cbd687139c324a335f669b0ff316f2fe7eb28ed2bf3a978f36c774133c41,512,512,,,,,,,,,
test,SL1,ydfid/SL1/test/good/ydfid_good_002411.bmp,,0,True,56cfb8edc961d93bf278496cfa7727237ed8f083e14cc2f2e97d110d4351254a,512,512,,,,,,,,,
test,SL1,ydfid/SL1/test/good/ydfid_good_002412.bmp,,0,True,8a21e556bd2ded1cb985d6fea111d6891eb012d2e64d7b175aeea4afe7a63fc0,512,512,,,,,,,,,
test,SL1,ydfid/SL1/test/good/ydfid_good_002413.bmp,,0,True,34661a22183544b246082888a7492aae3ff2c2e845d005bc827d4ca0cf96a497,512,512,,,,,,,,,
test,SL1,ydfid/SL1/test/good/ydfid_good_002414.bmp,,0,True,d1fa874d417b174e29d36a8589d6e6e8f4ebaa939a37edd910804e47a70284cf,512,512,,,,,,,,,
test,SL1,ydfid/SL1/test/good/ydfid_good_002415.bmp,,0,True,896518af23235c0c9145eb332225239091327e62fbd06194134072fa6690d55d,512,512,,,,,,,,,
test,SL1,ydfid/SL1/test/good/ydfid_good_002416.bmp,,0,True,497235dfc03725de6c8f3e7373c241d7b39fe743b7fcba28990e8098f84b8b59,512,512,,,,,,,,,
test,SL1,ydfid/SL1/test/good/ydfid_good_002417.bmp,,0,True,9f332149b9dd8a948307839d6a755c6115060c2757e3d6e74c18d7d7c0a82831,512,512,,,,,,,,,
test,SL1,ydfid/SL1/test/good/ydfid_good_002418.bmp,,0,True,25b8b4c156bb9472649725432330d99c58f750f1b1a9ac425bd2316b5a613e61,512,512,,,,,,,,,
test,SL1,ydfid/SL1/test/good/ydfid_good_002419.bmp,,0,True,7f1052171465f6dfdc1508bd23cde74ae11f6d2f23544f481c3aab44dd2316d1,512,512,,,,,,,,,
test,SL1,ydfid/SL1/test/good/ydfid_good_002420.bmp,,0,True,ab1c9b5a379cab9e8ee98f0fa4cd62368b3ea48e8e8d7a7f9aaf442c10b24d29,512,512,,,,,,,,,
test,SL1,ydfid/SL1/test/good/ydfid_good_002421.bmp,,0,True,6b7cb0c67cb5ec13ec74c58a910a5d7378409db5f6e0b26153d378dd9cd8be41,512,512,,,,,,,,,
test,SL1,ydfid/SL1/test/good/ydfid_good_002422.bmp,,0,True,12e97ee65b6859e0a3b48802ee2dead4c9d6f806183da986c7fff253e18fdc2f,512,512,,,,,,,,,
test,SL1,ydfid/SL1/test/good/ydfid_good_002423.bmp,,0,True,8a7721a831f927c9fbc9343e292d16bfdc082e65a89f952c98ea548a9f8c3687,512,512,,,,,,,,,
test,SL1,ydfid/SL1/test/good/ydfid_good_002424.bmp,,0,True,65817977c5806ac8cca77e77998dd360f7129a1913deeae50be3861be911bdeb,512,512,,,,,,,,,
test,SL1,ydfid/SL1/test/good/ydfid_good_002425.bmp,,0,True,d1fa874d417b174e29d36a8589d6e6e8f4ebaa939a37edd910804e47a70284cf,512,512,,,,,,,,,
test,SL1,ydfid/SL1/test/good/ydfid_good_002426.bmp,,0,True,398262bbf2137dd0a985e9326dd722355900478c86bcf20d04ebf3e6e6b65d36,512,512,,,,,,,,,
test,SL1,ydfid/SL1/test/good/ydfid_good_002427.bmp,,0,True,4f6f1c33aa1317f4849b64122a0a06519c6c15b514cd00f39699974d19e99a54,512,512,,,,,,,,,
test,SL1,ydfid/SL1/test/good/ydfid_good_002428.bmp,,0,True,709cc7aeb29b68b2a7e7acb66fd6afb21b24c42e5f6f46b2146ad73695ec2533,512,512,,,,,,,,,
test,SL1,ydfid/SL1/test/good/ydfid_good_002429.bmp,,0,True,b01efc46e486d490d3c74b24e8aba5fd6be938ccd7efff1d663bf77c1d5446f0,512,512,,,,,,,,,
test,SL1,ydfid/SL1/test/good/ydfid_good_002430.bmp,,0,True,94db4f335faae6fe541b9a6247d8bde219f461c7ed06534b3b3c6c01399716c6,512,512,,,,,,,,,
test,SL1,ydfid/SL1/test/good/ydfid_good_002431.bmp,,0,True,2f5f3e9b8f2a1ca4c81ccd370f32afe3cc94c870ac09a5a42a2443647a083915,512,512,,,,,,,,,
test,SL1,ydfid/SL1/test/good/ydfid_good_002432.bmp,,0,True,4ab8087bd03955970ecbda10f5e7d5a03a3b87e43dab4034b6f4c7f57d6b6b79,512,512,,,,,,,,,
test,SL1,ydfid/SL1/test/good/ydfid_good_002433.bmp,,0,True,42b49cd7dae83360ac2c1ccdb74a6bbce85007c3f511d9d1d9b7a81b43ffd448,512,512,,,,,,,,,
test,SL1,ydfid/SL1/test/good/ydfid_good_002434.bmp,,0,True,74afb2058a7633397672249d9a5ed644ad2bf613533757795cea83deda644bd8,512,512,,,,,,,,,
test,SL1,ydfid/SL1/test/good/ydfid_good_002435.bmp,,0,True,0ebf29a52b7ef269b64c7f955f487f75c24084af5a5ab5e1806c052aea0cff66,512,512,,,,,,,,,
test,SL1,ydfid/SL1/test/good/ydfid_good_002436.bmp,,0,True,74758843a3716d2c30e362df54e0d1bfe681961e795cab060bfe2ba00df0729a,512,512,,,,,,,,,
test,SL1,ydfid/SL1/test/good/ydfid_good_002437.bmp,,0,True,03372975dfd5dce518dda74b42b6e696a480b1ceeda176071ee47068f2146d7e,512,512,,,,,,,,,
test,SL1,ydfid/SL1/test/good/ydfid_good_002438.bmp,,0,True,dee6c1df920e176cf0a609ccce7f45ad735106b496e4b9ed91ae32b3133db6bc,512,512,,,,,,,,,
test,SL1,ydfid/SL1/test/good/ydfid_good_002439.bmp,,0,True,80948599b6b435c02baf28066c82ee4e00dbf6932902f561b49931be0f4bf0e1,512,512,,,,,,,,,
test,SL1,ydfid/SL1/test/good/ydfid_good_002440.bmp,,0,True,89e6ca4ad5ddda261adb764df39fef589f28616749fca0898991c91b3f4fe3e5,512,512,,,,,,,,,
test,SL1,ydfid/SL1/test/good/ydfid_good_002441.bmp,,0,True,316cad6fbfa6918546979c991ddf01d96b271d784468bcefbd8ff60354b0b7dd,512,512,,,,,,,,,
test,SL1,ydfid/SL1/test/good/ydfid_good_002442.bmp,,0,True,7026d7ca37dfae5566289d7e76b50c8a932ef0eb05c0bda4f97a3e57ddfe5dba,512,512,,,,,,,,,
test,SL1,ydfid/SL1/test/good/ydfid_good_002443.bmp,,0,True,59cb4dfb140fcbd4b7e8603060728f37732a9181a0fae47e5580c694b6de9c70,512,512,,,,,,,,,
test,SL1,ydfid/SL1/test/good/ydfid_good_002444.bmp,,0,True,11737fd1121293083c2cbce48196ad17eaf0a57b7d818d8115c2d63524a3f3d2,512,512,,,,,,,,,
test,SL1,ydfid/SL1/test/good/ydfid_good_002445.bmp,,0,True,575806c1cb73571d9e2c5a6d6a12d7b7ac3a52b52788a28a53bd2acf5b1fccf2,512,512,,,,,,,,,
test,SL1,ydfid/SL1/test/good/ydfid_good_002446.bmp,,0,True,8c94739119ee26d10d3ffd1777c7fbfc7c55164f9ded7a49ee76dda2872d4fe4,512,512,,,,,,,,,
test,SL1,ydfid/SL1/test/good/ydfid_good_002447.bmp,,0,True,c65134bc6f39665b1344125d2fbb55356fb94d9c141fb17fe1414505a014e49b,512,512,,,,,,,,,
test,SL1,ydfid/SL1/test/good/ydfid_good_002448.bmp,,0,True,682b4aafb4831da794161e216b9aa224a61cc0833bce61490efda6149bfa789b,512,512,,,,,,,,,
test,SL1,ydfid/SL1/test/good/ydfid_good_002449.bmp,,0,True,ecd19279327f8c4997054db877b906da3e9cb5852ebd570a6dee539d30298745,512,512,,,,,,,,,
test,SL1,ydfid/SL1/test/good/ydfid_good_002450.bmp,,0,True,6d107b7c1601467fc98bd8df334345d147f76e02e9786b3de16c18d24f125f0e,512,512,,,,,,,,,
test,SL1,ydfid/SL1/test/good/ydfid_good_002451.bmp,,0,True,989910c7185d3d626bf422239791bbbd987da0fb5c64d2d47b837d5b82e82bfb,512,512,,,,,,,,,
test,SL1,ydfid/SL1/test/good/ydfid_good_002452.bmp,,0,True,54d60357101099013557bfd19bc7b53ab2ac3dc7d1460ff81d35dc4c1d6e75bb,512,512,,,,,,,,,
test,SL1,ydfid/SL1/test/good/ydfid_good_002453.bmp,,0,True,b4618fdbec2da5765e7eea8825fbad0e1cacaf4c51ad9764e5d42f33f5804e2c,512,512,,,,,,,,,
test,SL1,ydfid/SL1/test/good/ydfid_good_002454.bmp,,0,True,053a6566dee23746550a23c0ebdc74b5a1621144fc2688abcdd3e0399f6f143c,512,512,,,,,,,,,
test,SL1,ydfid/SL1/test/good/ydfid_good_002455.bmp,,0,True,fe473aae8e0b6456b080be6d1fa071169cd1466b7698889c280b136237eccffb,512,512,,,,,,,,,
test,SL1,ydfid/SL1/test/good/ydfid_good_002456.bmp,,0,True,a60a71e4044f1211aeae43a205ab5b9e8a233e350e2c3eece6bba25a49106e3f,512,512,,,,,,,,,
test,SL1,ydfid/SL1/test/good/ydfid_good_002457.bmp,,0,True,d04509a0ba57e0a6b4b8ab2f463f7ac37f2fdc866176cc677c054f63acd40e50,512,512,,,,,,,,,
test,SL1,ydfid/SL1/test/good/ydfid_good_002458.bmp,,0,True,f4f400de96bc5ce2ec4b4eee61fcb3df817ea761cd232c2bc73b93db81904fa5,512,512,,,,,,,,,
test,SL1,ydfid/SL1/test/good/ydfid_good_002459.bmp,,0,True,47883e0df6a3fe5e9c24812a96ec56c6f2b4c83893bba83c479eca696fc3e53f,512,512,,,,,,,,,
test,SL1,ydfid/SL1/test/good/ydfid_good_002460.bmp,,0,True,0f0610e090f0eee1979b34042b66336b7471ebb230f7ae80ee28048ec5b5dc51,512,512,,,,,,,,,
test,SL1,ydfid/SL1/test/good/ydfid_good_002461.bmp,,0,True,b7c96ffd5877aa4db425d6ac611a3c33ccde2c5c0a2deb47f3dda6f0037ceaed,512,512,,,,,,,,,
test,SL1,ydfid/SL1/test/good/ydfid_good_002462.bmp,,0,True,602234cca3beadd707fe1994c007c7245aed3570aed506e40502c182c85f86d5,512,512,,,,,,,,,
test,SL1,ydfid/SL1/test/good/ydfid_good_002463.bmp,,0,True,3a814eadccf7f81d910931464e5d0796c5bdbe3a4eec9e5b44f8d4a92cc4fdbd,512,512,,,,,,,,,
test,SL1,ydfid/SL1/test/good/ydfid_good_002464.bmp,,0,True,55f45299c0481e1c25150b011be5d6964249c7b83ac0ad67f90290106dbacdb4,512,512,,,,,,,,,
test,SL1,ydfid/SL1/test/good/ydfid_good_002465.bmp,,0,True,748c6dbaeb2611cad6cadd39c644a5af4681a71146d61d101e8e2133d1b8c876,512,512,,,,,,,,,
test,SL1,ydfid/SL1/test/good/ydfid_good_002466.bmp,,0,True,10dbf4aafdb9db189dd3c5804e121679c99b44808a7f25134b3a890c6a38823d,512,512,,,,,,,,,
test,SL1,ydfid/SL1/test/good/ydfid_good_002467.bmp,,0,True,58e3555b39f79ff1e7a9915e4f195a3c7f59a0d96460f916d6e601a361e5fc64,512,512,,,,,,,,,
test,SL1,ydfid/SL1/test/good/ydfid_good_002468.bmp,,0,True,61a99c1ee47134eb6948711e85a51d6cbed973737ff275dd95e91fdd862eebe0,512,512,,,,,,,,,
test,SL1,ydfid/SL1/test/good/ydfid_good_002469.bmp,,0,True,293b491d67c4453d7fb9a9866ad510f46299e4cf73bdb35969e56d5ad301635a,512,512,,,,,,,,,
test,SL1,ydfid/SL1/test/good/ydfid_good_002470.bmp,,0,True,a2fe1f8350662ac22e48c0af13458d34525312c8ab97ab252a395d4a83164930,512,512,,,,,,,,,
test,SL1,ydfid/SL1/test/good/ydfid_good_002471.bmp,,0,True,2b17c1a791f9e110f869696a4d9a573543443c807edfbd5d383f929bbd06f916,512,512,,,,,,,,,
test,SL1,ydfid/SL1/test/good/ydfid_good_002472.bmp,,0,True,620f856bfde804e41747c7fde54ac280e4771cd27e44dc38829b3e913076b1bb,512,512,,,,,,,,,
test,SL1,ydfid/SL1/test/good/ydfid_good_002473.bmp,,0,True,2db14efa4c89f65ba8abef8cd30a68715646c627f7d6990237102bf15a34820c,512,512,,,,,,,,,
test,SL1,ydfid/SL1/test/good/ydfid_good_002474.bmp,,0,True,d6272bcf1314b320c8c209b1f1df72b20174df800a3c0939934d553434a9c5af,512,512,,,,,,,,,
test,SL1,ydfid/SL1/test/good/ydfid_good_002475.bmp,,0,True,2f36f8169b47a3bbfbf6d2ab20338fdb5fbecb41525a4f22de6768fbe1a09cc5,512,512,,,,,,,,,
test,SL1,ydfid/SL1/test/good/ydfid_good_002476.bmp,,0,True,2728ff5238566a7e6efb7508f51f94570df3751c60228bdd73ecf3103dbb18fc,512,512,,,,,,,,,
test,SL1,ydfid/SL1/test/good/ydfid_good_002477.bmp,,0,True,25db83e4570b6611c384cf9a9f6f8082aea559626d6e2805c2aafac5706aff45,512,512,,,,,,,,,
test,SL1,ydfid/SL1/test/good/ydfid_good_002478.bmp,,0,True,4d857edb387437b8b3a1c0fca393f069c761dfd2cd9864b2f4377478d7722b87,512,512,,,,,,,,,
test,SL1,ydfid/SL1/test/good/ydfid_good_002479.bmp,,0,True,1b6e58ee90bf62255e95963f73031df4764fe7b3c39aef8ae0d4683f50e4be2c,512,512,,,,,,,,,
test,SL1,ydfid/SL1/test/good/ydfid_good_002480.bmp,,0,True,c43660c46a047b87fe8d36f79de1c7146ffb0d206b2c4d1d5f70ae869468150d,512,512,,,,,,,,,
test,SL1,ydfid/SL1/test/good/ydfid_good_002481.bmp,,0,True,1ecc2e25bd44729c48f937e9846b4b717f2adda56695488ed5c1a83b38d64116,512,512,,,,,,,,,
test,SL1,ydfid/SL1/test/good/ydfid_good_002482.bmp,,0,True,17c90f640af62ee28c48bd9afaa19dac43bec32ad7024c9793c6a8de19d71abd,512,512,,,,,,,,,
test,SL1,ydfid/SL1/test/good/ydfid_good_002483.bmp,,0,True,102df0300e38a1031f14023fd64e3e9481b58e2e12955a5825af9e01077892fe,512,512,,,,,,,,,
test,SL1,ydfid/SL1/test/good/ydfid_good_002484.bmp,,0,True,eaa69a36ff734896bbeda05b2b54b2b101a57bd8aead0d2780e0c79159beed99,512,512,,,,,,,,,
test,SL1,ydfid/SL1/test/good/ydfid_good_002485.bmp,,0,True,7c45f27e17d8562f42231724a0c1276ebb1d91a40ea7ff3abf95f88189a55323,512,512,,,,,,,,,
test,SL1,ydfid/SL1/test/good/ydfid_good_002486.bmp,,0,True,9083169b3b87de2562b93dd944c8443c05a08995feadec4da15e6c83dda763d3,512,512,,,,,,,,,
test,SL1,ydfid/SL1/test/good/ydfid_good_002487.bmp,,0,True,db5dc635e7b99753fc64c14b1419805b017ed3680f222207ac45f7cb680476ef,512,512,,,,,,,,,
test,SL1,ydfid/SL1/test/good/ydfid_good_002488.bmp,,0,True,b50cae679031a91973220d03b668bf7042d9a6629e8b3e72bd86440cae13db70,512,512,,,,,,,,,
test,SL1,ydfid/SL1/test/good/ydfid_good_002489.bmp,,0,True,24a9fdb313a92ae54dea60c7f0153b0e82742c67a62cd0d897a170e8a33aa1ab,512,512,,,,,,,,,
test,SL1,ydfid/SL1/test/good/ydfid_good_002490.bmp,,0,True,d6b88a01e1ce039aa0c5225962fe2419ae2416a0b699ff3ace9e1d83a2be2773,512,512,,,,,,,,,
test,SL1,ydfid/SL1/test/good/ydfid_good_002491.bmp,,0,True,3a0cabfc806d301e6084b465032c83a895244b0bd16517573e9fb8ef7aaec1e6,512,512,,,,,,,,,
test,SL1,ydfid/SL1/test/good/ydfid_good_002492.bmp,,0,True,40697498330dea86161816f0e2cfd866cb2f8401cb3e02e32d17fc004ee54a7a,512,512,,,,,,,,,
test,SL1,ydfid/SL1/test/good/ydfid_good_002493.bmp,,0,True,46ac5b143b006ce861c7e735f93d7bc5a249b7965a6681c09cd350a991afc359,512,512,,,,,,,,,
test,SL1,ydfid/SL1/test/good/ydfid_good_002494.bmp,,0,True,d19a1ffa4d72c7f6dd89918e73709f37a12ed84a1ceb8fdb9a663d152b516874,512,512,,,,,,,,,
test,SL1,ydfid/SL1/test/good/ydfid_good_002495.bmp,,0,True,a5081d94c610c1d728ef4e33175d0994856419744951e1bfcdaa16a5347df7d0,512,512,,,,,,,,,
test,SL1,ydfid/SL1/test/good/ydfid_good_002496.bmp,,0,True,85c9960ae5a07a9f67480c25087411e8fd408e1c23eb6a00f65ef5c1bc243904,512,512,,,,,,,,,
test,SL1,ydfid/SL1/test/good/ydfid_good_002497.bmp,,0,True,6e9a76709a48c2896f838b2e12c9b6571a772ecbf2097c02300044e120f15b16,512,512,,,,,,,,,
test,SL1,ydfid/SL1/test/good/ydfid_good_002498.bmp,,0,True,63d8efa8c825e8d0ef11eac99910944a5b10366bcd48ecc1c3c45bb9cb1bcbd4,512,512,,,,,,,,,
test,SL1,ydfid/SL1/test/good/ydfid_good_002499.bmp,,0,True,c56cbd5b231b058e02bb89640eab126b55adad0739dee74e90c3940bb1326f5d,512,512,,,,,,,,,
test,SL1,ydfid/SL1/test/good/ydfid_good_002500.bmp,,0,True,a1a1b2dd87c27d7093eb51dc811ceb680591d2f58aafcb8e48d7810320c555d4,512,512,,,,,,,,,
test,SL1,ydfid/SL1/test/good/ydfid_good_002501.bmp,,0,True,85e1b35d4fcb566956bfdd9e2fc314d00e20f29f3426d80f9dbc47b7f859900b,512,512,,,,,,,,,
test,SL1,ydfid/SL1/test/good/ydfid_good_002502.bmp,,0,True,c872445f41e5b8068cbff42127b5cd00dd408558745f1d2e4a697a0438c5b325,512,512,,,,,,,,,
test,SL1,ydfid/SL1/test/good/ydfid_good_002503.bmp,,0,True,face14d5844ef4b090860aede385724619f46a3ce8156fb51ed3120e83af2734,512,512,,,,,,,,,
test,SL1,ydfid/SL1/test/good/ydfid_good_002504.bmp,,0,True,a4f9d93afbb1665630d295af499d3a59871718b1b2a1e3500e3ac6d3e4c5c953,512,512,,,,,,,,,
test,SL1,ydfid/SL1/test/good/ydfid_good_002505.bmp,,0,True,b75af5729444b1bbd2774aabd6045b505286ed3750eefa1376ab10b4b4552aef,512,512,,,,,,,,,
test,SL1,ydfid/SL1/test/good/ydfid_good_002506.bmp,,0,True,908aae1607a29f2b2e3003fa4d204c9c0b2da29f29a9bc4b2a035258c348db7a,512,512,,,,,,,,,
test,SL1,ydfid/SL1/test/good/ydfid_good_002507.bmp,,0,True,c81bdfb112b89cde66b9910ca01e27ad5835b45a98ae1542b0410fdf2820fc9c,512,512,,,,,,,,,
test,SL1,ydfid/SL1/test/good/ydfid_good_002508.bmp,,0,True,ae9ac4244ce639a6e45ef7d7f735da861108b7dc8d91302d933bfb519664b634,512,512,,,,,,,,,
test,SL1,ydfid/SL1/test/good/ydfid_good_002509.bmp,,0,True,e38a8cea113c904f3a76e7c19ec10da37fdbf72f2666b1ce1f8d7d0ab0588ba5,512,512,,,,,,,,,
test,SL1,ydfid/SL1/test/good/ydfid_good_002510.bmp,,0,True,b7edf98594e3af05eacb0dd92da7a12741d1cd646631fd91fc9da71353ecc374,512,512,,,,,,,,,
test,SL1,ydfid/SL1/test/good/ydfid_good_002511.bmp,,0,True,4d97dd11602d9acb73363f5c0394378b79e2b458380bcefa3d504fa2ac425f94,512,512,,,,,,,,,
test,SL1,ydfid/SL1/test/good/ydfid_good_002512.bmp,,0,True,cf3a08d02d6e1f83922dcfd38372d87ffbef2f2d15de3343e45d5afc64fa11b9,512,512,,,,,,,,,
test,SL1,ydfid/SL1/test/good/ydfid_good_002513.bmp,,0,True,5582e98fbd1affecf3fc7bac2ac77416337835352a508c8a303093570e0a71eb,512,512,,,,,,,,,
test,SL1,ydfid/SL1/test/good/ydfid_good_002514.bmp,,0,True,460d5e65f29759a7e46d8c84a2a17afdf660abf021ea1b5a75b5356848f281c6,512,512,,,,,,,,,
test,SL1,ydfid/SL1/test/good/ydfid_good_002515.bmp,,0,True,43ac189bebd430feb93a198c33efa80c5cdff84bea4fb31a9ab041d48841fe64,512,512,,,,,,,,,
test,SL1,ydfid/SL1/test/good/ydfid_good_002516.bmp,,0,True,a18b85aa5787ce8c281da7b42d0194eb5e3b001f6bf2b020a1c475d0aa2b645c,512,512,,,,,,,,,
test,SL1,ydfid/SL1/test/good/ydfid_good_002517.bmp,,0,True,c7f7ca75a903950c0c283d7ed195327483454c074397201522a93dd3e54f2c1d,512,512,,,,,,,,,
test,SL1,ydfid/SL1/test/good/ydfid_good_002518.bmp,,0,True,a392dc7d6e9656f0bf43661ae1ee3807dee3ee77a6b2baa9e1b2c8e63a12865b,512,512,,,,,,,,,
test,SL1,ydfid/SL1/test/good/ydfid_good_002519.bmp,,0,True,cc93999b9b5020f762fbb911dbe73cd4e1192ec2e0701972e0dae87b46d8d873,512,512,,,,,,,,,
test,SL1,ydfid/SL1/test/good/ydfid_good_002520.bmp,,0,True,998f1de82de98c5c86f5be8aaf58aba007ef38d3fbedbbff59877962ee04e6c0,512,512,,,,,,,,,
test,SL1,ydfid/SL1/test/good/ydfid_good_002521.bmp,,0,True,ad26edb1b9598a79a18f4071f379757bde6a9a9f49d0067585613b894c89c366,512,512,,,,,,,,,
test,SL1,ydfid/SL1/test/good/ydfid_good_002522.bmp,,0,True,4ab8087bd03955970ecbda10f5e7d5a03a3b87e43dab4034b6f4c7f57d6b6b79,512,512,,,,,,,,,
test,SL1,ydfid/SL1/test/good/ydfid_good_002523.bmp,,0,True,599ef6448a6fb1332b658bb01be40272cfb86a2ec037c6d8d7fc1bfcf958e8a7,512,512,,,,,,,,,
test,SL1,ydfid/SL1/test/good/ydfid_good_002524.bmp,,0,True,4f8cf272e4f6a8fcce6f855af158ebef463e28e6baed2010e15df6c6fc158eef,512,512,,,,,,,,,
test,SL1,ydfid/SL1/test/good/ydfid_good_002525.bmp,,0,True,0fb08b52bf8af94c3dc6cd01f93c84b6a81ca8abf651595b2e368df1eded67dd,512,512,,,,,,,,,
test,SL1,ydfid/SL1/test/good/ydfid_good_002526.bmp,,0,True,d7ef4301c2f2a2c7b44e94302c331dbc880b12ceb99dfcc2f6e58160f379eb8e,512,512,,,,,,,,,
test,SL1,ydfid/SL1/test/good/ydfid_good_002527.bmp,,0,True,a9fa033e854dca244252e788f4f87956203eb376c45e8ab3d10a928059b16bca,512,512,,,,,,,,,
test,SL1,ydfid/SL1/test/good/ydfid_good_002528.bmp,,0,True,e240e5738f7cfd6bcd9397bae3a7ea83b21c2b1ce424ee26edd1707b155d90f5,512,512,,,,,,,,,
test,SL1,ydfid/SL1/test/good/ydfid_good_002529.bmp,,0,True,522e5cdda7dc4e2bd36868f9020626177000420eb6c0dc17a23454ad5d8f64ef,512,512,,,,,,,,,
test,SL1,ydfid/SL1/test/good/ydfid_good_002530.bmp,,0,True,67671a6a8125e0c0566eb9259711188bdb5dbdc2c3691bd8a70b4bc96a8e8aaa,512,512,,,,,,,,,
test,SL1,ydfid/SL1/test/good/ydfid_good_002531.bmp,,0,True,855216ae17563f4263185a96a027be16d93b5d37dbabd8068c889a70f075e06b,512,512,,,,,,,,,
test,SL1,ydfid/SL1/test/good/ydfid_good_002532.bmp,,0,True,9bd50ad850dda565450a244d2834cfc57e6b266cd0537efdf472e9166f6436e1,512,512,,,,,,,,,
test,SL1,ydfid/SL1/test/good/ydfid_good_002533.bmp,,0,True,116131fc7cea6cb28d744206c7e56027cd2353be271924e6ee0b29627df86a6b,512,512,,,,,,,,,
test,SL1,ydfid/SL1/test/good/ydfid_good_002534.bmp,,0,True,b3600d9b6d8573211ac35be67ce4fd775f77bb79f70703fb30c866a175767445,512,512,,,,,,,,,
test,SL1,ydfid/SL1/test/good/ydfid_good_002535.bmp,,0,True,0f4d3ea6cb9bda122fa641e4e2fc13e94215fd764f733321dcdbd5e5773587fb,512,512,,,,,,,,,
test,SL1,ydfid/SL1/test/good/ydfid_good_002536.bmp,,0,True,45c0505c74444eb36d8141eb7fe9dfb0df7d093d546d56774e0c16bcb878f982,512,512,,,,,,,,,
test,SL1,ydfid/SL1/test/good/ydfid_good_002537.bmp,,0,True,30594603ccd49870b6aeee3f21e911b1eb356f1006f897fd47788faf5b01d9a3,512,512,,,,,,,,,
test,SL1,ydfid/SL1/test/good/ydfid_good_002538.bmp,,0,True,e5ec073a134884233b5a1ba98727bc300bc552a1c798f819c63bfea1589b5278,512,512,,,,,,,,,
test,SL1,ydfid/SL1/test/good/ydfid_good_002539.bmp,,0,True,c629ff3f5161a3278fee5f1043b7f0ca8348865cea7322f1ab685e2785dd20aa,512,512,,,,,,,,,
test,SL1,ydfid/SL1/test/good/ydfid_good_002540.bmp,,0,True,da1690ef1979165e6ef2b1d2145125c854bb3b60d0363dc29c531edb79bf1adb,512,512,,,,,,,,,
test,SL1,ydfid/SL1/test/good/ydfid_good_002541.bmp,,0,True,43a2ff9018c831bd312c4fa38b10757d332575f8c6dabf354e514d4fb9bfa266,512,512,,,,,,,,,
test,SL1,ydfid/SL1/test/good/ydfid_good_002542.bmp,,0,True,d7450c059281b4523c3a7f216b1a1b2f67268619ec2c7ba755f0b8228c943749,512,512,,,,,,,,,
test,SL1,ydfid/SL1/test/good/ydfid_good_002543.bmp,,0,True,fefc583e5345c46d61305e548c0980d8dfb9a36f40f81693334a78cc2dc5861b,512,512,,,,,,,,,
test,SL1,ydfid/SL1/test/good/ydfid_good_002544.bmp,,0,True,39396929a3fca04daca38a2b024d6726c56397d03b0de2715433cac968816b31,512,512,,,,,,,,,
test,SL1,ydfid/SL1/test/good/ydfid_good_002545.bmp,,0,True,8c0aec77166ca006e90b2475f053d28a17d095c3e71ec87dd69c6b3499ced04f,512,512,,,,,,,,,
test,SL1,ydfid/SL1/test/good/ydfid_good_002546.bmp,,0,True,ea92d64aae02c063101f41f6e0b9562efe7645e63bded09b3774bcead3464753,512,512,,,,,,,,,
test,SL1,ydfid/SL1/test/good/ydfid_good_002547.bmp,,0,True,995f66cb52c7ea814ebe853faabf1c08d0da08082ff14992abf1a7ec0fd01410,512,512,,,,,,,,,
test,SL1,ydfid/SL1/test/good/ydfid_good_002548.bmp,,0,True,13f9ab5d07d1b7a986a79f46017ed4f720c58e3870804ffe0df20662f3a6b8e9,512,512,,,,,,,,,
test,SL1,ydfid/SL1/test/good/ydfid_good_002549.bmp,,0,True,8c7753e177121711c8af5289d39ed6edc9b7f79e679c0daa4263d24e908b2738,512,512,,,,,,,,,
test,SL1,ydfid/SL1/test/good/ydfid_good_002550.bmp,,0,True,d021f00a1d36bc1b7540ea1f84160b9cdee17fb138c61cb3e3dab5198d334ccd,512,512,,,,,,,,,
test,SL1,ydfid/SL1/test/good/ydfid_good_002551.bmp,,0,True,5e2aafc5db49d8811701c9f366907f42711dec4a9c02a6905d8b5c5c61fbd480,512,512,,,,,,,,,
test,SL1,ydfid/SL1/test/good/ydfid_good_002552.bmp,,0,True,6b99cbc5808c1ab335cb3c8b744d855b00c6e3373d785fb4fb576c6e89cc156d,512,512,,,,,,,,,
test,SL1,ydfid/SL1/test/good/ydfid_good_002553.bmp,,0,True,c25cb0c441b30b84f95b3cb256d333cf559a0e6ddb3da54a08cdc96f7c780d84,512,512,,,,,,,,,
test,SL1,ydfid/SL1/test/good/ydfid_good_002554.bmp,,0,True,58ff238d46037481ff386d13f628315e1fb2d35a70bfab34e20108f12b613052,512,512,,,,,,,,,
test,SL1,ydfid/SL1/test/good/ydfid_good_002555.bmp,,0,True,ff086dd564bfa5dd907637fd6f1a846d6de4fabccb3c892bb6e24e9c9ea2c9b1,512,512,,,,,,,,,
test,SL1,ydfid/SL1/test/good/ydfid_good_002556.bmp,,0,True,226d5b1eb9ed9a08ff115b14ddd4fcf8d9c9c03012044950e320ff862a3ef97f,512,512,,,,,,,,,
test,SL1,ydfid/SL1/test/good/ydfid_good_002557.bmp,,0,True,ebed23fb436e18c8a70384e9f48d32434c36c2ceff31dc7f5df2d5d19240f1b5,512,512,,,,,,,,,
test,SL1,ydfid/SL1/test/good/ydfid_good_002558.bmp,,0,True,2ae30485f0a89b6d04a75f2a8535d19707f3692c540b3cf9585994807294f08d,512,512,,,,,,,,,
test,SL1,ydfid/SL1/test/good/ydfid_good_002559.bmp,,0,True,a61a8453482dda21044a0719e5b2791e144bd83c2f9ca7f00049574f89cd6e50,512,512,,,,,,,,,
test,SL1,ydfid/SL1/test/good/ydfid_good_002560.bmp,,0,True,ec92c3255c59e344a4232f1ab7b2ab64e1d182c958323040612bfbecb6cec1f5,512,512,,,,,,,,,
test,SL1,ydfid/SL1/test/good/ydfid_good_002561.bmp,,0,True,b0480f1ee3f340952ec25d6e8a9415cbea6d1b01bae0e608159e164ff73361f9,512,512,,,,,,,,,
test,SL1,ydfid/SL1/test/good/ydfid_good_002562.bmp,,0,True,1c6c31f5396695ca165b772dae8d463d30251cd5c67d391eabdc7440c1ab544a,512,512,,,,,,,,,
test,SL1,ydfid/SL1/test/good/ydfid_good_002563.bmp,,0,True,e7d824aa2ff6aedfeca27bc20222e6676edd242a94dfa093668d111d300cfaad,512,512,,,,,,,,,
test,SL1,ydfid/SL1/test/good/ydfid_good_002564.bmp,,0,True,b8fcefca4d98a4a42f9174f4aea193f4bc7ce6d2211f02fd5ce2e2fa64a30a65,512,512,,,,,,,,,
test,SL1,ydfid/SL1/test/good/ydfid_good_002565.bmp,,0,True,58f687d5b6224c904573fb151d04f944e51e3ab08fc3007672b50da2427f5460,512,512,,,,,,,,,
test,SL1,ydfid/SL1/test/good/ydfid_good_002566.bmp,,0,True,e288c91d2a0541ad0ede13613379142483e51d53cadcf32c2f5f61d361620ee9,512,512,,,,,,,,,
test,SL1,ydfid/SL1/test/good/ydfid_good_002567.bmp,,0,True,ccb07f953d5444e47628db921a9113ca6b7fe43fb776658987708834f2baadce,512,512,,,,,,,,,
test,SL1,ydfid/SL1/test/good/ydfid_good_002568.bmp,,0,True,0e734c64e344bd1eb8b1733b6a0758f0986e6cca16323d9906df18e280246c9d,512,512,,,,,,,,,
test,SL1,ydfid/SL1/test/good/ydfid_good_002569.bmp,,0,True,33c2c5d971d02046522e2d238d765f8b9614fba77b9c74a9cf2248b7b1baf64f,512,512,,,,,,,,,
test,SL1,ydfid/SL1/test/good/ydfid_good_002570.bmp,,0,True,8ab0a601aaa14c28c0eb27e1140821761de0721b2932d90bbccabf0269e753fc,512,512,,,,,,,,,
test,SL1,ydfid/SL1/test/good/ydfid_good_002571.bmp,,0,True,4aa22c0829a70bfc82257660f1e878edb988d40f109f5d7d56f2c7b3584f8b1e,512,512,,,,,,,,,
test,SL1,ydfid/SL1/test/good/ydfid_good_002572.bmp,,0,True,dd47c06488b2def35d52c736b9d063b53a67b74d3eb151ac665db25fc431fe97,512,512,,,,,,,,,
test,SL1,ydfid/SL1/test/good/ydfid_good_002573.bmp,,0,True,db993b3240379577b05c2f18be57b1c3643982b6d6d41c9bc93d5d7659fc2688,512,512,,,,,,,,,
test,SL1,ydfid/SL1/test/good/ydfid_good_002574.bmp,,0,True,bc91e83a24b9686562b0a02c0596c31008b4de877d7be4deb3a72e8c8a2dac6b,512,512,,,,,,,,,
test,SL1,ydfid/SL1/test/good/ydfid_good_002575.bmp,,0,True,9efae50ae79da6592e373506b3ced40cab27adeb3307c98f41e64c6783d6c008,512,512,,,,,,,,,
test,SL1,ydfid/SL1/test/good/ydfid_good_002576.bmp,,0,True,7211a0b4ef918b47a0d37411cd8c07a7f5cf52b75e2020f61965725142836393,512,512,,,,,,,,,
test,SL1,ydfid/SL1/test/good/ydfid_good_002577.bmp,,0,True,625474b96d3b7907022fb5a21879b35735973410fc22030aedec51b91b37546e,512,512,,,,,,,,,
test,SL1,ydfid/SL1/test/good/ydfid_good_002578.bmp,,0,True,6e8614075b5503a49361aec194e2d6dc7c40b138d8ac9f25eab21f0d4f02ddee,512,512,,,,,,,,,
test,SL1,ydfid/SL1/test/good/ydfid_good_002579.bmp,,0,True,d404cc1d307bd570aa684218a7bdeb81bc826711163c8fa5c61e9cb70bde5457,512,512,,,,,,,,,
test,SL1,ydfid/SL1/test/good/ydfid_good_002580.bmp,,0,True,7e2e2ecc1d269bc992f4134fd4718e4f4659b8cca0bdb3d6196b98f38772eecb,512,512,,,,,,,,,
test,SL1,ydfid/SL1/test/good/ydfid_good_002581.bmp,,0,True,718af5f491a645c0b38bb0f53170001a3f670b296b2929c44210ad5bd870f142,512,512,,,,,,,,,
test,SL1,ydfid/SL1/test/good/ydfid_good_002582.bmp,,0,True,e245714b2081cefb7dd6c5ffc1bd47e98357fc3cec2f7861533bb9fcc4ad43e6,512,512,,,,,,,,,
test,SL1,ydfid/SL1/test/good/ydfid_good_002583.bmp,,0,True,c5e96645295996f8fb8dd9a89456aa35057c3ee2040fceb8b2a8c3872ec06e2a,512,512,,,,,,,,,
test,SL1,ydfid/SL1/test/good/ydfid_good_002584.bmp,,0,True,fa9bce5c702ece9a396e8b30b17f7eb500a199c43b30fa7cf7f978d01feb7ac5,512,512,,,,,,,,,
test,SL1,ydfid/SL1/test/good/ydfid_good_002585.bmp,,0,True,cd6074ad28a3252ba94b344acc7ab1fc452a853c64aad7cef4effc10124b76ba,512,512,,,,,,,,,
test,SL1,ydfid/SL1/test/good/ydfid_good_002586.bmp,,0,True,73f52f380bd82490e397942528412d0bbb21e2fbe15647d9248327a13153e2f1,512,512,,,,,,,,,
test,SL1,ydfid/SL1/test/good/ydfid_good_002587.bmp,,0,True,56f65111f828a091b69b38d572296c97c1707a2c38cf9a17fbdcf89da3857c15,512,512,,,,,,,,,
test,SL1,ydfid/SL1/test/good/ydfid_good_002588.bmp,,0,True,6c878cc208ff66c54c5d35f92b38efee4df45a5851483cdd6c4f90022b174fee,512,512,,,,,,,,,
test,SL1,ydfid/SL1/test/good/ydfid_good_002589.bmp,,0,True,a7e27e569ff010ce9e38c79cde2773d9bcbbfca08310be4c6d57ad2650d3aa96,512,512,,,,,,,,,
test,SL1,ydfid/SL1/test/good/ydfid_good_002590.bmp,,0,True,9f332149b9dd8a948307839d6a755c6115060c2757e3d6e74c18d7d7c0a82831,512,512,,,,,,,,,
test,SL1,ydfid/SL1/test/good/ydfid_good_002591.bmp,,0,True,05d62cb202ff8080d8619977e63c6f95783979fb653bac629e15fae5cdeef282,512,512,,,,,,,,,
test,SL1,ydfid/SL1/test/good/ydfid_good_002592.bmp,,0,True,a79f58bc86a79373e9e40fecc5c5be6fe99d6f7bdffe4f0da467f90ebd13b806,512,512,,,,,,,,,
test,SL1,ydfid/SL1/test/good/ydfid_good_002593.bmp,,0,True,90b18b707b366134573f4b8b899265c3d98b153f3ee31be1c401c487d0a8976b,512,512,,,,,,,,,
test,SL1,ydfid/SL1/test/good/ydfid_good_002594.bmp,,0,True,fe784dde7d2be0b76948b5858d43a082b259af6b555e9a9aa1a79dd90df442c6,512,512,,,,,,,,,
test,SL1,ydfid/SL1/test/good/ydfid_good_002595.bmp,,0,True,a51e9b7edc2d4c59029744743d96af648b83e9f5decb9f86b8ede96de51adbe9,512,512,,,,,,,,,
test,SL1,ydfid/SL1/test/good/ydfid_good_002596.bmp,,0,True,6e9248e50c79690a739af2933de39bf2b8c688e0c1acf22fca173aa1ca674a63,512,512,,,,,,,,,
test,SL1,ydfid/SL1/test/good/ydfid_good_002597.bmp,,0,True,6557a2ddc821c3f10da05a4bf772f40fa9500cd5d31a2076c4b8a8fee79e3743,512,512,,,,,,,,,
test,SL1,ydfid/SL1/test/good/ydfid_good_002598.bmp,,0,True,dd47c06488b2def35d52c736b9d063b53a67b74d3eb151ac665db25fc431fe97,512,512,,,,,,,,,
test,SL1,ydfid/SL1/test/good/ydfid_good_002599.bmp,,0,True,e97f780132283e5a7e0569a8bcd2157fd390658a4537f88551132526bf4fd2b3,512,512,,,,,,,,,
test,SL1,ydfid/SL1/test/good/ydfid_good_002600.bmp,,0,True,3a71e07f74e3649a73b0d06c0a43ca660a7677e45abb8c542a865c2e3b64e35e,512,512,,,,,,,,,
test,SL1,ydfid/SL1/test/good/ydfid_good_002601.bmp,,0,True,f9c22d82116995ed5a6fab32954fb0da524f1243a70a27d9ef383dff35b6d016,512,512,,,,,,,,,
test,SL1,ydfid/SL1/test/good/ydfid_good_002602.bmp,,0,True,22fcb3b82c1b4c19ff60b31f33382910b279f57fbe2620862ce65e5f4c093a02,512,512,,,,,,,,,
test,SL1,ydfid/SL1/test/good/ydfid_good_002603.bmp,,0,True,91dbf487efbfdc565c0e946c137830d469db9e5fbb81f6afbb823bb249a36f2a,512,512,,,,,,,,,
test,SL1,ydfid/SL1/test/good/ydfid_good_002604.bmp,,0,True,68d2f303bad7a98d7e66129fccee8ef3ae6fb92396d4316a47e806a35cda3dfa,512,512,,,,,,,,,
test,SL1,ydfid/SL1/test/good/ydfid_good_002605.bmp,,0,True,2a3b299e768c6b1eb5a2b5baed1fb93ceb84812677524a2967a827f8fbf4840c,512,512,,,,,,,,,
test,SL10,ydfid/SL10/test/anomaly/ydfid_defect_002889.bmp,ydfid/SL10/ground_truth/anomaly/ydfid_defect_002889.png,1,True,c1ff223f7a607eb550eece8be9308249a03c6179069ee5cfd11f1e7347a068a2,512,512,True,512,512,0|255,4808,0.018341064453125,3.52727,False,
test,SL10,ydfid/SL10/test/anomaly/ydfid_defect_002890.bmp,ydfid/SL10/ground_truth/anomaly/ydfid_defect_002890.png,1,True,71502a136d3f4b075e1cf8f655c57f3787ee7ea7aa806ced6e9378ce52a2f4e8,512,512,True,512,512,0|255,1148,0.0043792724609375,7.05263,False,
test,SL10,ydfid/SL10/test/anomaly/ydfid_defect_002891.bmp,ydfid/SL10/ground_truth/anomaly/ydfid_defect_002891.png,1,True,9b2d3c2f8dfe4c9f99cdda94c9aa5b0f221fe462929d8ddba0691eb19a846037,512,512,True,512,512,0|255,1150,0.00438690185546875,6.0,False,
test,SL10,ydfid/SL10/test/anomaly/ydfid_defect_002892.bmp,ydfid/SL10/ground_truth/anomaly/ydfid_defect_002892.png,1,True,f5b5841377126a79490ad48c73cdfdd79cb305f1e77327327ed3b50fa1f662a6,512,512,True,512,512,0|255,1819,0.006938934326171875,7.48,False,
test,SL10,ydfid/SL10/test/anomaly/ydfid_defect_002893.bmp,ydfid/SL10/ground_truth/anomaly/ydfid_defect_002893.png,1,True,9904861ecf1a5ca6959e6f70ad47c356a2ab063255bce6a4847945d023c6108d,512,512,True,512,512,0|255,4738,0.01807403564453125,18.28571,False,
test,SL10,ydfid/SL10/test/anomaly/ydfid_defect_002894.bmp,ydfid/SL10/ground_truth/anomaly/ydfid_defect_002894.png,1,True,c2d35c6f7e7aeb486fcafd4497818a6f885830a4d02c4d26a9e72d5c6b6a3376,512,512,True,512,512,0|255,2936,0.011199951171875,12.375,False,
test,SL10,ydfid/SL10/test/anomaly/ydfid_defect_002895.bmp,ydfid/SL10/ground_truth/anomaly/ydfid_defect_002895.png,1,True,7dc60e6e155cdbf66476010b8d92224a84e7e3af8b937c01783da2405d4b29a3,512,512,True,512,512,0|255,2956,0.0112762451171875,5.9,False,
test,SL10,ydfid/SL10/test/anomaly/ydfid_defect_002896.bmp,ydfid/SL10/ground_truth/anomaly/ydfid_defect_002896.png,1,True,fdf9842c0719d1eee99eda441a84d17b9bb21007526167b178511cea841c437e,512,512,True,512,512,0|255,3661,0.013965606689453125,21.33333,False,
test,SL10,ydfid/SL10/test/anomaly/ydfid_defect_002897.bmp,ydfid/SL10/ground_truth/anomaly/ydfid_defect_002897.png,1,True,b5d954f31de10a5da6068c65a5a7424774f19b30922566fcb8b1d850058e0417,512,512,True,512,512,0|255,3661,0.013965606689453125,22.26087,False,
test,SL10,ydfid/SL10/test/anomaly/ydfid_defect_002898.bmp,ydfid/SL10/ground_truth/anomaly/ydfid_defect_002898.png,1,True,c73754a778a27373031c3a1b65880a4c034e72df4e610da043000dbf94e2e910,512,512,True,512,512,0|255,794,0.00302886962890625,1.27586,False,
test,SL10,ydfid/SL10/test/anomaly/ydfid_defect_002899.bmp,ydfid/SL10/ground_truth/anomaly/ydfid_defect_002899.png,1,True,04af62a8f963c44a1a780c2e85744acea6426f7d535d99cc91554dce52bd1ae9,512,512,True,512,512,0|255,10031,0.038265228271484375,1.43944,False,
test,SL10,ydfid/SL10/test/anomaly/ydfid_defect_002900.bmp,ydfid/SL10/ground_truth/anomaly/ydfid_defect_002900.png,1,True,0d17484e7155a1bd6f9d29411b8ce382dee7e9bf2dd09fcb5172aa76dc6d3b96,512,512,True,512,512,0|255,5469,0.020862579345703125,4.41379,False,
test,SL10,ydfid/SL10/test/anomaly/ydfid_defect_002901.bmp,ydfid/SL10/ground_truth/anomaly/ydfid_defect_002901.png,1,True,f75e47a03875c1aef048123e76c0e0885986cf3de462928cbc60535f4101f897,512,512,True,512,512,0|255,831,0.003170013427734375,3.23077,False,
test,SL10,ydfid/SL10/test/anomaly/ydfid_defect_002902.bmp,ydfid/SL10/ground_truth/anomaly/ydfid_defect_002902.png,1,True,e4751d6d8a9e1439dc243ebfbd02e72f6f64913ebb7fa239ddca5b18993b461a,512,512,True,512,512,0|255,808,0.003082275390625,1.09677,False,
test,SL10,ydfid/SL10/test/anomaly/ydfid_defect_002903.bmp,ydfid/SL10/ground_truth/anomaly/ydfid_defect_002903.png,1,True,aafe7540afdb8bced643642d9037968131de86858391fd142c91495a98ee7da0,512,512,True,512,512,0|255,988,0.0037689208984375,3.0,False,
test,SL10,ydfid/SL10/test/anomaly/ydfid_defect_002904.bmp,ydfid/SL10/ground_truth/anomaly/ydfid_defect_002904.png,1,True,6c92d365b0720caf998fc62097cadf70a0d6e9c6899d834a8b6129520e787e98,512,512,True,512,512,0|255,1864,0.007110595703125,6.53571,False,
test,SL10,ydfid/SL10/test/anomaly/ydfid_defect_002905.bmp,ydfid/SL10/ground_truth/anomaly/ydfid_defect_002905.png,1,True,dac20bb39121f22f08472810411dfba2668efc232e7175635b907fb952f0ef04,512,512,True,512,512,0|255,2922,0.01114654541015625,3.59524,False,
test,SL10,ydfid/SL10/test/anomaly/ydfid_defect_002906.bmp,ydfid/SL10/ground_truth/anomaly/ydfid_defect_002906.png,1,True,8e45bf99343405f330be729b10ef9eb14cc9a4c15cf6923de448946ec2f3ff1d,512,512,True,512,512,0|255,3578,0.01364898681640625,4.88764,False,
test,SL10,ydfid/SL10/test/anomaly/ydfid_defect_002907.bmp,ydfid/SL10/ground_truth/anomaly/ydfid_defect_002907.png,1,True,259ece71ec3d1652765616ca0f2ff8ee2fe39a663e7bc4b689c0d92ea251f494,512,512,True,512,512,0|255,3162,0.01206207275390625,10.0,False,
test,SL10,ydfid/SL10/test/anomaly/ydfid_defect_002908.bmp,ydfid/SL10/ground_truth/anomaly/ydfid_defect_002908.png,1,True,91e05264b5d108f216662f74d8903227b7df36e16e18dc626af42e153fabd33b,512,512,True,512,512,0|255,3697,0.014102935791015625,21.33333,False,
test,SL10,ydfid/SL10/test/anomaly/ydfid_defect_002909.bmp,ydfid/SL10/ground_truth/anomaly/ydfid_defect_002909.png,1,True,356e39c410db0f6ee470b4370218253d9a082d9b977d86aecabc579c1dffdfd1,512,512,True,512,512,0|255,2906,0.01108551025390625,2.5,False,
test,SL10,ydfid/SL10/test/anomaly/ydfid_defect_002910.bmp,ydfid/SL10/ground_truth/anomaly/ydfid_defect_002910.png,1,True,8fe339d80c8ab4bf86431bbefc56e5c41f359830483e86cf90752207e9ff4786,512,512,True,512,512,0|255,4169,0.015903472900390625,8.12698,False,
test,SL10,ydfid/SL10/test/good/ydfid_good_002755.bmp,,0,True,b504a8beab97ec59566a89138fdb57e997198745e0ef13199511405fc16ca9a1,512,512,,,,,,,,,
test,SL10,ydfid/SL10/test/good/ydfid_good_002756.bmp,,0,True,a2ee994f2096fd5feb3add84248d6e35f8ae80fb3b79f9ad1360d667d2fa338f,512,512,,,,,,,,,
test,SL10,ydfid/SL10/test/good/ydfid_good_002757.bmp,,0,True,00158cc611a55db9d0eb9ed13b6a467235ee7678e929ee7f6a538c31a2e30550,512,512,,,,,,,,,
test,SL10,ydfid/SL10/test/good/ydfid_good_002758.bmp,,0,True,0d096befecc92eac40d770b6e9e372cc1524b818ec95a9f0aaadc54c4a27f2f3,512,512,,,,,,,,,
test,SL10,ydfid/SL10/test/good/ydfid_good_002759.bmp,,0,True,f4236a78512dd5b938662aadd505851f8a15707d31414d6fb4d54dfa4d70a9b1,512,512,,,,,,,,,
test,SL10,ydfid/SL10/test/good/ydfid_good_002760.bmp,,0,True,71d694e9b96ef27b2b55928128ffd43f91219398c23d055b8ceefff936e3f853,512,512,,,,,,,,,
test,SL10,ydfid/SL10/test/good/ydfid_good_002761.bmp,,0,True,fa3febbb510a0a16dfb600d3d0bf2c340cef2c8ecc74b656a4ddfa6a20930910,512,512,,,,,,,,,
test,SL10,ydfid/SL10/test/good/ydfid_good_002762.bmp,,0,True,d85db75e074ba1f100b7791ca77f9704b567477afce88bb1de405abdfab67844,512,512,,,,,,,,,
test,SL10,ydfid/SL10/test/good/ydfid_good_002763.bmp,,0,True,c21815b8a67ea5d1ff36722cad07209cef2cec4eed2d5a6a5330bac0a8db9c2a,512,512,,,,,,,,,
test,SL10,ydfid/SL10/test/good/ydfid_good_002764.bmp,,0,True,b77eee246e1ee16b4dd13d783c913a6983cf34709b33bb2563cced8c02fd755f,512,512,,,,,,,,,
test,SL10,ydfid/SL10/test/good/ydfid_good_002765.bmp,,0,True,990863dba3a8f2af6ae5b3ce385ac7a833411c0ae7e69218c19437196ef62260,512,512,,,,,,,,,
test,SL10,ydfid/SL10/test/good/ydfid_good_002766.bmp,,0,True,c4f6dfdfbe5f45c30a70faa03afd9ea557113bb857ac898d426724053d4259f3,512,512,,,,,,,,,
test,SL10,ydfid/SL10/test/good/ydfid_good_002767.bmp,,0,True,4c6439ce083fb7d2d4cf456aced002e7e4c54053c2ee72e4ff54813d17b7c3d1,512,512,,,,,,,,,
test,SL10,ydfid/SL10/test/good/ydfid_good_002768.bmp,,0,True,04e0d44c4fcf324191ac5f983ff722baf856a0ea8c21603a44b8434e10479341,512,512,,,,,,,,,
test,SL10,ydfid/SL10/test/good/ydfid_good_002769.bmp,,0,True,dc2b98a23cd8af8477796750f603235b7bcc77f4336b7d725d62e36d274b603e,512,512,,,,,,,,,
test,SL10,ydfid/SL10/test/good/ydfid_good_002770.bmp,,0,True,a49ae7021a8a644c03fa008a93d7c17fe6e12420cc1d5d86b7aa9e695af3cdc7,512,512,,,,,,,,,
test,SL10,ydfid/SL10/test/good/ydfid_good_002771.bmp,,0,True,a26d71d9a30921b6ac842eacfd034a06c3ca5edf1a4e17a66343d86084c3ebe4,512,512,,,,,,,,,
test,SL10,ydfid/SL10/test/good/ydfid_good_002772.bmp,,0,True,af9cddadbb0830a99313d32bcba10194b81cc3c1cf38d7e75edbaae4d0dd6715,512,512,,,,,,,,,
test,SL10,ydfid/SL10/test/good/ydfid_good_002773.bmp,,0,True,1507dc944c72fbf122ad863d9306e2190a11ed4139e49814e965f30b21b9d5af,512,512,,,,,,,,,
test,SL10,ydfid/SL10/test/good/ydfid_good_002774.bmp,,0,True,89ec80ad4e4f763604f371848a3fb4b8622fa61ccc8a9868dcd64810d10157da,512,512,,,,,,,,,
test,SL10,ydfid/SL10/test/good/ydfid_good_002775.bmp,,0,True,93896ef0e5ca7dbc783c4b94b8eeddb7161ae154ba7bbbcfbb1d6221ce525e2b,512,512,,,,,,,,,
test,SL10,ydfid/SL10/test/good/ydfid_good_002776.bmp,,0,True,5aefee7ef6f01a21eec6663c24fa676149d0095a60e4c6980db625410b576d59,512,512,,,,,,,,,
test,SL10,ydfid/SL10/test/good/ydfid_good_002777.bmp,,0,True,2338a310f6edfab42722172bbf8c047469d4f8ea7d2e1b7829d02bf5fc11cc11,512,512,,,,,,,,,
test,SL10,ydfid/SL10/test/good/ydfid_good_002778.bmp,,0,True,9b90c28a53853da4265b857092e5c515927e15c4af2dd6317cf75a044b57537d,512,512,,,,,,,,,
test,SL10,ydfid/SL10/test/good/ydfid_good_002779.bmp,,0,True,98fc2a0ee5dde412e209c5e572a563ea8412e9eeae0d094546b185e39364fce6,512,512,,,,,,,,,
test,SL10,ydfid/SL10/test/good/ydfid_good_002780.bmp,,0,True,a42332e0f26f7ad3ce8a6a80aa5731fea2b40fb3d5529b9c2a706eab7bb25f18,512,512,,,,,,,,,
test,SL10,ydfid/SL10/test/good/ydfid_good_002781.bmp,,0,True,3611b0fab9f56804f2fa5c21c81468a802e6fd3c73dd18dee34ae37d873088b5,512,512,,,,,,,,,
test,SL10,ydfid/SL10/test/good/ydfid_good_002782.bmp,,0,True,b8d0e0cd7303726e494466daf1057a5d12027815efc8ec6c19421b34b054ad93,512,512,,,,,,,,,
test,SL10,ydfid/SL10/test/good/ydfid_good_002783.bmp,,0,True,20d4f5b9edae093529ad568efe7c400b044911d915d728818466909d5d89a930,512,512,,,,,,,,,
test,SL10,ydfid/SL10/test/good/ydfid_good_002784.bmp,,0,True,55fa36484675db6d17de19ec71b0dbcacf064a9c567fb6aa627baf059bb822d7,512,512,,,,,,,,,
test,SL10,ydfid/SL10/test/good/ydfid_good_002785.bmp,,0,True,e08a745e172afeafb2d81b9e469c9d456a834c11f35cec36233a6d154a563b35,512,512,,,,,,,,,
test,SL10,ydfid/SL10/test/good/ydfid_good_002786.bmp,,0,True,cd88010438c5575093f2e02c5cdb295360209bf9f4ad44cf1e452a44b0b33833,512,512,,,,,,,,,
test,SL10,ydfid/SL10/test/good/ydfid_good_002787.bmp,,0,True,154942bf8a468ff241d84a3b2d271505372434cec9e99a3d5a0e32ae49ead9ec,512,512,,,,,,,,,
test,SL10,ydfid/SL10/test/good/ydfid_good_002788.bmp,,0,True,9cad3eb8e97c4ec31eb24e57a5a247c9ce4629e87cf1735d0fab61ba507d6268,512,512,,,,,,,,,
test,SL10,ydfid/SL10/test/good/ydfid_good_002789.bmp,,0,True,91d1485f1b167ec22e0a633f5c2e43447594c45f330eff3e2d83663d77e887b3,512,512,,,,,,,,,
test,SL10,ydfid/SL10/test/good/ydfid_good_002790.bmp,,0,True,329729aab83a3d8e594fdaf74b0f75433bf80cfbe0ddec267a5d7947f06c820e,512,512,,,,,,,,,
test,SL10,ydfid/SL10/test/good/ydfid_good_002791.bmp,,0,True,3637564cba25ea12c44352df3f347d22c4278f45893580ce364ecb6198c45cb8,512,512,,,,,,,,,
test,SL10,ydfid/SL10/test/good/ydfid_good_002792.bmp,,0,True,072f0a05276008d25337e62d39466409f62358c087153718dfa16f0a8a3726e7,512,512,,,,,,,,,
test,SL10,ydfid/SL10/test/good/ydfid_good_002793.bmp,,0,True,73b818c794f4331d7caf6e9f1182a655d49a710f19ae171d917aa9e3f27ec26b,512,512,,,,,,,,,
test,SL10,ydfid/SL10/test/good/ydfid_good_002794.bmp,,0,True,5e68b7df5ef221f6191f5d404df7937a708886964c19bcfab504592a29434a00,512,512,,,,,,,,,
test,SL10,ydfid/SL10/test/good/ydfid_good_002795.bmp,,0,True,2e2c69878ebded8e23dd77a696c2305c49f57a863ab5b37851f12cb8063c263e,512,512,,,,,,,,,
test,SL10,ydfid/SL10/test/good/ydfid_good_002796.bmp,,0,True,4187d05783b53b3cd098960eb5ad57469ef583df674890dab87f7a45dbe0a5a0,512,512,,,,,,,,,
test,SL10,ydfid/SL10/test/good/ydfid_good_002797.bmp,,0,True,2a84622f9c628d5c3034889e3dbe6cd1c91fb9a7b74215cc63166209f40fe0fa,512,512,,,,,,,,,
test,SL10,ydfid/SL10/test/good/ydfid_good_002798.bmp,,0,True,1167c8de3e4a08948545887fdc09ab387f1e8c1b5e1cc19fe9bf073ebbc6daa3,512,512,,,,,,,,,
test,SL10,ydfid/SL10/test/good/ydfid_good_002799.bmp,,0,True,d01c248c9d9e09d67e63fe23ec1ffb032c3adccab597e38463591340e4873bb3,512,512,,,,,,,,,
test,SL10,ydfid/SL10/test/good/ydfid_good_002800.bmp,,0,True,5e2e6ef49e0138900217c2a0de1dd56f459370f060d3d96d12cf0fcdc0aa7368,512,512,,,,,,,,,
test,SL10,ydfid/SL10/test/good/ydfid_good_002801.bmp,,0,True,2198d5fa76a76af41ae852a6cc47103d9db08e8e03d3307ed195ede3932b74d4,512,512,,,,,,,,,
test,SL10,ydfid/SL10/test/good/ydfid_good_002802.bmp,,0,True,f1862db949a42b3c0a596acbbb92deb402753c0d73ffeff7e6df3215dd33e6c0,512,512,,,,,,,,,
test,SL10,ydfid/SL10/test/good/ydfid_good_002803.bmp,,0,True,5a524999518cb2ba7d9d41bf98b7d9abd7db286c8c071487c3b4b53153c5c4d0,512,512,,,,,,,,,
test,SL10,ydfid/SL10/test/good/ydfid_good_002804.bmp,,0,True,63b8ed07e986745d85e55be1f2af9db4041aae1d2a3a2212ef8ec47549a96a66,512,512,,,,,,,,,
test,SL10,ydfid/SL10/test/good/ydfid_good_002805.bmp,,0,True,8462a8d3d5080ef2ce9c31bf51a59bafcac2f82b66b35c85ba712fa2f74c58f4,512,512,,,,,,,,,
test,SL10,ydfid/SL10/test/good/ydfid_good_002806.bmp,,0,True,b067d4ea85cb06d081d4feff4088b1c9252a20ce35da5f9482a77f0a9d227fb9,512,512,,,,,,,,,
test,SL10,ydfid/SL10/test/good/ydfid_good_002807.bmp,,0,True,804cb250d0910f06c574e85065c32f3fb49657eade84650689ba42f5488a0200,512,512,,,,,,,,,
test,SL10,ydfid/SL10/test/good/ydfid_good_002808.bmp,,0,True,a770060500fc7e978300e4781c47b64afd150a970161aff03d97fa194f36ede2,512,512,,,,,,,,,
test,SL10,ydfid/SL10/test/good/ydfid_good_002809.bmp,,0,True,a074db7aa4180cbfbe4d56508b6de1a6c51bb18a9085696c7e060dd7564b6cf7,512,512,,,,,,,,,
test,SL10,ydfid/SL10/test/good/ydfid_good_002810.bmp,,0,True,66f919bf23ff80fcbbedeaea39237f64aa4fb7a0f39926a4566f619ac68b35ef,512,512,,,,,,,,,
test,SL10,ydfid/SL10/test/good/ydfid_good_002811.bmp,,0,True,948aee66c7c0ae5d38f985951a6f4f51634bbf6eca8295670219c49a3f2c7cb7,512,512,,,,,,,,,
test,SL10,ydfid/SL10/test/good/ydfid_good_002812.bmp,,0,True,1c7defdd8e95fd1cb83c0b60250613658103bbbf0f7806499e5658b3cf3b1072,512,512,,,,,,,,,
test,SL10,ydfid/SL10/test/good/ydfid_good_002813.bmp,,0,True,d3293bdbf4aff88f7744ce325b8e0f036fdd28f3aa4af15fec8d566bf18e9e87,512,512,,,,,,,,,
test,SL10,ydfid/SL10/test/good/ydfid_good_002814.bmp,,0,True,e7641ecb0ae949216d7d313af864d22048dac771358a37e208fde9267bc731db,512,512,,,,,,,,,
test,SL10,ydfid/SL10/test/good/ydfid_good_002815.bmp,,0,True,dd0c172a1d1da27b4eae94dafc5f4a5b0ee624a10ba061a7bbbc42528281fbbe,512,512,,,,,,,,,
test,SL10,ydfid/SL10/test/good/ydfid_good_002816.bmp,,0,True,87f09256d114da5fb25a89c3c865740f796537c7cb8569e24f34f8a09cc9a78c,512,512,,,,,,,,,
test,SL10,ydfid/SL10/test/good/ydfid_good_002817.bmp,,0,True,7eb143f5854316e4d6608858223fcb2bfbbaf4368c2aa39f9c21b86d4496e071,512,512,,,,,,,,,
test,SL10,ydfid/SL10/test/good/ydfid_good_002818.bmp,,0,True,3b89ee6df62676b3ee936163048fd48996632c9a7203cd8f7207f9478d753039,512,512,,,,,,,,,
test,SL10,ydfid/SL10/test/good/ydfid_good_002819.bmp,,0,True,e58b6ae80a937bb0a4807d9abf1130853476ed6983cfa0a5954c09342d8fcf7b,512,512,,,,,,,,,
test,SL10,ydfid/SL10/test/good/ydfid_good_002820.bmp,,0,True,ef49d49878b51487c45563c71cd4ac7fe167797ee52c2dfe254d850d6747fc80,512,512,,,,,,,,,
test,SL10,ydfid/SL10/test/good/ydfid_good_002821.bmp,,0,True,c99e284b82f38cfab6c7ecfce2805109dc85020f1ef14803d77975868352ade5,512,512,,,,,,,,,
test,SL10,ydfid/SL10/test/good/ydfid_good_002822.bmp,,0,True,b68e3b4fa46c68122d2a900f57dd38f4010379e1ad5e3fce01350137c35c7866,512,512,,,,,,,,,
test,SL10,ydfid/SL10/test/good/ydfid_good_002823.bmp,,0,True,f5ec43496594ac51e29382a7d281f96987d47ec8169b1935843de8a630add4d5,512,512,,,,,,,,,
test,SL10,ydfid/SL10/test/good/ydfid_good_002824.bmp,,0,True,7d0333caa94ce9b98a2e8ebd1e096e60eb3a8b57195fc91f7b2dc4bf0f5ca119,512,512,,,,,,,,,
test,SL10,ydfid/SL10/test/good/ydfid_good_002825.bmp,,0,True,b7c6886fccca24323a22cff757650a5d92237d5c36458424183161323d43f183,512,512,,,,,,,,,
test,SL10,ydfid/SL10/test/good/ydfid_good_002826.bmp,,0,True,309dc57e78467ec510d9175d97bfefefcee24e427f73b657f44149b3b7e7e4b2,512,512,,,,,,,,,
test,SL10,ydfid/SL10/test/good/ydfid_good_002827.bmp,,0,True,ac0fff63476ed817fd8a9181fcc692895641c9985ed079a92bb39c4621541023,512,512,,,,,,,,,
test,SL10,ydfid/SL10/test/good/ydfid_good_002828.bmp,,0,True,b14ddde34e199db51aa25606c495b6192df3b3a23337f53c3983c399787b9f99,512,512,,,,,,,,,
test,SL10,ydfid/SL10/test/good/ydfid_good_002829.bmp,,0,True,0db85bcceab1fa253b22600714efa616cb269d8e30d1af4b6a4f232befd337e4,512,512,,,,,,,,,
test,SL10,ydfid/SL10/test/good/ydfid_good_002830.bmp,,0,True,f1c39e7e167dbdb5f85eadeb972b03e5b6489edb399354ef6dd59ea9bfaf9279,512,512,,,,,,,,,
test,SL10,ydfid/SL10/test/good/ydfid_good_002831.bmp,,0,True,d94f66ad5b0215a2ebc30914063e2bdd444a07dabfba73fea8a1829239275a63,512,512,,,,,,,,,
test,SL10,ydfid/SL10/test/good/ydfid_good_002832.bmp,,0,True,e003082230846ad605f14f7c3490f80c2787f9b8e7dfb44523c0acc977c1d498,512,512,,,,,,,,,
test,SL10,ydfid/SL10/test/good/ydfid_good_002833.bmp,,0,True,db2ec3d8363d174e449ac397cd223bba1606194cdb597acc3d3df44f5338052b,512,512,,,,,,,,,
test,SL10,ydfid/SL10/test/good/ydfid_good_002834.bmp,,0,True,c7b6a7cf11e16f99fafc5cb1a1e96d45142a09b5937c6baf0ca6afee491301da,512,512,,,,,,,,,
test,SL10,ydfid/SL10/test/good/ydfid_good_002835.bmp,,0,True,dd2d8c1651481765da014aaeb2c1120e0833cb96751d2bf25fa6f73ee07603ab,512,512,,,,,,,,,
test,SL10,ydfid/SL10/test/good/ydfid_good_002836.bmp,,0,True,cc72c6cb6e954b233785b81e3498c0a7368cacfb19aa493859d2ef8890466918,512,512,,,,,,,,,
test,SL10,ydfid/SL10/test/good/ydfid_good_002837.bmp,,0,True,5e0d9962d1583c4c11a612befe48e9ab8cbe0512fa613d46b918f847d0882d7b,512,512,,,,,,,,,
test,SL10,ydfid/SL10/test/good/ydfid_good_002838.bmp,,0,True,3a4bf8ec55bb70ea409f03441dd0aea540b4108dfcb7ff36b8be83d0210f14ba,512,512,,,,,,,,,
test,SL10,ydfid/SL10/test/good/ydfid_good_002839.bmp,,0,True,2642b3366c6efe0903abc431d2ada0644db18a00a878d41f14266b99bab9ad9b,512,512,,,,,,,,,
test,SL10,ydfid/SL10/test/good/ydfid_good_002840.bmp,,0,True,d469cd09907f099cc8f67ae4689a651e6b300dbfc3e3c1ba525560c5b6073421,512,512,,,,,,,,,
test,SL10,ydfid/SL10/test/good/ydfid_good_002841.bmp,,0,True,e0f9b90f3d24ef4d43cc1a67c80f62c9de8e896a6a29e34d3617378e4282baf7,512,512,,,,,,,,,
test,SL10,ydfid/SL10/test/good/ydfid_good_002842.bmp,,0,True,db78333b493bce060b86440240b14b407fc3f738bf379c093a2b19ebe235a674,512,512,,,,,,,,,
test,SL10,ydfid/SL10/test/good/ydfid_good_002843.bmp,,0,True,71f6d0cf71dce0074a74450a9aea40bb0faf53b2a075abda1dbc7c40c722691b,512,512,,,,,,,,,
test,SL10,ydfid/SL10/test/good/ydfid_good_002844.bmp,,0,True,b0d77e47dee40fdf787222de032d48865be13689d24b5360ebe05dd1baeb6388,512,512,,,,,,,,,
test,SL10,ydfid/SL10/test/good/ydfid_good_002845.bmp,,0,True,1b18b2aa1191b97ee49e7dba8154d63604cf54a67e9c602e73480f9648f77ca4,512,512,,,,,,,,,
test,SL10,ydfid/SL10/test/good/ydfid_good_002846.bmp,,0,True,1885156e6cf5fbd40d720b939d042f3e963378aecea9590f0261721e421abe80,512,512,,,,,,,,,
test,SL10,ydfid/SL10/test/good/ydfid_good_002847.bmp,,0,True,29e333b4a5301998b5578609a798b20abefaef026ba435122160dc075786fc8b,512,512,,,,,,,,,
test,SL10,ydfid/SL10/test/good/ydfid_good_002848.bmp,,0,True,5bbff6a5a5c457dbd43e00ca2014bf8627eba0d4c5ace103071b41c539ad26e4,512,512,,,,,,,,,
test,SL10,ydfid/SL10/test/good/ydfid_good_002849.bmp,,0,True,31808077d3eacf4dee9d60683dbaccb34de4b2151c0b197e2e5e819f4f8799ee,512,512,,,,,,,,,
test,SL10,ydfid/SL10/test/good/ydfid_good_002850.bmp,,0,True,ae6c37324c8f6b6478be3764c20398281d52cae38bad0aa05a4c09a86731ea58,512,512,,,,,,,,,
test,SL10,ydfid/SL10/test/good/ydfid_good_002851.bmp,,0,True,fa3f96d8dae19b51c3a199e8bf1caa62eb10d902f88313005f0f69d71a39697b,512,512,,,,,,,,,
test,SL10,ydfid/SL10/test/good/ydfid_good_002852.bmp,,0,True,90ab4cdbed66426c6b8953295f2885be223ac50acdaee31468c3249aa4f0fb44,512,512,,,,,,,,,
test,SL10,ydfid/SL10/test/good/ydfid_good_002853.bmp,,0,True,2e102f6cd9e5e563298b629abe157b14f7c3833852b51ad105f6e5ae17153dff,512,512,,,,,,,,,
test,SL10,ydfid/SL10/test/good/ydfid_good_002854.bmp,,0,True,0edf8dd4598f688a8888247d2b02263b02550a3fc44fb5abc7fd565cef770b18,512,512,,,,,,,,,
test,SL10,ydfid/SL10/test/good/ydfid_good_002855.bmp,,0,True,86e5bb70ec291d4841db684221d0acf28531c1c0a2a9ac2bf980358a9f019138,512,512,,,,,,,,,
test,SL10,ydfid/SL10/test/good/ydfid_good_002856.bmp,,0,True,dd15182eb1f85bbab7999a1e3b86437a52e05fc7df35a80dcd67bc4662b32f6f,512,512,,,,,,,,,
test,SL10,ydfid/SL10/test/good/ydfid_good_002857.bmp,,0,True,62de4054fb16f2fb6353dd8568e65e7482af356b441951807ed5b9c086f0cafa,512,512,,,,,,,,,
test,SL10,ydfid/SL10/test/good/ydfid_good_002858.bmp,,0,True,21a8096a6eee9904bc98b1971c7eba0a13b0a1dda2210950514cb2c5bd13e539,512,512,,,,,,,,,
test,SL10,ydfid/SL10/test/good/ydfid_good_002859.bmp,,0,True,0aa46a4333e13d5462689b74b470df2b9289f1c9a5c6ad0bbedf7d411840741b,512,512,,,,,,,,,
test,SL10,ydfid/SL10/test/good/ydfid_good_002860.bmp,,0,True,1b0eb63775742282652e09fa03387e56c0572dc8b4ef1303884eba764f44d3f2,512,512,,,,,,,,,
test,SL10,ydfid/SL10/test/good/ydfid_good_002861.bmp,,0,True,1ac1a02108604d07aa81d52eecefe2d5c061b0bec5efcee45e4c178677230c5d,512,512,,,,,,,,,
test,SL10,ydfid/SL10/test/good/ydfid_good_002862.bmp,,0,True,f7eec0e5a36497125a9450ef2c6eb27d95eca96a6cee6459bf77b92f41394dbc,512,512,,,,,,,,,
test,SL10,ydfid/SL10/test/good/ydfid_good_002863.bmp,,0,True,f0c55aa66b2154592cd9d35d46f592095ffc60eccf0eb12e91320587dafded52,512,512,,,,,,,,,
test,SL10,ydfid/SL10/test/good/ydfid_good_002864.bmp,,0,True,72bee488462841261569a8ea1e74a7c6ef6115d3a7207843e2d1c6889dd54ae4,512,512,,,,,,,,,
test,SL10,ydfid/SL10/test/good/ydfid_good_002865.bmp,,0,True,409d93c57f25213851a9294390731dc888531085e600ccc22e7fed00ae06f528,512,512,,,,,,,,,
test,SL10,ydfid/SL10/test/good/ydfid_good_002866.bmp,,0,True,feeb2a7e6e5fb8c797e7a793996022f93b1b710397d895d3bb8aa439ad0ca5ef,512,512,,,,,,,,,
test,SL10,ydfid/SL10/test/good/ydfid_good_002867.bmp,,0,True,390a38e78d3a5b1393ac57e5c65866a9c980b8f30078c669896509357bf299a6,512,512,,,,,,,,,
test,SL10,ydfid/SL10/test/good/ydfid_good_002868.bmp,,0,True,c8db5f9091ba943fdc23983183e699c3b71dc02c368218ee6e256fc6eee80a25,512,512,,,,,,,,,
test,SL10,ydfid/SL10/test/good/ydfid_good_002869.bmp,,0,True,342b3f644e8a4860515dfac8eb9caa9ccf80cfc929ac280538898e872b584933,512,512,,,,,,,,,
test,SL10,ydfid/SL10/test/good/ydfid_good_002870.bmp,,0,True,5b3875447de8059897dd8132746311c8cda2b206faaf4b82e5043c9bc45d368a,512,512,,,,,,,,,
test,SL10,ydfid/SL10/test/good/ydfid_good_002871.bmp,,0,True,a057a1ebe238388ff7557d7c622af760730c9ad4329c7b655060be811ee6f312,512,512,,,,,,,,,
test,SL10,ydfid/SL10/test/good/ydfid_good_002872.bmp,,0,True,06f3ba8c59dd332d6d48cf9e78f2a591006bea0a2a696ef45dc7612859b7cc26,512,512,,,,,,,,,
test,SL10,ydfid/SL10/test/good/ydfid_good_002873.bmp,,0,True,d07f9105bb35f993591b3ec5dd66979d52430355d7c534e1c31db6a045c22bf8,512,512,,,,,,,,,
test,SL10,ydfid/SL10/test/good/ydfid_good_002874.bmp,,0,True,57ca915444783f1449b67358c6b99604b97fef29f57f0ee472126b343f13f5ed,512,512,,,,,,,,,
test,SL10,ydfid/SL10/test/good/ydfid_good_002875.bmp,,0,True,ac12e18c590dc55a35591e0313d1281856565fcab7a5cab7cbfd7fb4208ba2a9,512,512,,,,,,,,,
test,SL10,ydfid/SL10/test/good/ydfid_good_002876.bmp,,0,True,ec762a7b9f3004f042a1cc658ce7a77ca2e96dd65043119406ae7ce7c0daa988,512,512,,,,,,,,,
test,SL10,ydfid/SL10/test/good/ydfid_good_002877.bmp,,0,True,b5c5260ac4984df093efa1862912a62c8597f41ec557144b750acb74f986a748,512,512,,,,,,,,,
test,SL10,ydfid/SL10/test/good/ydfid_good_002878.bmp,,0,True,c4179b4aeac54471fe3d92a6b7155947b671f361531155674ea1b7f443162d60,512,512,,,,,,,,,
test,SL10,ydfid/SL10/test/good/ydfid_good_002879.bmp,,0,True,6bce189fff737d18cbb02ef866233d2332035b695193a8504968fe377241ebf7,512,512,,,,,,,,,
test,SL10,ydfid/SL10/test/good/ydfid_good_002880.bmp,,0,True,d8cb768e5097cc7271aab7e0830921613a788556a537908457026b5da908e000,512,512,,,,,,,,,
test,SL10,ydfid/SL10/test/good/ydfid_good_002881.bmp,,0,True,9b4319b74e1d8ab599dd858b0a1282e0468a1d76a81404ceeb12036601e3c6b4,512,512,,,,,,,,,
test,SL10,ydfid/SL10/test/good/ydfid_good_002882.bmp,,0,True,d74fb091aa28e0c050c577d08670297233b61acccc07a2b5faaa749b929fc21c,512,512,,,,,,,,,
test,SL10,ydfid/SL10/test/good/ydfid_good_002883.bmp,,0,True,547916a953a04779a52d69358f5cd8482a48e4155679442a6df578bc871c1189,512,512,,,,,,,,,
test,SL10,ydfid/SL10/test/good/ydfid_good_002884.bmp,,0,True,e21a46122c742892acacb0f89c58d4e10a1986c898ecf462f3b7e43afa81720f,512,512,,,,,,,,,
test,SL10,ydfid/SL10/test/good/ydfid_good_002885.bmp,,0,True,a2e058a64ba5ec16cc57c6255b48d385e42fdd07840d157141283f448447e05a,512,512,,,,,,,,,
test,SL10,ydfid/SL10/test/good/ydfid_good_002886.bmp,,0,True,e021343fbfe0fb2afcabd80ae288a7c9cc5828badfb8bed088b4228629bb5ebe,512,512,,,,,,,,,
test,SL10,ydfid/SL10/test/good/ydfid_good_002887.bmp,,0,True,bfaa8d300c12e11a6433a14102eaf2690d7e780574c916561312dcefa76f9c67,512,512,,,,,,,,,
test,SL10,ydfid/SL10/test/good/ydfid_good_002888.bmp,,0,True,44e4449f633489adc6a75fa5a41efb5ae855981e45692eabe2021078ce5a8c07,512,512,,,,,,,,,
test,SL11,ydfid/SL11/test/anomaly/ydfid_defect_003221.bmp,ydfid/SL11/ground_truth/anomaly/ydfid_defect_003221.png,1,True,015b6a1f3ad5ef05847d1f76fd9ac09276407a0d06bf0008e136b53f40a9f297,512,512,True,512,512,0|255,187,0.000713348388671875,1.0625,False,
test,SL11,ydfid/SL11/test/anomaly/ydfid_defect_003222.bmp,ydfid/SL11/ground_truth/anomaly/ydfid_defect_003222.png,1,True,a2786dfcae57c31f1fb93d2ea1c7754d108ff770c8dbd246b913a95eae8d9b82,512,512,True,512,512,0|255,199,0.000759124755859375,1.0625,False,
test,SL11,ydfid/SL11/test/anomaly/ydfid_defect_003223.bmp,ydfid/SL11/ground_truth/anomaly/ydfid_defect_003223.png,1,True,463284c3b01599129b78ab9d9f132f500f10ca84b664a9526666b7aef8b5e86f,512,512,True,512,512,0|255,1028,0.0039215087890625,6.23529,False,
test,SL11,ydfid/SL11/test/anomaly/ydfid_defect_003224.bmp,ydfid/SL11/ground_truth/anomaly/ydfid_defect_003224.png,1,True,a705418502631e1e83c6ceaa35f0a77b803903d7702758e0257e74ab81bdd0f0,512,512,True,512,512,0|255,224,0.0008544921875,1.2,False,
test,SL11,ydfid/SL11/test/anomaly/ydfid_defect_003225.bmp,ydfid/SL11/ground_truth/anomaly/ydfid_defect_003225.png,1,True,fba676348664cf2cd3fd4ac9080d0ba2bc6a974e223da39b534367c7ab4cea28,512,512,True,512,512,0|255,6780,0.0258636474609375,22.26087,False,
test,SL11,ydfid/SL11/test/anomaly/ydfid_defect_003226.bmp,ydfid/SL11/ground_truth/anomaly/ydfid_defect_003226.png,1,True,33b20bfe506ef7179c00a12b205325769f872ea6c72df4bbfcbc8789f288ba72,512,512,True,512,512,0|255,181,0.000690460205078125,1.42857,False,
test,SL11,ydfid/SL11/test/anomaly/ydfid_defect_003227.bmp,ydfid/SL11/ground_truth/anomaly/ydfid_defect_003227.png,1,True,10328108fca0d4da7db6efd972114357074f8082e9f92f3a2f20849c73bbe06e,512,512,True,512,512,0|255,923,0.003520965576171875,1.32692,False,
test,SL11,ydfid/SL11/test/anomaly/ydfid_defect_003228.bmp,ydfid/SL11/ground_truth/anomaly/ydfid_defect_003228.png,1,True,6ed15357959c3b0a54efd34ce9fa94234db9def2f8706f57c2d9092817bda142,512,512,True,512,512,0|255,3948,0.0150604248046875,2.07273,False,
test,SL11,ydfid/SL11/test/good/ydfid_good_003066.bmp,,0,True,49bd2f2e15af1a26521592ba0c099ae984dfd36baa106523c441f5efdcaeac6f,512,512,,,,,,,,,
test,SL11,ydfid/SL11/test/good/ydfid_good_003067.bmp,,0,True,3924468ee8a605d16a20aca1ab8bca91a09ab5ea69972d9174bd4d3caa6a7a5b,512,512,,,,,,,,,
test,SL11,ydfid/SL11/test/good/ydfid_good_003068.bmp,,0,True,aa06b870d158e3bf157a479f39b099c28146fd4de6244a1824450055a93ad89d,512,512,,,,,,,,,
test,SL11,ydfid/SL11/test/good/ydfid_good_003069.bmp,,0,True,4a76b96560443b1f043374a656c762694937af50743054340860afde2cfd4ad6,512,512,,,,,,,,,
test,SL11,ydfid/SL11/test/good/ydfid_good_003070.bmp,,0,True,924fe039df34a8b5c189ab963611cc5800f3e4f0e1d3326d69d641e0c48152f9,512,512,,,,,,,,,
test,SL11,ydfid/SL11/test/good/ydfid_good_003071.bmp,,0,True,0656fde9b520726420143b5648b9ed0556231bc618cb5299b1e6a6d5ce5bb01e,512,512,,,,,,,,,
test,SL11,ydfid/SL11/test/good/ydfid_good_003072.bmp,,0,True,9268057da65bc75cea111017043925448c5f3014d4572609517b7deec2a0400e,512,512,,,,,,,,,
test,SL11,ydfid/SL11/test/good/ydfid_good_003073.bmp,,0,True,ceb445ee9024be45d86023dc8d29a688567cc4bb8f7d344be8fbdb73c4c68de4,512,512,,,,,,,,,
test,SL11,ydfid/SL11/test/good/ydfid_good_003074.bmp,,0,True,ff807b79e2815051ed8dfa2b588ee0c18ce9c593e1991398f08293db36c2621a,512,512,,,,,,,,,
test,SL11,ydfid/SL11/test/good/ydfid_good_003075.bmp,,0,True,71bf66ea5d024cffcc17ff9d8c47f713f74700aed49c43997e5aa28a59535b19,512,512,,,,,,,,,
test,SL11,ydfid/SL11/test/good/ydfid_good_003076.bmp,,0,True,2024b953c96a830c860bb236d72c8ded8db17388bae1cf5c2af361bc4e4cf6b8,512,512,,,,,,,,,
test,SL11,ydfid/SL11/test/good/ydfid_good_003077.bmp,,0,True,84c36c1e33755680fff905190083e0fd1fc5a6bedb5a57056d6791d1948de35f,512,512,,,,,,,,,
test,SL11,ydfid/SL11/test/good/ydfid_good_003078.bmp,,0,True,7d3643b821f3e2178031248688828028049e59bed77e58031e82e39ad71f06fb,512,512,,,,,,,,,
test,SL11,ydfid/SL11/test/good/ydfid_good_003079.bmp,,0,True,adc1a799f9303e889873a6cf3ad638106ba70177a049405469ccef28401e8f21,512,512,,,,,,,,,
test,SL11,ydfid/SL11/test/good/ydfid_good_003080.bmp,,0,True,ee32cffd9246b87a9f26b7851be0e0e0243dccd39bb42e3ea64431adf7475968,512,512,,,,,,,,,
test,SL11,ydfid/SL11/test/good/ydfid_good_003081.bmp,,0,True,e4045ad8c83d68bf4a59fe28f937ab7fd71d7ec5dfb4938070ef80005079805d,512,512,,,,,,,,,
test,SL11,ydfid/SL11/test/good/ydfid_good_003082.bmp,,0,True,e1a430b8dccbede9344f52ddce96886f432781a0f6bf831c25d661a902d8bda1,512,512,,,,,,,,,
test,SL11,ydfid/SL11/test/good/ydfid_good_003083.bmp,,0,True,6e7ca10443510683518acac05905a281ea2b81606e8e2f3f7dbb9b250340185d,512,512,,,,,,,,,
test,SL11,ydfid/SL11/test/good/ydfid_good_003084.bmp,,0,True,60eb601d19e23e87de441ab22d5b5dc20f22e946bdefcc82730d9c26e2df3dba,512,512,,,,,,,,,
test,SL11,ydfid/SL11/test/good/ydfid_good_003085.bmp,,0,True,a2b572d8d7d1cf466a571b6c5e7c372a917e96188e7a8486e20dbbb002c0f931,512,512,,,,,,,,,
test,SL11,ydfid/SL11/test/good/ydfid_good_003086.bmp,,0,True,389a64db55a7c2d21bdebf6b96be887a85718df87a11ab8f4fe74ebf17af51f2,512,512,,,,,,,,,
test,SL11,ydfid/SL11/test/good/ydfid_good_003087.bmp,,0,True,a3a0e1d0daa1b602b8a2f30d16d5042a18fc09461c9ec9bba8a960822c7bc2a2,512,512,,,,,,,,,
test,SL11,ydfid/SL11/test/good/ydfid_good_003088.bmp,,0,True,d2ba067b67a36d2a9c181f820403e4bbc86d79a22243dc8d20a6eead3b85238e,512,512,,,,,,,,,
test,SL11,ydfid/SL11/test/good/ydfid_good_003089.bmp,,0,True,e026a684796f2f50072533402b611175aea885d8b745523dd561e003931ee3cc,512,512,,,,,,,,,
test,SL11,ydfid/SL11/test/good/ydfid_good_003090.bmp,,0,True,d3c8c87a8b317cd654b196be9fafc1c7e438f761f3cccd8093e96e547bb1256c,512,512,,,,,,,,,
test,SL11,ydfid/SL11/test/good/ydfid_good_003091.bmp,,0,True,a62b1d234a57fd381c5c5e287594e403b568d53c760c364935f87a02ba285fcf,512,512,,,,,,,,,
test,SL11,ydfid/SL11/test/good/ydfid_good_003092.bmp,,0,True,c07ca4c04821e071f47ff5e0a96fd64de3eb8abdc198b708a1182417907f587a,512,512,,,,,,,,,
test,SL11,ydfid/SL11/test/good/ydfid_good_003093.bmp,,0,True,74bdbdf55589e8c0eb566b5dc04cff680904b81e239ecda5fae3b1affe048af6,512,512,,,,,,,,,
test,SL11,ydfid/SL11/test/good/ydfid_good_003094.bmp,,0,True,1c6c4027079d46513a632a4b1579546d3e040bd63e25b1714669aea2802421d2,512,512,,,,,,,,,
test,SL11,ydfid/SL11/test/good/ydfid_good_003095.bmp,,0,True,f4fcfc38ecca5c450be7084f5320495bd2867a15e1e659a1bc85c1a1f4253856,512,512,,,,,,,,,
test,SL11,ydfid/SL11/test/good/ydfid_good_003096.bmp,,0,True,3bc2b22a581ca540ec5f56f98628a59f3472304c92fb50e12d483bb8a27ba589,512,512,,,,,,,,,
test,SL11,ydfid/SL11/test/good/ydfid_good_003097.bmp,,0,True,80d56dc727d0dffd6630bed0d1208b1d8c77dd66827fb36ecbd94cb290a51813,512,512,,,,,,,,,
test,SL11,ydfid/SL11/test/good/ydfid_good_003098.bmp,,0,True,b64e854fbd8d835bf2c4bbe89e0c1ae6da4715ad3a262a25d2a7d92936edc4a2,512,512,,,,,,,,,
test,SL11,ydfid/SL11/test/good/ydfid_good_003099.bmp,,0,True,f52151074a4af76a90206e04f8c641d25f02a9ad8520565ff198a1273cceb870,512,512,,,,,,,,,
test,SL11,ydfid/SL11/test/good/ydfid_good_003100.bmp,,0,True,2312ac0a7624f285e2546cdf6c9334c6d01f80a4fe1b044662dd6df56a4b5ba6,512,512,,,,,,,,,
test,SL11,ydfid/SL11/test/good/ydfid_good_003101.bmp,,0,True,a255fb4ee4d85a3d8c3db052df71edb0d6ebdbbd2de632577ccfafbcf07ddd17,512,512,,,,,,,,,
test,SL11,ydfid/SL11/test/good/ydfid_good_003102.bmp,,0,True,ec62912abde2e5477240ea5e1acfcd84ae76ac190d981fe282f02f3fb6b336bf,512,512,,,,,,,,,
test,SL11,ydfid/SL11/test/good/ydfid_good_003103.bmp,,0,True,b6d33bfce790ec948574acaed4044da9e1441b964946632a08707afed716d05f,512,512,,,,,,,,,
test,SL11,ydfid/SL11/test/good/ydfid_good_003104.bmp,,0,True,bfa248ed38c9f831d8256b932a03da9af186ff6c79ac9fac4f816ddb19567b46,512,512,,,,,,,,,
test,SL11,ydfid/SL11/test/good/ydfid_good_003105.bmp,,0,True,43c169eacef84cfdfa66743ac40177dc7287b53065fb5eff65ae78db1fe3ac9b,512,512,,,,,,,,,
test,SL11,ydfid/SL11/test/good/ydfid_good_003106.bmp,,0,True,6920177c29a5eb05767782dd19e7a586bd92e1dfbdd695b3244acfb752bb2fee,512,512,,,,,,,,,
test,SL11,ydfid/SL11/test/good/ydfid_good_003107.bmp,,0,True,df7f4d3fbee0dec1cfa8e597ebd965a6558fc4018b0a6abf3015169ac5f88db6,512,512,,,,,,,,,
test,SL11,ydfid/SL11/test/good/ydfid_good_003108.bmp,,0,True,62eba6e74a31f8fb17aa5ca85b76e9cd88c9fc4285bdffd64efd052c325073a9,512,512,,,,,,,,,
test,SL11,ydfid/SL11/test/good/ydfid_good_003109.bmp,,0,True,d636454cc7058c8bdce0914745d3a355cd95d18c677826704849a5ceef7ae18b,512,512,,,,,,,,,
test,SL11,ydfid/SL11/test/good/ydfid_good_003110.bmp,,0,True,20713b52f103f43d406485c216dcc4e14dbced888b6228b874217fbbd8c48946,512,512,,,,,,,,,
test,SL11,ydfid/SL11/test/good/ydfid_good_003111.bmp,,0,True,58ed7416e080de1e3e9533b134746d6cfb51772fb876bfefc296f96383c9b3cb,512,512,,,,,,,,,
test,SL11,ydfid/SL11/test/good/ydfid_good_003112.bmp,,0,True,440e1c6fa5ec50d015eba87bd9b8274be5c5db18fbfa9fe1e614bbd68fdcce2a,512,512,,,,,,,,,
test,SL11,ydfid/SL11/test/good/ydfid_good_003113.bmp,,0,True,5488466124e5985538b3f0a820a5ecd880ac0cbafb4a2f2c8121806c6fc25780,512,512,,,,,,,,,
test,SL11,ydfid/SL11/test/good/ydfid_good_003114.bmp,,0,True,7386dfdcfdd4110678074dd9dd4691a82a868d68b0d65bc41b697f18b89e232c,512,512,,,,,,,,,
test,SL11,ydfid/SL11/test/good/ydfid_good_003115.bmp,,0,True,91d3c3e94169d1ff3cebe6e549d53fa0595676ed7dda1dd7c9b62c452879be44,512,512,,,,,,,,,
test,SL11,ydfid/SL11/test/good/ydfid_good_003116.bmp,,0,True,e21831a5f71f522cbb67d1a8bb3e9a5c17a8ec7bc762626d0df2c1606b3b5f9c,512,512,,,,,,,,,
test,SL11,ydfid/SL11/test/good/ydfid_good_003117.bmp,,0,True,c04360188f7e6721b17abfa9608dde5b432bb2b726056c0f3b2b6d33b3bbf3d8,512,512,,,,,,,,,
test,SL11,ydfid/SL11/test/good/ydfid_good_003118.bmp,,0,True,f05932a8fdefa82736cbe8c23cfab7e77a0f7cdf06e7f7ca5986f3930bd77661,512,512,,,,,,,,,
test,SL11,ydfid/SL11/test/good/ydfid_good_003119.bmp,,0,True,cc9781549aaa5b644c138d90b53ec63714797364fd04d0a1c489a7febb217aad,512,512,,,,,,,,,
test,SL11,ydfid/SL11/test/good/ydfid_good_003120.bmp,,0,True,09672b419d37c564fdf84044949586bf5739bd5775bdb4af7e784ecfbb63251e,512,512,,,,,,,,,
test,SL11,ydfid/SL11/test/good/ydfid_good_003121.bmp,,0,True,d16bbe9eda20b33fdaa9acd79f73dfc982a11e9682b39ac546497976365d93fe,512,512,,,,,,,,,
test,SL11,ydfid/SL11/test/good/ydfid_good_003122.bmp,,0,True,abefd3ee333c705a786bb60c8b8efa2c1390416485c6aa24323f844acbacef95,512,512,,,,,,,,,
test,SL11,ydfid/SL11/test/good/ydfid_good_003123.bmp,,0,True,5d173699709c839ecb8b25a4b9f6e737d9c6aabae460bf15f235b7c2054fd476,512,512,,,,,,,,,
test,SL11,ydfid/SL11/test/good/ydfid_good_003124.bmp,,0,True,f50d89fcffdf4f4371673e80cbebba3f45860b4cf6bde82eb322729df2f6c04d,512,512,,,,,,,,,
test,SL11,ydfid/SL11/test/good/ydfid_good_003125.bmp,,0,True,839ac6774ba33fbb90ef1d987b661971b3ebb53775a379d3abe161b999ecd6f0,512,512,,,,,,,,,
test,SL11,ydfid/SL11/test/good/ydfid_good_003126.bmp,,0,True,2bc477c30524ed2617fa66c9b87f9c2e20aba237da4ea46a103da3b4d59e8353,512,512,,,,,,,,,
test,SL11,ydfid/SL11/test/good/ydfid_good_003127.bmp,,0,True,1f4c2bea77dc4550303f1cc1e33c0ff2ccb470edfec939c1b4a72b605eec09c9,512,512,,,,,,,,,
test,SL11,ydfid/SL11/test/good/ydfid_good_003128.bmp,,0,True,078c6b76d955025395e62b05c4ef8ab75db94d8f03e91692890fbb186a4e582c,512,512,,,,,,,,,
test,SL11,ydfid/SL11/test/good/ydfid_good_003129.bmp,,0,True,a2cc76a72fc96d07e49e77094f5d59b41d11fa326b32a12415df407933995bf5,512,512,,,,,,,,,
test,SL11,ydfid/SL11/test/good/ydfid_good_003130.bmp,,0,True,eed038cd838e29f28ac2737203c1d3c79ebe8a576325c2433986e902ec5f50a8,512,512,,,,,,,,,
test,SL11,ydfid/SL11/test/good/ydfid_good_003131.bmp,,0,True,079a141fa8bda8495a881b28ad430d91b7750a3bef4eb5f74399a70271574991,512,512,,,,,,,,,
test,SL11,ydfid/SL11/test/good/ydfid_good_003132.bmp,,0,True,84cbc25adda9df89d3a8b7651abaa6fdfc6c17e0e9b6ebdfbf2a4d419a0a49ae,512,512,,,,,,,,,
test,SL11,ydfid/SL11/test/good/ydfid_good_003133.bmp,,0,True,7d33495cefb0fcbf8a8a8a056acb832872bc0b505ad6952c3de4a9eda1a55347,512,512,,,,,,,,,
test,SL11,ydfid/SL11/test/good/ydfid_good_003134.bmp,,0,True,42f956d6890b27a2973a883669e62e6ec01c5c74e542d1b85b78f05c7ef815c0,512,512,,,,,,,,,
test,SL11,ydfid/SL11/test/good/ydfid_good_003135.bmp,,0,True,95130aa460149fca307413246691576fd7cb11cb5f81eef629c1b970d1530ea4,512,512,,,,,,,,,
test,SL11,ydfid/SL11/test/good/ydfid_good_003136.bmp,,0,True,d8056bf7919d74cd5c6bd671bfdf84d8a9f612dca75cb62749d3b86ba1e08d13,512,512,,,,,,,,,
test,SL11,ydfid/SL11/test/good/ydfid_good_003137.bmp,,0,True,fe5ac195026980c519f98f642f3ef46e829810148d8a03d7818809c1a33e98da,512,512,,,,,,,,,
test,SL11,ydfid/SL11/test/good/ydfid_good_003138.bmp,,0,True,fcb846afcc6988374e19e91768dacb530ad315002befb16bccefb43aa3436a17,512,512,,,,,,,,,
test,SL11,ydfid/SL11/test/good/ydfid_good_003139.bmp,,0,True,2c5b229b93cb46ab2656f7880cb2694a197bd7a48898bb3db6af896f728b4f1a,512,512,,,,,,,,,
test,SL11,ydfid/SL11/test/good/ydfid_good_003140.bmp,,0,True,fc1db4a943e650ba5bbcda782a3f59c2ecfc1459c9ec0fe7ceb9a2820070e2b0,512,512,,,,,,,,,
test,SL11,ydfid/SL11/test/good/ydfid_good_003141.bmp,,0,True,f5d78c68cdea209561e51a4f838e4acfe83fcfd765563441f9d8bee4e5d01bd1,512,512,,,,,,,,,
test,SL11,ydfid/SL11/test/good/ydfid_good_003142.bmp,,0,True,9cdee4e9816bae0eb797a6fa0a502e528bb50ed91a25cf2d27264cb91c7483e0,512,512,,,,,,,,,
test,SL11,ydfid/SL11/test/good/ydfid_good_003143.bmp,,0,True,6f35fce03e75e25c718a33e074d0ff63f7994f863ce4f6c4c2d27ce939eac037,512,512,,,,,,,,,
test,SL11,ydfid/SL11/test/good/ydfid_good_003144.bmp,,0,True,bac255ed5f0a4c248687c6c61e1fad77dcf621421cb7befe790eff7012380529,512,512,,,,,,,,,
test,SL11,ydfid/SL11/test/good/ydfid_good_003145.bmp,,0,True,b33341f30e2f35e55747365de83b683e7b52872ded4678f73ae433034c855de2,512,512,,,,,,,,,
test,SL11,ydfid/SL11/test/good/ydfid_good_003146.bmp,,0,True,36087504d95e5372bf12ee5150ca8c34441dd8ccd8c46bfbd183124955cb4120,512,512,,,,,,,,,
test,SL11,ydfid/SL11/test/good/ydfid_good_003147.bmp,,0,True,6e6d3f62c0c5247abf0520243a774d699c19d1fa3b7c499107c98b07f0e61674,512,512,,,,,,,,,
test,SL11,ydfid/SL11/test/good/ydfid_good_003148.bmp,,0,True,acaabf66235c3b0f4f4bc9f58954e6a59c795985b8864d604a3e72ba6654d6e6,512,512,,,,,,,,,
test,SL11,ydfid/SL11/test/good/ydfid_good_003149.bmp,,0,True,e3ca5d3981f9d65c80285d1a5111d7c213b23aafb7955b628366f3eb1e973122,512,512,,,,,,,,,
test,SL11,ydfid/SL11/test/good/ydfid_good_003150.bmp,,0,True,b1edf8386d278c8ad195d72b208e430b565bd8a178c2f1c9c6a172a5cbebe12a,512,512,,,,,,,,,
test,SL11,ydfid/SL11/test/good/ydfid_good_003151.bmp,,0,True,babb194a052272e0a3819db67ea1d4365ecd2082144c39d266dbd885732cc154,512,512,,,,,,,,,
test,SL11,ydfid/SL11/test/good/ydfid_good_003152.bmp,,0,True,7c825a3518628bcd68cced4eb2fbfef7e98669c3f441cda63f1ca7a46e76b724,512,512,,,,,,,,,
test,SL11,ydfid/SL11/test/good/ydfid_good_003153.bmp,,0,True,5381d2ce59a2189bd829c21f8e5e414954e1ca502b7637fb501bfedece39fb72,512,512,,,,,,,,,
test,SL11,ydfid/SL11/test/good/ydfid_good_003154.bmp,,0,True,6bcc94dbd836fd88a35cb319b2b59e0709b05aab7ca4ee9138246c2c0de38a68,512,512,,,,,,,,,
test,SL11,ydfid/SL11/test/good/ydfid_good_003155.bmp,,0,True,83a806df326ca1055f31bf5de6a13050d5bf2005a180ea94d700aad39f224676,512,512,,,,,,,,,
test,SL11,ydfid/SL11/test/good/ydfid_good_003156.bmp,,0,True,f8baaf4ed6f8d5b427f171ae77e2bd85fedf2bc7c65c909ded5c5bc6cccf62fb,512,512,,,,,,,,,
test,SL11,ydfid/SL11/test/good/ydfid_good_003157.bmp,,0,True,f79c7cbc3a554a02f22efd3fb2aa99cd83c4522ea422e047b04800d7acc4113d,512,512,,,,,,,,,
test,SL11,ydfid/SL11/test/good/ydfid_good_003158.bmp,,0,True,fd1a40195bc76639877535c7d7b1ad19d90631c983fb9750d5cab7bc04ab7947,512,512,,,,,,,,,
test,SL11,ydfid/SL11/test/good/ydfid_good_003159.bmp,,0,True,b1793d265aad808b16b47aed10c977ef1bf2fb6c465f4cc06cb896c6ab3b57ba,512,512,,,,,,,,,
test,SL11,ydfid/SL11/test/good/ydfid_good_003160.bmp,,0,True,6f445ea63c8ceadf47a054959248b488c0af58d9fa1f92364f0e11fe689c7f21,512,512,,,,,,,,,
test,SL11,ydfid/SL11/test/good/ydfid_good_003161.bmp,,0,True,614df97a83b71747cf7c3cecfb7a51e7dc2f34afaaa689a0f1813c0b27231539,512,512,,,,,,,,,
test,SL11,ydfid/SL11/test/good/ydfid_good_003162.bmp,,0,True,9fafd7b6047875d30d3b24aca4d19e5b441ff7bfa4f06b05cb0fdbe2b0d016e6,512,512,,,,,,,,,
test,SL11,ydfid/SL11/test/good/ydfid_good_003163.bmp,,0,True,ac177c31e4cdae6fee6f552d78b397752932e6f7bfa294d7248758603bf0d9cc,512,512,,,,,,,,,
test,SL11,ydfid/SL11/test/good/ydfid_good_003164.bmp,,0,True,0eb5bd7147e731cb71a75bbbaf824d2ae9ec02ca3b3ec167159c02ae0b9c7925,512,512,,,,,,,,,
test,SL11,ydfid/SL11/test/good/ydfid_good_003165.bmp,,0,True,f6c184848f506a5d8a4e1172c9584226acb83313ee627109a5ad63e14cb42028,512,512,,,,,,,,,
test,SL11,ydfid/SL11/test/good/ydfid_good_003166.bmp,,0,True,61f45fea62d6db00306bed5c5c4aa49b300965c87fe2efa12a1db15e3a138215,512,512,,,,,,,,,
test,SL11,ydfid/SL11/test/good/ydfid_good_003167.bmp,,0,True,e4f7f9f617000184b706bdbdc785d04807500b0344817f5ca8546fc2be28cc6a,512,512,,,,,,,,,
test,SL11,ydfid/SL11/test/good/ydfid_good_003168.bmp,,0,True,488bb5b77a1195ac967d05728ffbb25405e0c38ef38553114bd7cacfe428b858,512,512,,,,,,,,,
test,SL11,ydfid/SL11/test/good/ydfid_good_003169.bmp,,0,True,ff4b87d31ff671149f03affef8ace893ddd29bc005c9ff76dc599f5cd6b9dded,512,512,,,,,,,,,
test,SL11,ydfid/SL11/test/good/ydfid_good_003170.bmp,,0,True,525698c3aab34005ca8fd565be2181cb71a45b438d3c3f84d6455179c642fe2d,512,512,,,,,,,,,
test,SL11,ydfid/SL11/test/good/ydfid_good_003171.bmp,,0,True,4b9778f4da3b157c28c7a2eea0d89bda8413a0bb69fb3a624b303d9c7e92be1e,512,512,,,,,,,,,
test,SL11,ydfid/SL11/test/good/ydfid_good_003172.bmp,,0,True,3e64513c63d6d15eb7c74e7ca9da54780a110cde08c61a9145d70cd6e942d5f1,512,512,,,,,,,,,
test,SL11,ydfid/SL11/test/good/ydfid_good_003173.bmp,,0,True,352cec3c7a1ceabf7fd282177949a7e015f8b9d45dc22ea181a8a4c11f5d8ec5,512,512,,,,,,,,,
test,SL11,ydfid/SL11/test/good/ydfid_good_003174.bmp,,0,True,88d219e9b0db6f088163d35da093420b9dedd096609a0bb40be30147ff747cf6,512,512,,,,,,,,,
test,SL11,ydfid/SL11/test/good/ydfid_good_003175.bmp,,0,True,66f9a80d7ef5c1db64f172b4f527e6419b9318413b2a7229d9849ec5de8707f0,512,512,,,,,,,,,
test,SL11,ydfid/SL11/test/good/ydfid_good_003176.bmp,,0,True,f2ab9f8912b1ee415d292f528dc51c76947da0b55661eb930ba83d688980515b,512,512,,,,,,,,,
test,SL11,ydfid/SL11/test/good/ydfid_good_003177.bmp,,0,True,8244ef5959303441348d94dd3cd353fd21de4c6c8e1f260a4fc8651d0b4ab081,512,512,,,,,,,,,
test,SL11,ydfid/SL11/test/good/ydfid_good_003178.bmp,,0,True,a5161a13cb93954d2e3383587743a3ba44ffd128f8e6f035273ad0ffb8149c19,512,512,,,,,,,,,
test,SL11,ydfid/SL11/test/good/ydfid_good_003179.bmp,,0,True,88d585c2e3993278fae066e62ffa48febb81bfca0d5c3f37cf5b89296e3b4544,512,512,,,,,,,,,
test,SL11,ydfid/SL11/test/good/ydfid_good_003180.bmp,,0,True,8e99e69c31b59834d471c1c872e66242ea43b3c6441efc1b33c4c4d2c59b5334,512,512,,,,,,,,,
test,SL11,ydfid/SL11/test/good/ydfid_good_003181.bmp,,0,True,ecbaedc3a709d3c2351067561720e7b39999d6c17f45cdc4e7f71ef18fb0630c,512,512,,,,,,,,,
test,SL11,ydfid/SL11/test/good/ydfid_good_003182.bmp,,0,True,d2461123753fac5c23b996a097025c7457ff0a8b3d4c677f1314c7be77b8bac6,512,512,,,,,,,,,
test,SL11,ydfid/SL11/test/good/ydfid_good_003183.bmp,,0,True,1dd04cdc4816f604752957263a54547c7fec60bd108ed9edb5ecc40ab6dd9475,512,512,,,,,,,,,
test,SL11,ydfid/SL11/test/good/ydfid_good_003184.bmp,,0,True,ae9311337fa7dbd38563cde52a27a436afdf42c94b101e6045ce4fc637b12fa1,512,512,,,,,,,,,
test,SL11,ydfid/SL11/test/good/ydfid_good_003185.bmp,,0,True,ec63f144147bb571f061a8c541ff8ad6f3f06a75bf6cfe17e06b60676917c2c8,512,512,,,,,,,,,
test,SL11,ydfid/SL11/test/good/ydfid_good_003186.bmp,,0,True,bb4f84380814a0a87a0e254f250c06cfc0f765d4cfde4b3f417c15b523afa3f3,512,512,,,,,,,,,
test,SL11,ydfid/SL11/test/good/ydfid_good_003187.bmp,,0,True,817ed3ee0b276fa40fd74a5d03a54fc122b313ddce9fbae3bb48dfeb5cd55271,512,512,,,,,,,,,
test,SL11,ydfid/SL11/test/good/ydfid_good_003188.bmp,,0,True,0807ede24b5a41efcdb4419a4785335849388dd54f7d1f5827c8cc544ce20831,512,512,,,,,,,,,
test,SL11,ydfid/SL11/test/good/ydfid_good_003189.bmp,,0,True,96449960e2b79707069874725f8f724c23075078184267dbc0973a37516243f2,512,512,,,,,,,,,
test,SL11,ydfid/SL11/test/good/ydfid_good_003190.bmp,,0,True,961d549dd039238009e3fb60829cbc3353c8030f220eac635025a40bffb3e859,512,512,,,,,,,,,
test,SL11,ydfid/SL11/test/good/ydfid_good_003191.bmp,,0,True,af41ff8d9a833fa2c7dc4d8e93c8fd9812368b6378070d0f5ec6759ad6b2e789,512,512,,,,,,,,,
test,SL11,ydfid/SL11/test/good/ydfid_good_003192.bmp,,0,True,12c5fb97d93fd134bdf92206fef5712474b1a40be3c48923ef65c708b0f7183f,512,512,,,,,,,,,
test,SL11,ydfid/SL11/test/good/ydfid_good_003193.bmp,,0,True,f882ba0ee92e3c458d1b9cff398218684d665c5a5cc4c42c59d905f32924e924,512,512,,,,,,,,,
test,SL11,ydfid/SL11/test/good/ydfid_good_003194.bmp,,0,True,b1e4a5927d32a682635555355a9a563ac4b9168977436d2f6a6573b41449bf80,512,512,,,,,,,,,
test,SL11,ydfid/SL11/test/good/ydfid_good_003195.bmp,,0,True,da52e397b0f27212f83b3832a597343e1441587f6eeee118ac3b08dddea5b705,512,512,,,,,,,,,
test,SL11,ydfid/SL11/test/good/ydfid_good_003196.bmp,,0,True,47e1cbc6765753c9695888683c8fd1bf43a77ab52b48d143766a31c1a980ccdf,512,512,,,,,,,,,
test,SL11,ydfid/SL11/test/good/ydfid_good_003197.bmp,,0,True,78c403c10e9c4ce89b1dae748142e36b0cefa0401b779703613bb4e8ac715496,512,512,,,,,,,,,
test,SL11,ydfid/SL11/test/good/ydfid_good_003198.bmp,,0,True,cd0585685557ddbb44784312f10b3824f6af4b02e36641f3b3c830b1d496e993,512,512,,,,,,,,,
test,SL11,ydfid/SL11/test/good/ydfid_good_003199.bmp,,0,True,24712cc977eb01318fae6b4f09e687df1853a8fa7531a3361a6ef1beb225eef7,512,512,,,,,,,,,
test,SL11,ydfid/SL11/test/good/ydfid_good_003200.bmp,,0,True,fc22889f3d5703b8e8d39db92cb823bf3e4094c30d0e15f4a4d130e27db84606,512,512,,,,,,,,,
test,SL11,ydfid/SL11/test/good/ydfid_good_003201.bmp,,0,True,466d28832ebbd99604a5f4b13ded1c0f1cd8664e9311f89b2c587b3f55f7a8a7,512,512,,,,,,,,,
test,SL11,ydfid/SL11/test/good/ydfid_good_003202.bmp,,0,True,e7c74b113dbfd4cbadaa62e5207910bd51fe32eba9b05ad7c1969554fa2423c6,512,512,,,,,,,,,
test,SL11,ydfid/SL11/test/good/ydfid_good_003203.bmp,,0,True,477fda89664e3c65848d069a4b4e1f67f7b40f1d5e2fcd3b79989f79bf97ff90,512,512,,,,,,,,,
test,SL11,ydfid/SL11/test/good/ydfid_good_003204.bmp,,0,True,81c207022b525aacfa51a67e35a1300c5cab057c7138961f24dc8ceaea5b4d58,512,512,,,,,,,,,
test,SL11,ydfid/SL11/test/good/ydfid_good_003205.bmp,,0,True,be6ea1f7088e9c878cc50ea3f7f283a684b88aeb79b943423c6b79204c8bf127,512,512,,,,,,,,,
test,SL11,ydfid/SL11/test/good/ydfid_good_003206.bmp,,0,True,87489892e1daa7fed7d4c4383bac203f2414774e8892c7b9326926abdc74d0f5,512,512,,,,,,,,,
test,SL11,ydfid/SL11/test/good/ydfid_good_003207.bmp,,0,True,b38e303f3f985fac6e9b492b44eaa5cec6d921d692a55b445b127e2fd3a69166,512,512,,,,,,,,,
test,SL11,ydfid/SL11/test/good/ydfid_good_003208.bmp,,0,True,a4abd593dda204cef37ed48ed26f22b32473ccf9ad6150c2368b43ce15f16b1b,512,512,,,,,,,,,
test,SL11,ydfid/SL11/test/good/ydfid_good_003209.bmp,,0,True,cb86fdd3153dff0fac447f495bcd9ad055546abd323a2daaa3f89093af70e47c,512,512,,,,,,,,,
test,SL11,ydfid/SL11/test/good/ydfid_good_003210.bmp,,0,True,329372dc2c5cd8e424bfaa9cb0c2e92bacb65971e2dfefaa9c281e410b76f026,512,512,,,,,,,,,
test,SL11,ydfid/SL11/test/good/ydfid_good_003211.bmp,,0,True,9bd7881c554d7229ed14ef16ee777b42f0d0f982ef2a9e6364e09a190cb3644e,512,512,,,,,,,,,
test,SL11,ydfid/SL11/test/good/ydfid_good_003212.bmp,,0,True,a5edb360ab67a4ce1a02266db95bf1ff2204fc6ef10373d34716ad290103cc80,512,512,,,,,,,,,
test,SL11,ydfid/SL11/test/good/ydfid_good_003213.bmp,,0,True,15a577154b72fc1e8ec1f2cd9b3123eb684a9a41509ff4574fdb2d6091ccd0c2,512,512,,,,,,,,,
test,SL11,ydfid/SL11/test/good/ydfid_good_003214.bmp,,0,True,b3c676104489f0ee795ddcd79e289db17d6bebc34992b039c88696fff87cffad,512,512,,,,,,,,,
test,SL11,ydfid/SL11/test/good/ydfid_good_003215.bmp,,0,True,6d2b6ae511bf5b319f7ae290cbbe8e6f96d5c781f369607c22abdf7cb443707c,512,512,,,,,,,,,
test,SL11,ydfid/SL11/test/good/ydfid_good_003216.bmp,,0,True,9da781701c7e8c5bc3ebbf25a8440fd78c79fa5a8d1a13eeab78a931e8552144,512,512,,,,,,,,,
test,SL11,ydfid/SL11/test/good/ydfid_good_003217.bmp,,0,True,bd7e826fcdcf083846a909f34d257b51ecac4a36a04b63ee62e300306ada236d,512,512,,,,,,,,,
test,SL11,ydfid/SL11/test/good/ydfid_good_003218.bmp,,0,True,e4bb3dda7de23e9d9a0a4627289a43c9c38e2676472928f9efef14c23f5fc80b,512,512,,,,,,,,,
test,SL11,ydfid/SL11/test/good/ydfid_good_003219.bmp,,0,True,497f82b3a84701ed25a65b979d61d5377d6ec4511fdbce4976fed7315690278c,512,512,,,,,,,,,
test,SL11,ydfid/SL11/test/good/ydfid_good_003220.bmp,,0,True,8324880008c92b43f3429c9f0e6e6c3becb6e41b0790a3b0b16706c1da6a3589,512,512,,,,,,,,,
test,SL13,ydfid/SL13/test/anomaly/ydfid_defect_003847.bmp,ydfid/SL13/ground_truth/anomaly/ydfid_defect_003847.png,1,True,429748319c4fd9a41e73021206b22911f238bdaa34169b2bb2be7b2fee3b1929,512,512,True,512,512,0|255,186,0.00070953369140625,1.17647,False,
test,SL13,ydfid/SL13/test/anomaly/ydfid_defect_003848.bmp,ydfid/SL13/ground_truth/anomaly/ydfid_defect_003848.png,1,True,24b587dbc87e913da8da407198fc4ae1ee767851c159b25ab6749e7a09ae7875,512,512,True,512,512,0|255,264,0.001007080078125,1.21053,False,
test,SL13,ydfid/SL13/test/anomaly/ydfid_defect_003849.bmp,ydfid/SL13/ground_truth/anomaly/ydfid_defect_003849.png,1,True,b1ae5f052e025cd2f2708a7c4fed7642c5fc4bca9007941f07688e547a4f6e09,512,512,True,512,512,0|255,85,0.000324249267578125,1.55556,False,
test,SL13,ydfid/SL13/test/anomaly/ydfid_defect_003850.bmp,ydfid/SL13/ground_truth/anomaly/ydfid_defect_003850.png,1,True,67625b7a01a6bca954f453ce44255bba1bdb3083684c00e72bb006543e2569da,512,512,True,512,512,0|255,295,0.001125335693359375,2.46667,False,
test,SL13,ydfid/SL13/test/anomaly/ydfid_defect_003851.bmp,ydfid/SL13/ground_truth/anomaly/ydfid_defect_003851.png,1,True,de520791c936f6bc90754d6f9ddc533a41085c432005b76f88ae5e578b138887,512,512,True,512,512,0|255,145,0.000553131103515625,2.55556,False,
test,SL13,ydfid/SL13/test/anomaly/ydfid_defect_003852.bmp,ydfid/SL13/ground_truth/anomaly/ydfid_defect_003852.png,1,True,8b205a93bdabc5d8d4838865efba6d7ff231dd27444fe21d3cb2aed32c84ccef,512,512,True,512,512,0|255,15046,0.05739593505859375,1.63636,False,
test,SL13,ydfid/SL13/test/anomaly/ydfid_defect_003853.bmp,ydfid/SL13/ground_truth/anomaly/ydfid_defect_003853.png,1,True,d051ddb23cd2520f9998a502ebaf50a3f1fb8dc0c996306c51cd3a3a3874fab2,512,512,True,512,512,0|255,153,0.000583648681640625,2.4,False,
test,SL13,ydfid/SL13/test/anomaly/ydfid_defect_003854.bmp,ydfid/SL13/ground_truth/anomaly/ydfid_defect_003854.png,1,True,5f64113a371250ecdff75f83359eaa154322d424a5e713c12dcbb553f9d87b77,512,512,True,512,512,0|255,188,0.0007171630859375,2.36364,False,
test,SL13,ydfid/SL13/test/anomaly/ydfid_defect_003855.bmp,ydfid/SL13/ground_truth/anomaly/ydfid_defect_003855.png,1,True,39e104dd9ca509270381c5919f55eeb4a52abe4734ece870be70b3b0d8e0feab,512,512,True,512,512,0|255,1171,0.004467010498046875,1.45324,False,
test,SL13,ydfid/SL13/test/anomaly/ydfid_defect_003856.bmp,ydfid/SL13/ground_truth/anomaly/ydfid_defect_003856.png,1,True,7e01656441d8f225954149a2f4fe4b36597fdf50d7e1cef9ee742159109d95c8,512,512,True,512,512,0|255,7552,0.02880859375,20.48,False,
test,SL13,ydfid/SL13/test/anomaly/ydfid_defect_003857.bmp,ydfid/SL13/ground_truth/anomaly/ydfid_defect_003857.png,1,True,3f2a14e23edf8edc010705386e1c1e7bc94548e3cf31a295eeca86e0bb7b7f65,512,512,True,512,512,0|255,834,0.00318145751953125,3.79545,False,
test,SL13,ydfid/SL13/test/anomaly/ydfid_defect_003858.bmp,ydfid/SL13/ground_truth/anomaly/ydfid_defect_003858.png,1,True,697f2b6a7b30c0ee9dbe11cbbe6c40078e545de06640d473b25954dd7ad3a4f4,512,512,True,512,512,0|255,180,0.0006866455078125,2.0,False,
test,SL13,ydfid/SL13/test/anomaly/ydfid_defect_003859.bmp,ydfid/SL13/ground_truth/anomaly/ydfid_defect_003859.png,1,True,c7e465a0ffdef66e0a5460a91eceb5f10c014fd2d430dc03cee6ece312993717,512,512,True,512,512,0|255,735,0.002803802490234375,1.4086,False,
test,SL13,ydfid/SL13/test/anomaly/ydfid_defect_003860.bmp,ydfid/SL13/ground_truth/anomaly/ydfid_defect_003860.png,1,True,ee0288a9af0a7b1946d2c066995d09e02d29a083e13767e0ede98a17e3da3b8d,512,512,True,512,512,0|255,113,0.000431060791015625,1.54545,False,
test,SL13,ydfid/SL13/test/anomaly/ydfid_defect_003861.bmp,ydfid/SL13/ground_truth/anomaly/ydfid_defect_003861.png,1,True,a7348bfd743dff2aafd5c79e68615b40c41c42e154d4e84b80f15a020aff6888,512,512,True,512,512,0|255,160,0.0006103515625,1.1875,False,
test,SL13,ydfid/SL13/test/anomaly/ydfid_defect_003862.bmp,ydfid/SL13/ground_truth/anomaly/ydfid_defect_003862.png,1,True,c38b5d47fefc47fbf3ce920a98964a7da84ab4bff660b7fa759b83bba537f012,512,512,True,512,512,0|255,189,0.000720977783203125,1.3125,False,
test,SL13,ydfid/SL13/test/anomaly/ydfid_defect_003863.bmp,ydfid/SL13/ground_truth/anomaly/ydfid_defect_003863.png,1,True,132dda22ef6782d1e149eb665bdb8bd7b0bb7e5c35b140e1e2a11c39f8cd2ac3,512,512,True,512,512,0|255,8660,0.0330352783203125,18.96296,False,
test,SL13,ydfid/SL13/test/anomaly/ydfid_defect_003864.bmp,ydfid/SL13/ground_truth/anomaly/ydfid_defect_003864.png,1,True,9f6903ac86a69fd25f6244c5197b44a3c27fe08a782ce291bec357406d79b26d,512,512,True,512,512,0|255,992,0.0037841796875,1.77922,False,
test,SL13,ydfid/SL13/test/anomaly/ydfid_defect_003865.bmp,ydfid/SL13/ground_truth/anomaly/ydfid_defect_003865.png,1,True,1a41b36b0f991a2668445985120bd9d5357fc9af41e3983027ff9d5a30ec21e4,512,512,True,512,512,0|255,1099,0.004192352294921875,1.53165,False,
test,SL13,ydfid/SL13/test/anomaly/ydfid_defect_003866.bmp,ydfid/SL13/ground_truth/anomaly/ydfid_defect_003866.png,1,True,f699d38a64df195fb42954784f6e7bd96d0faca51676b2fcf0cad8654ac8bedf,512,512,True,512,512,0|255,134,0.00051116943359375,1.30769,False,
test,SL13,ydfid/SL13/test/anomaly/ydfid_defect_003867.bmp,ydfid/SL13/ground_truth/anomaly/ydfid_defect_003867.png,1,True,8f0562356d62abc6b14738570545fd46d22c73e40506d4d208f5cd83a9129e37,512,512,True,512,512,0|255,146,0.00055694580078125,2.2,False,
test,SL13,ydfid/SL13/test/anomaly/ydfid_defect_003868.bmp,ydfid/SL13/ground_truth/anomaly/ydfid_defect_003868.png,1,True,84a91189a4d454b2de5cbe31a9e92b799f955a1d95a217cdce57df323cad5dbe,512,512,True,512,512,0|255,494,0.00188446044921875,1.52,False,
test,SL13,ydfid/SL13/test/good/ydfid_good_003538.bmp,,0,True,3c0556f8a9a4fc6227f1374f56b4584667290496232f38bdd8086883985a15b6,512,512,,,,,,,,,
test,SL13,ydfid/SL13/test/good/ydfid_good_003539.bmp,,0,True,5db09158abc5fabe30499ad4df9ce7da013b260a4047688c9975034c5fcb187b,512,512,,,,,,,,,
test,SL13,ydfid/SL13/test/good/ydfid_good_003540.bmp,,0,True,58a9e45724dcf9e661c92c1e6a2bd8f40b28ad86c9390d1a0e87b65c5bda1d6d,512,512,,,,,,,,,
test,SL13,ydfid/SL13/test/good/ydfid_good_003541.bmp,,0,True,1e7a904e9b54d358cc8cf6a3c64dd5b9f3ca56b5adde9aac048be34a7a783cc6,512,512,,,,,,,,,
test,SL13,ydfid/SL13/test/good/ydfid_good_003542.bmp,,0,True,664fda5922f6735db81b264bd3ddf128ef436c332e2d774eeee7718f4945aba6,512,512,,,,,,,,,
test,SL13,ydfid/SL13/test/good/ydfid_good_003543.bmp,,0,True,ee0fa6dd21a72566e6548b12c0c0672b3a852d84c6d4ff578569f78423eac3d4,512,512,,,,,,,,,
test,SL13,ydfid/SL13/test/good/ydfid_good_003544.bmp,,0,True,d1c1d21b2cd6f063a7ea0ac3cbcbeeb287c3633589e991cf9f41bf60728349b5,512,512,,,,,,,,,
test,SL13,ydfid/SL13/test/good/ydfid_good_003545.bmp,,0,True,d901442fb97a0c79a0e89525fe11ddd2c4b755c715505b0fb5ef038e780e2139,512,512,,,,,,,,,
test,SL13,ydfid/SL13/test/good/ydfid_good_003546.bmp,,0,True,e5f5f979a665ddb47bec2351325f2e25d092a1eef4fb4077e804b28776eb3709,512,512,,,,,,,,,
test,SL13,ydfid/SL13/test/good/ydfid_good_003547.bmp,,0,True,519a227d6ccbc9800cf4751c431a0f4ee6dcf15d4370c5ab9cd783db9d99bfc7,512,512,,,,,,,,,
test,SL13,ydfid/SL13/test/good/ydfid_good_003548.bmp,,0,True,6b8073417a637896027c35ab340e42f28ab510817a8e94ef5ffa559c7158b940,512,512,,,,,,,,,
test,SL13,ydfid/SL13/test/good/ydfid_good_003549.bmp,,0,True,db5c2984e9444202680ca844a03914d400f2591170ea93d547f9418d01efcdba,512,512,,,,,,,,,
test,SL13,ydfid/SL13/test/good/ydfid_good_003550.bmp,,0,True,92845a27963f15c40e034288d4a4ed165029e2f1d21124d20f1e29f5871d6fa2,512,512,,,,,,,,,
test,SL13,ydfid/SL13/test/good/ydfid_good_003551.bmp,,0,True,288d91db8aef45903c579a885151cca650bb1a1ff88f99d94836b62ce7109f82,512,512,,,,,,,,,
test,SL13,ydfid/SL13/test/good/ydfid_good_003552.bmp,,0,True,4447b27d8f0af6662e6328dc23dcc3942a1d67e81f195ffad256e2c7e2f792ff,512,512,,,,,,,,,
test,SL13,ydfid/SL13/test/good/ydfid_good_003553.bmp,,0,True,6c1f3ff64b921fb581e645829719f66d200935cc0cfd2868903d70a39586c8ea,512,512,,,,,,,,,
test,SL13,ydfid/SL13/test/good/ydfid_good_003554.bmp,,0,True,38287acfdc11933ba159b1c931cb7a8a1d00320b97b9e807f7b4af7053e604e3,512,512,,,,,,,,,
test,SL13,ydfid/SL13/test/good/ydfid_good_003555.bmp,,0,True,bd4ff8a94417bf37a836652832afd50acac49bab7d81083a3e4c15833fda7fe4,512,512,,,,,,,,,
test,SL13,ydfid/SL13/test/good/ydfid_good_003556.bmp,,0,True,30f3ae9830fec9de2b703464462605fb26b5ea665c78a3d963e9eea891222d01,512,512,,,,,,,,,
test,SL13,ydfid/SL13/test/good/ydfid_good_003557.bmp,,0,True,fd306fe183fe1f5fdf2be5cb922601d9f9b54f0ad1aa17a21fa9e7a5978364f1,512,512,,,,,,,,,
test,SL13,ydfid/SL13/test/good/ydfid_good_003558.bmp,,0,True,38a7e493692c90731daf11d630cf147cedd4315cd3b710524fb7ead1484f79f0,512,512,,,,,,,,,
test,SL13,ydfid/SL13/test/good/ydfid_good_003559.bmp,,0,True,faacf0ae1bb9fdedb43c8ba0bd5ea86042b4f12807a56200060b663815d45dec,512,512,,,,,,,,,
test,SL13,ydfid/SL13/test/good/ydfid_good_003560.bmp,,0,True,5603213f2d0767aa27768ff2b4f936e1e58a90e9f67cdfe4ebe21f14cc212200,512,512,,,,,,,,,
test,SL13,ydfid/SL13/test/good/ydfid_good_003561.bmp,,0,True,3915f1d361f32d56445fef665147281cfebf88487e802fec27c7608e933e44df,512,512,,,,,,,,,
test,SL13,ydfid/SL13/test/good/ydfid_good_003562.bmp,,0,True,1cbd5f65a173de478ae75afebb07aecceee7a41bf745883a155f3b5d99745aca,512,512,,,,,,,,,
test,SL13,ydfid/SL13/test/good/ydfid_good_003563.bmp,,0,True,fc3cec15147c7ac33855799ff4dbb4b80b8efa9f0e0f28bf3e3eb7f1c81b607d,512,512,,,,,,,,,
test,SL13,ydfid/SL13/test/good/ydfid_good_003564.bmp,,0,True,444c4507924418a6f5f27e91df7634d07be0975b9a1ff1f14fae2082b2c16565,512,512,,,,,,,,,
test,SL13,ydfid/SL13/test/good/ydfid_good_003565.bmp,,0,True,124ca106018746d0a72265485062c3fa2e1cf1bda0aabee31c3936a7a4f6b312,512,512,,,,,,,,,
test,SL13,ydfid/SL13/test/good/ydfid_good_003566.bmp,,0,True,3acb4fb0349dafda44dbebde09ea81fd6c97f0b373c65f7042e58685a9621aee,512,512,,,,,,,,,
test,SL13,ydfid/SL13/test/good/ydfid_good_003567.bmp,,0,True,9482571e709216edf27e81654230962b3c29d6032487ffe8c376eaa789e3be1b,512,512,,,,,,,,,
test,SL13,ydfid/SL13/test/good/ydfid_good_003568.bmp,,0,True,ea026be55dcdd231f40d0a23bd31b9d4ebafd651f9ade41cbe3488d60257f79f,512,512,,,,,,,,,
test,SL13,ydfid/SL13/test/good/ydfid_good_003569.bmp,,0,True,88786794c497dc0e111d0013b2469d33213552eb7eeb681aa84ebccb4d544687,512,512,,,,,,,,,
test,SL13,ydfid/SL13/test/good/ydfid_good_003570.bmp,,0,True,eda3440fad924e157684388f536fa3837abdbe199f4bd486e121735caf5aaf1b,512,512,,,,,,,,,
test,SL13,ydfid/SL13/test/good/ydfid_good_003571.bmp,,0,True,1f31a88c0270ff7fb1dd4c19f4544f40cf053f1bc4f559c45e04df973756061b,512,512,,,,,,,,,
test,SL13,ydfid/SL13/test/good/ydfid_good_003572.bmp,,0,True,a40f126e33a5073cf96578a3854497edb4ad090f711ec50f369a0069a868bec0,512,512,,,,,,,,,
test,SL13,ydfid/SL13/test/good/ydfid_good_003573.bmp,,0,True,257c5e79033d9463d764dec877313b54a716831cc5b0e27cf0fa9f2b8777f97a,512,512,,,,,,,,,
test,SL13,ydfid/SL13/test/good/ydfid_good_003574.bmp,,0,True,90a67761aa4fb95e7bce1935ee18db9efce786be64bbf3c7e90649721e36502f,512,512,,,,,,,,,
test,SL13,ydfid/SL13/test/good/ydfid_good_003575.bmp,,0,True,841efbad875a9bf6f241cced6e5c296be273bcce52b52a2c75e3dfa1e4e02c83,512,512,,,,,,,,,
test,SL13,ydfid/SL13/test/good/ydfid_good_003576.bmp,,0,True,8c3b2f7d2d4abda778f446efbf825f21befacfcf7580ccb9331c81d8cea3f7c5,512,512,,,,,,,,,
test,SL13,ydfid/SL13/test/good/ydfid_good_003577.bmp,,0,True,9f742ee21bbc1ce43333a02b984e8c2bdf465c40571ba03422d66feff42207b1,512,512,,,,,,,,,
test,SL13,ydfid/SL13/test/good/ydfid_good_003578.bmp,,0,True,d1ae7ba52824938c105522eb4c0e390d7d00b4390ec7726c0efd805d5fd174b2,512,512,,,,,,,,,
test,SL13,ydfid/SL13/test/good/ydfid_good_003579.bmp,,0,True,519a227d6ccbc9800cf4751c431a0f4ee6dcf15d4370c5ab9cd783db9d99bfc7,512,512,,,,,,,,,
test,SL13,ydfid/SL13/test/good/ydfid_good_003580.bmp,,0,True,5184141a7dc67788a8470397e9b144588346bd422c89cb8b88b44d2be547cbfb,512,512,,,,,,,,,
test,SL13,ydfid/SL13/test/good/ydfid_good_003581.bmp,,0,True,a6aa7ae9c9ea8c75aaee6a5710512bd865868cf40f8b45e9859d0f344c8b1476,512,512,,,,,,,,,
test,SL13,ydfid/SL13/test/good/ydfid_good_003582.bmp,,0,True,0d40b92b22ab80a4f98f50ebc29ad158264004de6812ee597fa4717a4361c74d,512,512,,,,,,,,,
test,SL13,ydfid/SL13/test/good/ydfid_good_003583.bmp,,0,True,242a7664943ef68f7c2fceb1d579723f80f39a75f9aca819ea61b8107a85ee89,512,512,,,,,,,,,
test,SL13,ydfid/SL13/test/good/ydfid_good_003584.bmp,,0,True,3f3522a945a4d330f49fe6c029212b2a10fa0a576879fab4655f45430f416dcb,512,512,,,,,,,,,
test,SL13,ydfid/SL13/test/good/ydfid_good_003585.bmp,,0,True,4c6c5872e050848cc64d433bbc6c2ec5650df83b94da79bed496c30340eb7039,512,512,,,,,,,,,
test,SL13,ydfid/SL13/test/good/ydfid_good_003586.bmp,,0,True,be2742507041d9d8774aa83e9530c899539209725df2a2cab06c6ae785cf6670,512,512,,,,,,,,,
test,SL13,ydfid/SL13/test/good/ydfid_good_003587.bmp,,0,True,291d24069be3eb7e27159d9cd9a77ea8350f94e7dfffd8cc6809f8caa39af35f,512,512,,,,,,,,,
test,SL13,ydfid/SL13/test/good/ydfid_good_003588.bmp,,0,True,df2e94c62e3a474c91ce2979d9e1509714a97d6f6891fa038490507dcde2d82a,512,512,,,,,,,,,
test,SL13,ydfid/SL13/test/good/ydfid_good_003589.bmp,,0,True,930b699139d8d9ab71485e357bb3630343ed1a6fc705dae649b6b0e40aa9241f,512,512,,,,,,,,,
test,SL13,ydfid/SL13/test/good/ydfid_good_003590.bmp,,0,True,ebd2d416b1fbd5936016941929d80e726a4e4a91ce54b360010e00ff126d020e,512,512,,,,,,,,,
test,SL13,ydfid/SL13/test/good/ydfid_good_003591.bmp,,0,True,6bb80c66a5125ada260f1ff087eb883436d5dd8edf7573f39f1059aedfae7724,512,512,,,,,,,,,
test,SL13,ydfid/SL13/test/good/ydfid_good_003592.bmp,,0,True,20ad25228a98462322bbf6bd16322d05313f39bd7c789f7947693a261ef9f836,512,512,,,,,,,,,
test,SL13,ydfid/SL13/test/good/ydfid_good_003593.bmp,,0,True,3b90b8a8deb5f5288e5492489fa9e3e7de2d7427fbe9cd6cb0607e52740a964e,512,512,,,,,,,,,
test,SL13,ydfid/SL13/test/good/ydfid_good_003594.bmp,,0,True,71e91f7e19da76568eca6ca54673d07caba88304dbd3b04629f6c3c30baaee82,512,512,,,,,,,,,
test,SL13,ydfid/SL13/test/good/ydfid_good_003595.bmp,,0,True,444c4507924418a6f5f27e91df7634d07be0975b9a1ff1f14fae2082b2c16565,512,512,,,,,,,,,
test,SL13,ydfid/SL13/test/good/ydfid_good_003596.bmp,,0,True,0fec3acbd3cbd36e7a6f328a223a5cfd489ae363bd8314ae6d82a8b182efa38f,512,512,,,,,,,,,
test,SL13,ydfid/SL13/test/good/ydfid_good_003597.bmp,,0,True,0addb8b6aa500fe0c74321e3e6289221b08b0c3e397701bca2d15c52bea01742,512,512,,,,,,,,,
test,SL13,ydfid/SL13/test/good/ydfid_good_003598.bmp,,0,True,978c666a96538c8e3834ab81982ad702fcaccc909bb48ef3d9f169ce8f532bb9,512,512,,,,,,,,,
test,SL13,ydfid/SL13/test/good/ydfid_good_003599.bmp,,0,True,f6c3bd1f92d938be5f522816a7f3862d01fc82af1a9dfee5ac138d2b6a3df454,512,512,,,,,,,,,
test,SL13,ydfid/SL13/test/good/ydfid_good_003600.bmp,,0,True,414e0b368c0310a1503f5f0f9fa038a39614ae42646f962c08581742e4e5eb7f,512,512,,,,,,,,,
test,SL13,ydfid/SL13/test/good/ydfid_good_003601.bmp,,0,True,a654f2e3b328931bbc6a428ba8f630ed0ec256c2d50ea2dfa6c6980fce836dda,512,512,,,,,,,,,
test,SL13,ydfid/SL13/test/good/ydfid_good_003602.bmp,,0,True,11a99e73534db3c8009766cdb034ca21bdbaf83d2f393c355333556ce9988fdf,512,512,,,,,,,,,
test,SL13,ydfid/SL13/test/good/ydfid_good_003603.bmp,,0,True,f93ef65136daa173dd7431353a0facc00619ecebf6cbda87a340b3a558cf22d2,512,512,,,,,,,,,
test,SL13,ydfid/SL13/test/good/ydfid_good_003604.bmp,,0,True,55e6ad92fb7410e160a70ea8475ad5b229f35e594c4e5a55024eac458386f20a,512,512,,,,,,,,,
test,SL13,ydfid/SL13/test/good/ydfid_good_003605.bmp,,0,True,9f494040d145eb823b3dc2dcf4be905f59b14ea4b25f40c15815779de1af793f,512,512,,,,,,,,,
test,SL13,ydfid/SL13/test/good/ydfid_good_003606.bmp,,0,True,3a1290294d2a060633e9da91d0ccd91015e60e33a1301e404da2ce0e713e8998,512,512,,,,,,,,,
test,SL13,ydfid/SL13/test/good/ydfid_good_003607.bmp,,0,True,bd06a41dee6449c705edb55d17d3f60af3595a522c8e975f431ce7247ea33cbb,512,512,,,,,,,,,
test,SL13,ydfid/SL13/test/good/ydfid_good_003608.bmp,,0,True,591c9ae690b50a92e6205edd191a848685b806c7fe68a7aad747f3910d733a47,512,512,,,,,,,,,
test,SL13,ydfid/SL13/test/good/ydfid_good_003609.bmp,,0,True,f61c9bf9546eb980c57652d97eae8873e5650bc479fd8f87a221e28dc83f5d9b,512,512,,,,,,,,,
test,SL13,ydfid/SL13/test/good/ydfid_good_003610.bmp,,0,True,288d91db8aef45903c579a885151cca650bb1a1ff88f99d94836b62ce7109f82,512,512,,,,,,,,,
test,SL13,ydfid/SL13/test/good/ydfid_good_003611.bmp,,0,True,883a8d47a39a650b275856943a391de060e8a30709bb5fc803ff96d2b81c76c1,512,512,,,,,,,,,
test,SL13,ydfid/SL13/test/good/ydfid_good_003612.bmp,,0,True,3b205043a274af68d627cc39c701befa959a737b7ac894be70c34746121abe19,512,512,,,,,,,,,
test,SL13,ydfid/SL13/test/good/ydfid_good_003613.bmp,,0,True,0b8a1ee1ebc1715b477365b2070a25088217d5194d31136452e0995a780e6330,512,512,,,,,,,,,
test,SL13,ydfid/SL13/test/good/ydfid_good_003614.bmp,,0,True,015614e80916001e1bbb3f7943b0af2e9e327fb798c25a25e0ade731973d691a,512,512,,,,,,,,,
test,SL13,ydfid/SL13/test/good/ydfid_good_003615.bmp,,0,True,ae74a42601523681a2bbafb0ebc5d06998648d1919e9945c2c929e397ddd2e30,512,512,,,,,,,,,
test,SL13,ydfid/SL13/test/good/ydfid_good_003616.bmp,,0,True,d2a31d1f741446c74c1ca4f3deb92e2a5ccedcf6d71d9b4ddc235b19123b26b5,512,512,,,,,,,,,
test,SL13,ydfid/SL13/test/good/ydfid_good_003617.bmp,,0,True,2d665ca176fb13718ac46089453e5cf48104c48fedbfd9b70e845f2247f9f8d0,512,512,,,,,,,,,
test,SL13,ydfid/SL13/test/good/ydfid_good_003618.bmp,,0,True,b56688da459da5fabfd9ae3f53ae5744135044142813cd5939fb14ead80a1584,512,512,,,,,,,,,
test,SL13,ydfid/SL13/test/good/ydfid_good_003619.bmp,,0,True,e3661987d8ab1e7623c33408ccc8c7fe770204c1a338aa67436ab5464cd2e667,512,512,,,,,,,,,
test,SL13,ydfid/SL13/test/good/ydfid_good_003620.bmp,,0,True,63c2337d51a16bc90dea68ed69572c28aa6b3226987a57c191c542129d151334,512,512,,,,,,,,,
test,SL13,ydfid/SL13/test/good/ydfid_good_003621.bmp,,0,True,bf80863cd35432c4d7ca0f5f6ef4d9d7de2c33c4e1088e1ad969f327b200cd1c,512,512,,,,,,,,,
test,SL13,ydfid/SL13/test/good/ydfid_good_003622.bmp,,0,True,e2a8d306c3b4350e1211ed509792df2a572c2f692fdae3b21656bcc08c757d19,512,512,,,,,,,,,
test,SL13,ydfid/SL13/test/good/ydfid_good_003623.bmp,,0,True,62e0abe4c1a4a0ae765bdfa636f3ea00bc51e6e811fef85d3bb0523ac99aa7ec,512,512,,,,,,,,,
test,SL13,ydfid/SL13/test/good/ydfid_good_003624.bmp,,0,True,db394b9bf653a52141f1e5b513b0d20847940ca26fa2e86c3d1a9a5d3d30d11c,512,512,,,,,,,,,
test,SL13,ydfid/SL13/test/good/ydfid_good_003625.bmp,,0,True,171d410a7c40af641e4879f311b147360f21d05995af2cb657e3e6250a4a7034,512,512,,,,,,,,,
test,SL13,ydfid/SL13/test/good/ydfid_good_003626.bmp,,0,True,adb7b295510a885d297327dcc7177c1c7f3e627fa873de3abfc5b312545dea57,512,512,,,,,,,,,
test,SL13,ydfid/SL13/test/good/ydfid_good_003627.bmp,,0,True,514870262942b6ae0e0f6058a91c4a718d6fe2a84edd85aa03528de9915df144,512,512,,,,,,,,,
test,SL13,ydfid/SL13/test/good/ydfid_good_003628.bmp,,0,True,517920ce0a80db97b77195c418aabf2258aaccb63f8023fe28abe1d9ccbe628d,512,512,,,,,,,,,
test,SL13,ydfid/SL13/test/good/ydfid_good_003629.bmp,,0,True,92e093f0353877e8bde0e7d5d2e14b08c242a95edc251a2245c896df005b9f44,512,512,,,,,,,,,
test,SL13,ydfid/SL13/test/good/ydfid_good_003630.bmp,,0,True,59eee4abd9f87fc75f7e0b0b0379327aa0317fcbf031b1ebcd41763727feff89,512,512,,,,,,,,,
test,SL13,ydfid/SL13/test/good/ydfid_good_003631.bmp,,0,True,a7e24ee2c6d9da6ee5d701fc210c2ac5a676d4fb083dae7a5e10af931edf291e,512,512,,,,,,,,,
test,SL13,ydfid/SL13/test/good/ydfid_good_003632.bmp,,0,True,233927421a1025a8adb3e9360f2f3fcacc34fa2374262797cddda29da0c3b6fd,512,512,,,,,,,,,
test,SL13,ydfid/SL13/test/good/ydfid_good_003633.bmp,,0,True,01bcf102e102c083a3661fefd904841110a0be52f5405b97425bf964dc07a0f2,512,512,,,,,,,,,
test,SL13,ydfid/SL13/test/good/ydfid_good_003634.bmp,,0,True,96585791088e1458bdcb76a2faab0d09f74d34f23890d6937ddde35e857ef1ea,512,512,,,,,,,,,
test,SL13,ydfid/SL13/test/good/ydfid_good_003635.bmp,,0,True,1cdf0596bb605bebb88b9efb5462f91f43801f2f701b05ea06ad205393ab48c2,512,512,,,,,,,,,
test,SL13,ydfid/SL13/test/good/ydfid_good_003636.bmp,,0,True,7fc2a9dc12a920bbf691973144b621267d58d6e352e4dd98f936ab2cbc13be92,512,512,,,,,,,,,
test,SL13,ydfid/SL13/test/good/ydfid_good_003637.bmp,,0,True,121856c2d048fabff0680d262dd2e1aaee9985bbe5cee36d119da2a00fcf2db1,512,512,,,,,,,,,
test,SL13,ydfid/SL13/test/good/ydfid_good_003638.bmp,,0,True,9c8d2144a7a9ba9b46c4f4897da55a9d89254a6c6604c78c01fe2fafae80f04a,512,512,,,,,,,,,
test,SL13,ydfid/SL13/test/good/ydfid_good_003639.bmp,,0,True,22b6b673afb5fe01a5bffb894caa965815f6c50fc665531c8cf5a010d89cc1a4,512,512,,,,,,,,,
test,SL13,ydfid/SL13/test/good/ydfid_good_003640.bmp,,0,True,82163c4dc03773eed84d77458f6b0ee6d1bceedc4a57cd7ad19572ae0ded279b,512,512,,,,,,,,,
test,SL13,ydfid/SL13/test/good/ydfid_good_003641.bmp,,0,True,20ed86587c5638c1d9b3c6a02daf708e0e2ada199866ac5f04ba9b98bfe1c7a3,512,512,,,,,,,,,
test,SL13,ydfid/SL13/test/good/ydfid_good_003642.bmp,,0,True,5121e152d64bca8a2309e2acf1570fb6b1f6b25ce4b3cd6f91036ca7c63cd71a,512,512,,,,,,,,,
test,SL13,ydfid/SL13/test/good/ydfid_good_003643.bmp,,0,True,e4c0d0e714f8fef4a194b778a836608c311d6089e4725738ab418366571e0492,512,512,,,,,,,,,
test,SL13,ydfid/SL13/test/good/ydfid_good_003644.bmp,,0,True,6ab4617489b2165099403c91160f6971357e9848eae94b6e1245af00ccaf115a,512,512,,,,,,,,,
test,SL13,ydfid/SL13/test/good/ydfid_good_003645.bmp,,0,True,1abc57ff6ba4207009f276728560fe81c7ec647106316da501dbb88132886493,512,512,,,,,,,,,
test,SL13,ydfid/SL13/test/good/ydfid_good_003646.bmp,,0,True,84b83c7e8921e87e03c15be0559252a1bb6b7432bf23677f32f7166f31fa1460,512,512,,,,,,,,,
test,SL13,ydfid/SL13/test/good/ydfid_good_003647.bmp,,0,True,ade87dfa7b3b39ba5df2aa9ce331c4bab178a7fc3820264bc375ee2eb0868a84,512,512,,,,,,,,,
test,SL13,ydfid/SL13/test/good/ydfid_good_003648.bmp,,0,True,5f4a8bcf7352c554f6654b8692939d46fa274fca6ba9261215af0026f2007776,512,512,,,,,,,,,
test,SL13,ydfid/SL13/test/good/ydfid_good_003649.bmp,,0,True,f3129cd62d8599d66828d1f2a722f6bc73904860df730f92410da3a320519f55,512,512,,,,,,,,,
test,SL13,ydfid/SL13/test/good/ydfid_good_003650.bmp,,0,True,b2b3ddae47f66346417ec0430f1e3331fe83d04bfa29598c363bf0794731b1c1,512,512,,,,,,,,,
test,SL13,ydfid/SL13/test/good/ydfid_good_003651.bmp,,0,True,49dba497cba72b79e65540e199beb0587c9cc397f76ffc5ffc70290ae0a89f62,512,512,,,,,,,,,
test,SL13,ydfid/SL13/test/good/ydfid_good_003652.bmp,,0,True,70eeff0a48acfbb2ce315aedb87c98a139847a4e9dc8153a956994d5c35613f2,512,512,,,,,,,,,
test,SL13,ydfid/SL13/test/good/ydfid_good_003653.bmp,,0,True,4fe434a069dfcb1bd08ff8c0ab7d0e121edcdb37068272d24deb72a9fc2ceb1c,512,512,,,,,,,,,
test,SL13,ydfid/SL13/test/good/ydfid_good_003654.bmp,,0,True,f886ccb2073e935dcf5cb5804dc235c9ce574f45b5782d971a5194a13e2742c0,512,512,,,,,,,,,
test,SL13,ydfid/SL13/test/good/ydfid_good_003655.bmp,,0,True,b6f446fcbd848b54f54dd602c97b7e2e3ee137b154fcc4f1ad54a0efbb1e4a37,512,512,,,,,,,,,
test,SL13,ydfid/SL13/test/good/ydfid_good_003656.bmp,,0,True,23623e139fc1522688ddfc3cff392a6468dd2b128dfa74044391f54ebadb4164,512,512,,,,,,,,,
test,SL13,ydfid/SL13/test/good/ydfid_good_003657.bmp,,0,True,4b3b24ad9380492bab6d76bbe53f691ce1a04813543ad45f1870c9b72a6b15ed,512,512,,,,,,,,,
test,SL13,ydfid/SL13/test/good/ydfid_good_003658.bmp,,0,True,204d137534c75188c282ed1e0b36d2573cafe414772ead1a6510f911a89848b4,512,512,,,,,,,,,
test,SL13,ydfid/SL13/test/good/ydfid_good_003659.bmp,,0,True,2594c91a6d3359db53dc456c223ee429bf8177e5ac716d28937325d6720b9dac,512,512,,,,,,,,,
test,SL13,ydfid/SL13/test/good/ydfid_good_003660.bmp,,0,True,949852f3806ab4325efedddd6344ae2cc8f5ecb3ea48438765d38113e6ca4544,512,512,,,,,,,,,
test,SL13,ydfid/SL13/test/good/ydfid_good_003661.bmp,,0,True,eec6f25728a89534264d498f9eb2d227c1fa067a3b23052375d6798d5913b8aa,512,512,,,,,,,,,
test,SL13,ydfid/SL13/test/good/ydfid_good_003662.bmp,,0,True,c68e5c99e8da78d9347004d616b770ffc44311a183966f60fcb12e9891e96532,512,512,,,,,,,,,
test,SL13,ydfid/SL13/test/good/ydfid_good_003663.bmp,,0,True,2941271270ccf821fb22cec3740e3fff0923086368c07f261e6a68166b7b6750,512,512,,,,,,,,,
test,SL13,ydfid/SL13/test/good/ydfid_good_003664.bmp,,0,True,29c4b72749be3406f3011f79a0692e3f81aa043a279da84a2723653a414960d4,512,512,,,,,,,,,
test,SL13,ydfid/SL13/test/good/ydfid_good_003665.bmp,,0,True,1f69ee223e374a45092edbfa916306d58e4d10262df50dec76e8c5d236271701,512,512,,,,,,,,,
test,SL13,ydfid/SL13/test/good/ydfid_good_003666.bmp,,0,True,e2ad386d24ad29704bca4174b7c57bdbd9bf713d5f61acb243d48850f221ce86,512,512,,,,,,,,,
test,SL13,ydfid/SL13/test/good/ydfid_good_003667.bmp,,0,True,7acfbbe839d4422d6fbea2f92e0fff9a194ea819029e6bab6c6811c8f39cd469,512,512,,,,,,,,,
test,SL13,ydfid/SL13/test/good/ydfid_good_003668.bmp,,0,True,8e409056dbea30ecb9fe1de36be132dbde76346ff14a4849fe9be947750bfe96,512,512,,,,,,,,,
test,SL13,ydfid/SL13/test/good/ydfid_good_003669.bmp,,0,True,60313bb8476d5ee793f9fef895bab5d83fab1e1281fef64e5256cb3eab9d275a,512,512,,,,,,,,,
test,SL13,ydfid/SL13/test/good/ydfid_good_003670.bmp,,0,True,3a1fb9357150f149efd994ea2b49582aac4b2193c4cf06cea27347e3e145baa0,512,512,,,,,,,,,
test,SL13,ydfid/SL13/test/good/ydfid_good_003671.bmp,,0,True,0eda6e8344de76d7fbf17f6d3245e079e6820a350c7aa57f655900d8f7bfdf6d,512,512,,,,,,,,,
test,SL13,ydfid/SL13/test/good/ydfid_good_003672.bmp,,0,True,a8746b3c85a83bf7729e785790d15b3376ad65e90b8b48e02a0914ef4de11b51,512,512,,,,,,,,,
test,SL13,ydfid/SL13/test/good/ydfid_good_003673.bmp,,0,True,562cb2e1bcd7b86c28481fec4f0a5eb29cb056f9738fe680f8f0a24b464cc0bf,512,512,,,,,,,,,
test,SL13,ydfid/SL13/test/good/ydfid_good_003674.bmp,,0,True,5827b631664055ca196de1dd2783336894bfb785cbd70262db23228938171863,512,512,,,,,,,,,
test,SL13,ydfid/SL13/test/good/ydfid_good_003675.bmp,,0,True,85002942fab4dc8391561af872ddfde2d62f67f2a185418e090e35c7febaf785,512,512,,,,,,,,,
test,SL13,ydfid/SL13/test/good/ydfid_good_003676.bmp,,0,True,9a0c7cdd2bf5a70f8f71b89b26ed5d17d0a609c6c918dbadb9894a07c7b736cb,512,512,,,,,,,,,
test,SL13,ydfid/SL13/test/good/ydfid_good_003677.bmp,,0,True,f38e9231aa361c39fd063cc47f66e19146b19744490e7f540e5747f567755a72,512,512,,,,,,,,,
test,SL13,ydfid/SL13/test/good/ydfid_good_003678.bmp,,0,True,d686052005763235d59a90c6b44f94d96186027c4c1e610ef622f565137e30d9,512,512,,,,,,,,,
test,SL13,ydfid/SL13/test/good/ydfid_good_003679.bmp,,0,True,b41f5cc37b608fec40fade1b69e47bdab7688809699f980403bf1e5d91f63469,512,512,,,,,,,,,
test,SL13,ydfid/SL13/test/good/ydfid_good_003680.bmp,,0,True,3d6d5175b35ced773d8101168af28bbf0ada9d72212faf69ad72c3ed0761722d,512,512,,,,,,,,,
test,SL13,ydfid/SL13/test/good/ydfid_good_003681.bmp,,0,True,3fda07ccefd42e3cd1c8b97001980efcdf0b44e751bf2d07c04875cbd1df33fd,512,512,,,,,,,,,
test,SL13,ydfid/SL13/test/good/ydfid_good_003682.bmp,,0,True,a611e1950cef519895f65e082f6405a4cd313abf6962973e0372640d233c248a,512,512,,,,,,,,,
test,SL13,ydfid/SL13/test/good/ydfid_good_003683.bmp,,0,True,6b2e57f13b9aad89dfe79f9add3783294c748c6ea6494315e534762e28d44485,512,512,,,,,,,,,
test,SL13,ydfid/SL13/test/good/ydfid_good_003684.bmp,,0,True,b3731fb8b3aeef1c6923886fcf1eded8ebc1864ea101c4059de856474cee29af,512,512,,,,,,,,,
test,SL13,ydfid/SL13/test/good/ydfid_good_003685.bmp,,0,True,de6ce27a9818fe8364e7dba14d5169a0e8b99ac7626bb80b3d7ad24a09160491,512,512,,,,,,,,,
test,SL13,ydfid/SL13/test/good/ydfid_good_003686.bmp,,0,True,da395ad2c073a60290037462047f90c1b6eecbbf1c50b212edbfb5d292f68f0d,512,512,,,,,,,,,
test,SL13,ydfid/SL13/test/good/ydfid_good_003687.bmp,,0,True,79fa8e174627a3dd9c33413706b233d2206c7da4b5bbf619506dccdc342b5e66,512,512,,,,,,,,,
test,SL13,ydfid/SL13/test/good/ydfid_good_003688.bmp,,0,True,db8716f889f048765d27fa8600e0c9ae7aebcd7a26a8b84013b0ba875032cab0,512,512,,,,,,,,,
test,SL13,ydfid/SL13/test/good/ydfid_good_003689.bmp,,0,True,d72adb4d665e38dadb0abf25a38485e8fc2185319b8055d6dd2484fafcecc087,512,512,,,,,,,,,
test,SL13,ydfid/SL13/test/good/ydfid_good_003690.bmp,,0,True,2f28f2daddf72fa4728c19189bfe356fc542200a129e3c25c361cd3d185c63ce,512,512,,,,,,,,,
test,SL13,ydfid/SL13/test/good/ydfid_good_003691.bmp,,0,True,519a227d6ccbc9800cf4751c431a0f4ee6dcf15d4370c5ab9cd783db9d99bfc7,512,512,,,,,,,,,
test,SL13,ydfid/SL13/test/good/ydfid_good_003692.bmp,,0,True,9009bd11217f1966e76df4c69f0e87de25cb53e376c53dcfe1cc91ec64ab96b9,512,512,,,,,,,,,
test,SL13,ydfid/SL13/test/good/ydfid_good_003693.bmp,,0,True,ef9ced5f47bd997fd9292f89e83611f450fd5ccda2680945830ed4e44bade2bc,512,512,,,,,,,,,
test,SL13,ydfid/SL13/test/good/ydfid_good_003694.bmp,,0,True,ddfa30a5eb69d1f29b6a7efe968a43e36975d08d63fc5afcebc49b01dea53d8a,512,512,,,,,,,,,
test,SL13,ydfid/SL13/test/good/ydfid_good_003695.bmp,,0,True,308e958aaa5a6124c1bde4aa87439cb2a5a964018a2cb94467f3af10f7944133,512,512,,,,,,,,,
test,SL13,ydfid/SL13/test/good/ydfid_good_003696.bmp,,0,True,841efbad875a9bf6f241cced6e5c296be273bcce52b52a2c75e3dfa1e4e02c83,512,512,,,,,,,,,
test,SL13,ydfid/SL13/test/good/ydfid_good_003697.bmp,,0,True,edd016914dc3e9afb0d5d5d2c3092c5f8c1c3e7d1c728e1a25d12b1b534ef5e8,512,512,,,,,,,,,
test,SL13,ydfid/SL13/test/good/ydfid_good_003698.bmp,,0,True,444c4507924418a6f5f27e91df7634d07be0975b9a1ff1f14fae2082b2c16565,512,512,,,,,,,,,
test,SL13,ydfid/SL13/test/good/ydfid_good_003699.bmp,,0,True,91c1030e30b7bc295636529128b7b53506f95bf6ec0bfb8eab0d4e8a79ed3ff2,512,512,,,,,,,,,
test,SL13,ydfid/SL13/test/good/ydfid_good_003700.bmp,,0,True,c326df526903275a501c7feadb70e0fe9153f58bde636f395ea77e6ae7c39300,512,512,,,,,,,,,
test,SL13,ydfid/SL13/test/good/ydfid_good_003701.bmp,,0,True,6977bb5ae1258f97f72f2257c7475d3ebaadd047dc853c9e51ac230a2d6cc304,512,512,,,,,,,,,
test,SL13,ydfid/SL13/test/good/ydfid_good_003702.bmp,,0,True,c42db747c8feb962cd066150e9c016d9c648d50e8fda58b3491101d00ac7973f,512,512,,,,,,,,,
test,SL13,ydfid/SL13/test/good/ydfid_good_003703.bmp,,0,True,b5b142cadfc25d08994289f38051093e0ca5eee1e5e0c592a367109df5b30b37,512,512,,,,,,,,,
test,SL13,ydfid/SL13/test/good/ydfid_good_003704.bmp,,0,True,10f4967bc8668bca2dcfd63c7eec380ef00fad4ec2614b8da037c3ceeb549836,512,512,,,,,,,,,
test,SL13,ydfid/SL13/test/good/ydfid_good_003705.bmp,,0,True,6648c6586379c5ed19cdc925f98d6b991fdfc5c97ce4b44b20243cd6ad38dbd0,512,512,,,,,,,,,
test,SL13,ydfid/SL13/test/good/ydfid_good_003706.bmp,,0,True,1f69ee223e374a45092edbfa916306d58e4d10262df50dec76e8c5d236271701,512,512,,,,,,,,,
test,SL13,ydfid/SL13/test/good/ydfid_good_003707.bmp,,0,True,2dc60240037475a55f28944dc711c013028d31302b5a59e9b52886bada40bf52,512,512,,,,,,,,,
test,SL13,ydfid/SL13/test/good/ydfid_good_003708.bmp,,0,True,a36446ca9638925689efc3bbdd1432087cb7774e264624da2cd2c4310096ed41,512,512,,,,,,,,,
test,SL13,ydfid/SL13/test/good/ydfid_good_003709.bmp,,0,True,d23f8046c02e16b9bc93f1adaf1ddb0ccf082c8d6014cd2e45eed1b9d54038c1,512,512,,,,,,,,,
test,SL13,ydfid/SL13/test/good/ydfid_good_003710.bmp,,0,True,519a227d6ccbc9800cf4751c431a0f4ee6dcf15d4370c5ab9cd783db9d99bfc7,512,512,,,,,,,,,
test,SL13,ydfid/SL13/test/good/ydfid_good_003711.bmp,,0,True,eec6f25728a89534264d498f9eb2d227c1fa067a3b23052375d6798d5913b8aa,512,512,,,,,,,,,
test,SL13,ydfid/SL13/test/good/ydfid_good_003712.bmp,,0,True,841efbad875a9bf6f241cced6e5c296be273bcce52b52a2c75e3dfa1e4e02c83,512,512,,,,,,,,,
test,SL13,ydfid/SL13/test/good/ydfid_good_003713.bmp,,0,True,fe04e06786ef87fe0837e1109f0834a1ced570fc5d3e04e2d2f5d74998c5f97b,512,512,,,,,,,,,
test,SL13,ydfid/SL13/test/good/ydfid_good_003714.bmp,,0,True,377c9498857c7b66c412d119ff69389dab4e8deb6544628a370f25592dd940b4,512,512,,,,,,,,,
test,SL13,ydfid/SL13/test/good/ydfid_good_003715.bmp,,0,True,76024d623ce6fb3cf84c34eb85d2ba5b58a92b3a2bbac18c995d0db0cb67e87a,512,512,,,,,,,,,
test,SL13,ydfid/SL13/test/good/ydfid_good_003716.bmp,,0,True,d215a5f7f1e31cd2005d654a4f89e83959ea81723ac76ce792d5ff1d0f7e9a11,512,512,,,,,,,,,
test,SL13,ydfid/SL13/test/good/ydfid_good_003717.bmp,,0,True,e5c5622bf68497c7abdc72c218c1035bcdaa5aede96ad220729042b2dce3bc40,512,512,,,,,,,,,
test,SL13,ydfid/SL13/test/good/ydfid_good_003718.bmp,,0,True,91bfac866aff398ece7a127ca33e781226efcb79982036bc1cc8e9b880e3cd2b,512,512,,,,,,,,,
test,SL13,ydfid/SL13/test/good/ydfid_good_003719.bmp,,0,True,a53e090ed1442cf751665eb625b070a204d4cffed8855a8f5e9d4267683c784b,512,512,,,,,,,,,
test,SL13,ydfid/SL13/test/good/ydfid_good_003720.bmp,,0,True,01409bd403c621da187303b8e2db69827af0d94bdea8eb83b22d1b6ff27b0154,512,512,,,,,,,,,
test,SL13,ydfid/SL13/test/good/ydfid_good_003721.bmp,,0,True,29c4b72749be3406f3011f79a0692e3f81aa043a279da84a2723653a414960d4,512,512,,,,,,,,,
test,SL13,ydfid/SL13/test/good/ydfid_good_003722.bmp,,0,True,0b46e34ab18d87a1c8c021005b0a597bf58d3ebfb3323edcee3a51701fe87171,512,512,,,,,,,,,
test,SL13,ydfid/SL13/test/good/ydfid_good_003723.bmp,,0,True,f93ae40e2be078e4db85f7edb91e499e52d2610ccfa2ca3ae6950841f7ce2267,512,512,,,,,,,,,
test,SL13,ydfid/SL13/test/good/ydfid_good_003724.bmp,,0,True,273674e3a681ce197974930f69bb538e32d3e076e04e0eca25ca90ec2ab03787,512,512,,,,,,,,,
test,SL13,ydfid/SL13/test/good/ydfid_good_003725.bmp,,0,True,f76fdd06efb6da89235b445bca350634e58b13174301ca0da6cc9ea7e8b61b27,512,512,,,,,,,,,
test,SL13,ydfid/SL13/test/good/ydfid_good_003726.bmp,,0,True,6cf2f01759a47f9aebb5c095479c80fa7367133439d8519cc95dd18a3c01bd54,512,512,,,,,,,,,
test,SL13,ydfid/SL13/test/good/ydfid_good_003727.bmp,,0,True,eec6f25728a89534264d498f9eb2d227c1fa067a3b23052375d6798d5913b8aa,512,512,,,,,,,,,
test,SL13,ydfid/SL13/test/good/ydfid_good_003728.bmp,,0,True,737a92b497cfe59e69618ce011ebe9c207f701acfa065c77f79419ac90c17c1d,512,512,,,,,,,,,
test,SL13,ydfid/SL13/test/good/ydfid_good_003729.bmp,,0,True,1f69ee223e374a45092edbfa916306d58e4d10262df50dec76e8c5d236271701,512,512,,,,,,,,,
test,SL13,ydfid/SL13/test/good/ydfid_good_003730.bmp,,0,True,9ff394d49d166735112df7488b16ac09a991694b5503f12fcbd8e9e98c847b51,512,512,,,,,,,,,
test,SL13,ydfid/SL13/test/good/ydfid_good_003731.bmp,,0,True,2314ff931b77db49c7c76144e583c35054819d674efb582c0d56325aba551ecc,512,512,,,,,,,,,
test,SL13,ydfid/SL13/test/good/ydfid_good_003732.bmp,,0,True,05c90251d846d2c0814d362d33a54a81168112fb85d0a082b84dcbd7370ab88e,512,512,,,,,,,,,
test,SL13,ydfid/SL13/test/good/ydfid_good_003733.bmp,,0,True,9908172eca26cb373a9c6d34638070b94c037bb014b095bde0b2b324ffd9767d,512,512,,,,,,,,,
test,SL13,ydfid/SL13/test/good/ydfid_good_003734.bmp,,0,True,e483f596def970e38b28547ee2038c483578c6c07f53948fd348402b7cfc8687,512,512,,,,,,,,,
test,SL13,ydfid/SL13/test/good/ydfid_good_003735.bmp,,0,True,042399b87c59dcf4058fa2859644371751e688596dbd51d10f4734414ace00d2,512,512,,,,,,,,,
test,SL13,ydfid/SL13/test/good/ydfid_good_003736.bmp,,0,True,8f6bf427e410a5b0fb69fe477e597e27a7730bfd9f348ac83b52705e68f787f2,512,512,,,,,,,,,
test,SL13,ydfid/SL13/test/good/ydfid_good_003737.bmp,,0,True,7b4fe075ee97cafd029595502fb297cb9a8fb42d0723ff935cb29159decb8d9b,512,512,,,,,,,,,
test,SL13,ydfid/SL13/test/good/ydfid_good_003738.bmp,,0,True,66f3ee8231adcc7a2b9b0a2e2ea438906a28bf6fac566e6bb593a9a03d1188d9,512,512,,,,,,,,,
test,SL13,ydfid/SL13/test/good/ydfid_good_003739.bmp,,0,True,50b28bf646de8f3d4ab131874663850867b810f3c2ed206acd091da811145b51,512,512,,,,,,,,,
test,SL13,ydfid/SL13/test/good/ydfid_good_003740.bmp,,0,True,0ea81cff36093f6cf298aa18eff2747f1f68d3ea35e521fbd487f74ce8281c0f,512,512,,,,,,,,,
test,SL13,ydfid/SL13/test/good/ydfid_good_003741.bmp,,0,True,e22c8a788f1f8ff6262153945b4c9118dd508a7e7d159e5fd63c5d5248f1ddbd,512,512,,,,,,,,,
test,SL13,ydfid/SL13/test/good/ydfid_good_003742.bmp,,0,True,76a99b760ab2af04b20d48ac0f9d33b5a0dbb4cfb578798f322e25b8b780d43f,512,512,,,,,,,,,
test,SL13,ydfid/SL13/test/good/ydfid_good_003743.bmp,,0,True,15e972d74a322458c4b33287b8cffe0e227dfa5a76f0c64e7d354fe5e84345ed,512,512,,,,,,,,,
test,SL13,ydfid/SL13/test/good/ydfid_good_003744.bmp,,0,True,1d0229beb3a80676d847def69ca135f1c36a66c324241024a6aa70d08c43197b,512,512,,,,,,,,,
test,SL13,ydfid/SL13/test/good/ydfid_good_003745.bmp,,0,True,bb46788d90431b3c175e15f114938e8c63df0b71b5f2d0cb6559df79046b128d,512,512,,,,,,,,,
test,SL13,ydfid/SL13/test/good/ydfid_good_003746.bmp,,0,True,591f3dae1534d4d3c40931f732fd6dc42423a1db1a2a1c2b1c059931cc31f310,512,512,,,,,,,,,
test,SL13,ydfid/SL13/test/good/ydfid_good_003747.bmp,,0,True,e11c776a46311d1675206ce2f2012d87103b7fda7765414f070924dd5ceecb09,512,512,,,,,,,,,
test,SL13,ydfid/SL13/test/good/ydfid_good_003748.bmp,,0,True,a3c98cd55a8ba3bafee87142a87e9c46c2039ecc60d2d1f226a7d70362db8bb2,512,512,,,,,,,,,
test,SL13,ydfid/SL13/test/good/ydfid_good_003749.bmp,,0,True,79296c10142b9ec52d058731d754b6a7922632bdce2c8876c377828a3f5634a6,512,512,,,,,,,,,
test,SL13,ydfid/SL13/test/good/ydfid_good_003750.bmp,,0,True,bd5ee226da1232db5fd74e4a019286d60b9ccb1a96cc3256db236555235d8103,512,512,,,,,,,,,
test,SL13,ydfid/SL13/test/good/ydfid_good_003751.bmp,,0,True,a42f09f8e3e6223f1bb7e1be6f7867f5f63160971a6111d81301e7c5a89aa1ae,512,512,,,,,,,,,
test,SL13,ydfid/SL13/test/good/ydfid_good_003752.bmp,,0,True,004f017bbd9a780bc9dba975083515566adb5bb987c4932fac5742f895bb4f3e,512,512,,,,,,,,,
test,SL13,ydfid/SL13/test/good/ydfid_good_003753.bmp,,0,True,7db1b233d8e5f34bfe681ebd1010a53b0f82f8361315a1e3774e685f19d3a064,512,512,,,,,,,,,
test,SL13,ydfid/SL13/test/good/ydfid_good_003754.bmp,,0,True,6ee674215eb09f5aa880ddf1657a675f7bda5883f596ba5ed90d27daafcf6e0a,512,512,,,,,,,,,
test,SL13,ydfid/SL13/test/good/ydfid_good_003755.bmp,,0,True,30f3ae9830fec9de2b703464462605fb26b5ea665c78a3d963e9eea891222d01,512,512,,,,,,,,,
test,SL13,ydfid/SL13/test/good/ydfid_good_003756.bmp,,0,True,563bbe39ba234830116ee2b2a4d10b93ccceb205b5baae5bec99a4f1a77163c5,512,512,,,,,,,,,
test,SL13,ydfid/SL13/test/good/ydfid_good_003757.bmp,,0,True,f9d2d005354c6d91e76e7d2c42f95ff1e0da4dc54889c10bebb8b07da65afa12,512,512,,,,,,,,,
test,SL13,ydfid/SL13/test/good/ydfid_good_003758.bmp,,0,True,873d3021d8e570dc5bdb008cab8296e718f449159da0f2edf9f5ba8e17dc793a,512,512,,,,,,,,,
test,SL13,ydfid/SL13/test/good/ydfid_good_003759.bmp,,0,True,28a20acbed053435da15ac95b3ff4308253d4630a00678f06901f6523a1513b7,512,512,,,,,,,,,
test,SL13,ydfid/SL13/test/good/ydfid_good_003760.bmp,,0,True,ae1eef1b34740066f70f3552c8445260812809a3a4dafd85bf1b4d0d4495e598,512,512,,,,,,,,,
test,SL13,ydfid/SL13/test/good/ydfid_good_003761.bmp,,0,True,eec6f25728a89534264d498f9eb2d227c1fa067a3b23052375d6798d5913b8aa,512,512,,,,,,,,,
test,SL13,ydfid/SL13/test/good/ydfid_good_003762.bmp,,0,True,30f3ae9830fec9de2b703464462605fb26b5ea665c78a3d963e9eea891222d01,512,512,,,,,,,,,
test,SL13,ydfid/SL13/test/good/ydfid_good_003763.bmp,,0,True,4fe418326116d1d5504e490a2b736d693b402ddafd0b118ac773b235763cb6d1,512,512,,,,,,,,,
test,SL13,ydfid/SL13/test/good/ydfid_good_003764.bmp,,0,True,519a227d6ccbc9800cf4751c431a0f4ee6dcf15d4370c5ab9cd783db9d99bfc7,512,512,,,,,,,,,
test,SL13,ydfid/SL13/test/good/ydfid_good_003765.bmp,,0,True,838ed331c1e7e2fba9e956a4329b038e17be96e20df2defc0fb3a87d5c441d0c,512,512,,,,,,,,,
test,SL13,ydfid/SL13/test/good/ydfid_good_003766.bmp,,0,True,31b807e99950a34e09d01acada5b67ac51662c7a4950adb35afe481f734c9914,512,512,,,,,,,,,
test,SL13,ydfid/SL13/test/good/ydfid_good_003767.bmp,,0,True,1ebb5e67b18579e5d06aad9bd3beb06c8ec62ea42bd401ccaa6e8d04a69c3075,512,512,,,,,,,,,
test,SL13,ydfid/SL13/test/good/ydfid_good_003768.bmp,,0,True,9c8dff7891d30c0c4a04cd90b06b1b87c303115d7c50518f59f6b6e93561ca8a,512,512,,,,,,,,,
test,SL13,ydfid/SL13/test/good/ydfid_good_003769.bmp,,0,True,f813ff3978fd4678e63592a4b6e4bd9ff05ac697f0e5270fd53c708ace7a6d88,512,512,,,,,,,,,
test,SL13,ydfid/SL13/test/good/ydfid_good_003770.bmp,,0,True,f2a3ffe27eef37aa2e726f15cd1207305318317a3ef52e16a2c26679bd5d10de,512,512,,,,,,,,,
test,SL13,ydfid/SL13/test/good/ydfid_good_003771.bmp,,0,True,d71903fd91e6bc5bc4b2becbef5ec30bb99058738dd7199abe5960f9a80f00cf,512,512,,,,,,,,,
test,SL13,ydfid/SL13/test/good/ydfid_good_003772.bmp,,0,True,b265b3d18e5f1187a4b4f25888f91352ece75084a80e3ffaa786582dceed2377,512,512,,,,,,,,,
test,SL13,ydfid/SL13/test/good/ydfid_good_003773.bmp,,0,True,35755e687ac03899331f8d76d37b3df3b52b024caccd4b040c05e4c04e677cbc,512,512,,,,,,,,,
test,SL13,ydfid/SL13/test/good/ydfid_good_003774.bmp,,0,True,97f054e4b26860af56d4b9cf88da80c25e07dd426d423e713fb0ed9d15da171b,512,512,,,,,,,,,
test,SL13,ydfid/SL13/test/good/ydfid_good_003775.bmp,,0,True,ef335060ca3d7809a88d1b8b74d59ac62d9d5a731d39112679cdb584c3e39ae6,512,512,,,,,,,,,
test,SL13,ydfid/SL13/test/good/ydfid_good_003776.bmp,,0,True,15831ee5b7df103da4e1ace9a65b852f3f0f64bbe94c5250c1fc56fee7c7a4fb,512,512,,,,,,,,,
test,SL13,ydfid/SL13/test/good/ydfid_good_003777.bmp,,0,True,9f732eb2a4f5a8918ec4736c1f0ffb72d015671c872f4f7b19ed5e873becf4ad,512,512,,,,,,,,,
test,SL13,ydfid/SL13/test/good/ydfid_good_003778.bmp,,0,True,12e1dac054f26d6092b0c48a281f2d1e81316f5111e81db56dab4765b3a6c940,512,512,,,,,,,,,
test,SL13,ydfid/SL13/test/good/ydfid_good_003779.bmp,,0,True,4416c489518483306c5d93da6281e15864ef0d01d48d77cbf6a747af13d7b76c,512,512,,,,,,,,,
test,SL13,ydfid/SL13/test/good/ydfid_good_003780.bmp,,0,True,722c20d7409896ac92eb33383bbf391b637a92bd76a70677e57ddf7fe6262b24,512,512,,,,,,,,,
test,SL13,ydfid/SL13/test/good/ydfid_good_003781.bmp,,0,True,dd3ad8f948cb2b6f597ce3e47238bcac30610f57d23c56c2fe70127d9cea1453,512,512,,,,,,,,,
test,SL13,ydfid/SL13/test/good/ydfid_good_003782.bmp,,0,True,29c4b72749be3406f3011f79a0692e3f81aa043a279da84a2723653a414960d4,512,512,,,,,,,,,
test,SL13,ydfid/SL13/test/good/ydfid_good_003783.bmp,,0,True,4f40eaa682e088566ab9496aa16d68f499084578018064a97985f5d6a6aea247,512,512,,,,,,,,,
test,SL13,ydfid/SL13/test/good/ydfid_good_003784.bmp,,0,True,c47dd8da088042100add886220b541ef3dcf28f4ef31e4e81ac2bc2ccb30f008,512,512,,,,,,,,,
test,SL13,ydfid/SL13/test/good/ydfid_good_003785.bmp,,0,True,146bb9a01341bcdbecde886c4f500a2f35c36cbd358241477fce3bf90bd852b2,512,512,,,,,,,,,
test,SL13,ydfid/SL13/test/good/ydfid_good_003786.bmp,,0,True,f9d66d9010cdbbebe271711ea198062eaf8a2f49e9fec930b70244c2abc0e437,512,512,,,,,,,,,
test,SL13,ydfid/SL13/test/good/ydfid_good_003787.bmp,,0,True,1cfa1678d1bbcb53e696b7d696b0d93d8d45f872df6420e5db08952803f6e68e,512,512,,,,,,,,,
test,SL13,ydfid/SL13/test/good/ydfid_good_003788.bmp,,0,True,ffa8043d00d775f6d920c6de0f386ce305561f637a66adea624039eb74b882fa,512,512,,,,,,,,,
test,SL13,ydfid/SL13/test/good/ydfid_good_003789.bmp,,0,True,e1ea09dc6570de44061e201861aefd6961657796633f532370f4e6eca998913b,512,512,,,,,,,,,
test,SL13,ydfid/SL13/test/good/ydfid_good_003790.bmp,,0,True,934dd97a6c4127a55a673e0ecfcca6a8758a2ddde7f1dfa3df057b8355a82eb8,512,512,,,,,,,,,
test,SL13,ydfid/SL13/test/good/ydfid_good_003791.bmp,,0,True,f84817c296d9e4115724e1520cc7d733c59472a10236f9bf2f60ad8e8bd68d5e,512,512,,,,,,,,,
test,SL13,ydfid/SL13/test/good/ydfid_good_003792.bmp,,0,True,e7360c258d8f4fcbfabcb2b6339ad8fc80816f01bb5a7bc79356069e31072c73,512,512,,,,,,,,,
test,SL13,ydfid/SL13/test/good/ydfid_good_003793.bmp,,0,True,d52365e1dbd56df6815fc744255d724581d1d3ba1c9e30a9a5c23c2db54112a5,512,512,,,,,,,,,
test,SL13,ydfid/SL13/test/good/ydfid_good_003794.bmp,,0,True,88df8d1b6275e27a6d2023ff3076bc0216a4ac38f98fcaec02d91fef7106dc48,512,512,,,,,,,,,
test,SL13,ydfid/SL13/test/good/ydfid_good_003795.bmp,,0,True,8615ef7a56a119813aef24795d97f64decc91159bd488172fd17bfe50d6c4aae,512,512,,,,,,,,,
test,SL13,ydfid/SL13/test/good/ydfid_good_003796.bmp,,0,True,db6404026d1c9efe0e10c848d442ee83b0f5fa8e676f23a405c48b5dd9195d73,512,512,,,,,,,,,
test,SL13,ydfid/SL13/test/good/ydfid_good_003797.bmp,,0,True,9f589e3e7e2d368b809b3f1079566cda79edbb1c566855e07c90111220cb5cbd,512,512,,,,,,,,,
test,SL13,ydfid/SL13/test/good/ydfid_good_003798.bmp,,0,True,fde74e712d23796622e7a650b2cc2a7426389c5fd2a6299cdc3c01fcaed5d3b9,512,512,,,,,,,,,
test,SL13,ydfid/SL13/test/good/ydfid_good_003799.bmp,,0,True,97cba18fb0c0553c3e26685e8209ad6648eb437db8a0134b4f2031268900b588,512,512,,,,,,,,,
test,SL13,ydfid/SL13/test/good/ydfid_good_003800.bmp,,0,True,c00d9ee83835a9a5b8da19394e4f0d987bffe0d79df2e6dc5340b9b1579880e5,512,512,,,,,,,,,
test,SL13,ydfid/SL13/test/good/ydfid_good_003801.bmp,,0,True,741806193bb92b010b6a5cc29f41862a63bea03e188cc8950f28d2b56f916335,512,512,,,,,,,,,
test,SL13,ydfid/SL13/test/good/ydfid_good_003802.bmp,,0,True,3da5cb695324fd4ef2166c78518415db01de2e54b9bae3daaf48ba757be9891b,512,512,,,,,,,,,
test,SL13,ydfid/SL13/test/good/ydfid_good_003803.bmp,,0,True,841efbad875a9bf6f241cced6e5c296be273bcce52b52a2c75e3dfa1e4e02c83,512,512,,,,,,,,,
test,SL13,ydfid/SL13/test/good/ydfid_good_003804.bmp,,0,True,a4255895a13ec18620b9d867a190feabaabd34435b9ec0e2fac3295759b23392,512,512,,,,,,,,,
test,SL13,ydfid/SL13/test/good/ydfid_good_003805.bmp,,0,True,29c4b72749be3406f3011f79a0692e3f81aa043a279da84a2723653a414960d4,512,512,,,,,,,,,
test,SL13,ydfid/SL13/test/good/ydfid_good_003806.bmp,,0,True,e0d54dbd4c86d62e5fb2e26ec4140aa2cb76f69f93464f9dfea481db570d416b,512,512,,,,,,,,,
test,SL13,ydfid/SL13/test/good/ydfid_good_003807.bmp,,0,True,288d91db8aef45903c579a885151cca650bb1a1ff88f99d94836b62ce7109f82,512,512,,,,,,,,,
test,SL13,ydfid/SL13/test/good/ydfid_good_003808.bmp,,0,True,1b82efcedd786b605237571bd2aeaa91ccbb588bd31ec0ac707c84ca046f1580,512,512,,,,,,,,,
test,SL13,ydfid/SL13/test/good/ydfid_good_003809.bmp,,0,True,f06507a8242c94599bc31f98eb226833b9744bd3c09ef8665e3ef1045dfac716,512,512,,,,,,,,,
test,SL13,ydfid/SL13/test/good/ydfid_good_003810.bmp,,0,True,6d7b0a5425ae39f6ff4b8f990240c6bbf799c0b738ba42f2f3e5aa596c38f490,512,512,,,,,,,,,
test,SL13,ydfid/SL13/test/good/ydfid_good_003811.bmp,,0,True,b569fe542f9e86c3e78ea8b0bb26898642633f1a4fe274febc9471e9af6e3a31,512,512,,,,,,,,,
test,SL13,ydfid/SL13/test/good/ydfid_good_003812.bmp,,0,True,f70c1ff6582bb807e2e6f5aa10105979a1a2f7dfd210de4d0a35bf7fae01f1fc,512,512,,,,,,,,,
test,SL13,ydfid/SL13/test/good/ydfid_good_003813.bmp,,0,True,30f3ae9830fec9de2b703464462605fb26b5ea665c78a3d963e9eea891222d01,512,512,,,,,,,,,
test,SL13,ydfid/SL13/test/good/ydfid_good_003814.bmp,,0,True,e7d60231e63c1a7aad730106c7c7cb00857d4dcf71162a5f847acbbd7e6ca07a,512,512,,,,,,,,,
test,SL13,ydfid/SL13/test/good/ydfid_good_003815.bmp,,0,True,a5bde19794cf97035465da219338ba4f0c160716ecbaeef27f86287a676de748,512,512,,,,,,,,,
test,SL13,ydfid/SL13/test/good/ydfid_good_003816.bmp,,0,True,908a7c5d7bd52d1ef3d87b4b76adee135a0b7189611d60ddb72b916771c11f2a,512,512,,,,,,,,,
test,SL13,ydfid/SL13/test/good/ydfid_good_003817.bmp,,0,True,444c4507924418a6f5f27e91df7634d07be0975b9a1ff1f14fae2082b2c16565,512,512,,,,,,,,,
test,SL13,ydfid/SL13/test/good/ydfid_good_003818.bmp,,0,True,2d133bb088b96ad2cd7e08db481c2e8bf56ff7fff75ca6a25f54850257f1e7c9,512,512,,,,,,,,,
test,SL13,ydfid/SL13/test/good/ydfid_good_003819.bmp,,0,True,444c4507924418a6f5f27e91df7634d07be0975b9a1ff1f14fae2082b2c16565,512,512,,,,,,,,,
test,SL13,ydfid/SL13/test/good/ydfid_good_003820.bmp,,0,True,36ce11af3b0468c5a9d97fbd4474751e7b6d0a99ab17386d6b3a7e6a31db105b,512,512,,,,,,,,,
test,SL13,ydfid/SL13/test/good/ydfid_good_003821.bmp,,0,True,26e38ac6fa800dc8ba5297b1c5b5c45499ff5fafbe764ee39e26efc16ad3859f,512,512,,,,,,,,,
test,SL13,ydfid/SL13/test/good/ydfid_good_003822.bmp,,0,True,aaa3d369a2c781dbc4f0fa9a34665d4d02607a754cd2463822ba48b00abc2891,512,512,,,,,,,,,
test,SL13,ydfid/SL13/test/good/ydfid_good_003823.bmp,,0,True,bd7cc73375cb087eb416e35f85599b85878b5f3d4f244de3da9d3ca2ea28cd0b,512,512,,,,,,,,,
test,SL13,ydfid/SL13/test/good/ydfid_good_003824.bmp,,0,True,c2f58e31fc529d431f073a0c86a4053c470a5d09e844a451341a4d972c694f69,512,512,,,,,,,,,
test,SL13,ydfid/SL13/test/good/ydfid_good_003825.bmp,,0,True,61f3639a5976f9048f52a260df0f698d25295d7da0e5d3a4aef5b0904d1b03c2,512,512,,,,,,,,,
test,SL13,ydfid/SL13/test/good/ydfid_good_003826.bmp,,0,True,664cbeebc66a9f2b1248c178a9b1c62a1a8348342fc7ddc6881eff580d3bca9a,512,512,,,,,,,,,
test,SL13,ydfid/SL13/test/good/ydfid_good_003827.bmp,,0,True,bdae8499b2fd5cf0243eb121858671ba8ff0e0defd874f0c1469ab6c47e5d845,512,512,,,,,,,,,
test,SL13,ydfid/SL13/test/good/ydfid_good_003828.bmp,,0,True,26e82c21a4b2ba8833f9551b0329143e758e8cc00d6cddec842df765a98cabbc,512,512,,,,,,,,,
test,SL13,ydfid/SL13/test/good/ydfid_good_003829.bmp,,0,True,1f69ee223e374a45092edbfa916306d58e4d10262df50dec76e8c5d236271701,512,512,,,,,,,,,
test,SL13,ydfid/SL13/test/good/ydfid_good_003830.bmp,,0,True,288d91db8aef45903c579a885151cca650bb1a1ff88f99d94836b62ce7109f82,512,512,,,,,,,,,
test,SL13,ydfid/SL13/test/good/ydfid_good_003831.bmp,,0,True,c7bc73e43ac904ed7fa5f7266c779b394f57a32f177c22ef8f967121928d70fa,512,512,,,,,,,,,
test,SL13,ydfid/SL13/test/good/ydfid_good_003832.bmp,,0,True,b5fa4372b328970e6851763757f1efed1b4a24113550b6064ac33f0b2d4bf47b,512,512,,,,,,,,,
test,SL13,ydfid/SL13/test/good/ydfid_good_003833.bmp,,0,True,de5affbfb1004bd5950b3c8939376cb483ae08797dce8004a8d1b9a87147e759,512,512,,,,,,,,,
test,SL13,ydfid/SL13/test/good/ydfid_good_003834.bmp,,0,True,523add7e032dc223925126bbaf8741e431257a371c6d2918949f6578bbef8ec3,512,512,,,,,,,,,
test,SL13,ydfid/SL13/test/good/ydfid_good_003835.bmp,,0,True,64022888369212f4310e2d5fa96f78e0aad209f88b4f3080be87a3125cc5efe8,512,512,,,,,,,,,
test,SL13,ydfid/SL13/test/good/ydfid_good_003836.bmp,,0,True,35e31829d5098950662d74882f2e0dcae46e967f64004adeb99d2fb5414d469a,512,512,,,,,,,,,
test,SL13,ydfid/SL13/test/good/ydfid_good_003837.bmp,,0,True,8b199ed1ad3016bf22885ad3f1f400e6eb6fa6cd17e5c63f83044c511d44a211,512,512,,,,,,,,,
test,SL13,ydfid/SL13/test/good/ydfid_good_003838.bmp,,0,True,b697d4eb2078b6e43a307806125b0178a780362df502bacbe4b28c37f853df5c,512,512,,,,,,,,,
test,SL13,ydfid/SL13/test/good/ydfid_good_003839.bmp,,0,True,629315be0487e4ac08dbe4c20f4ad7761ff54aa997e66c040b142a21cd0c75ca,512,512,,,,,,,,,
test,SL13,ydfid/SL13/test/good/ydfid_good_003840.bmp,,0,True,6ee90490fe62f0a6f17a5f20c6cefa2698dbd4ebdb35e701b1d3e8145b223555,512,512,,,,,,,,,
test,SL13,ydfid/SL13/test/good/ydfid_good_003841.bmp,,0,True,64aa8259f5d9ae2e518869a540ad099ebfd70d93e5ce6e46f5e0ebda9f2df14c,512,512,,,,,,,,,
test,SL13,ydfid/SL13/test/good/ydfid_good_003842.bmp,,0,True,481c946da9e7a4c451373ba45a191f86134bab09b9553e54427a00c264769b9d,512,512,,,,,,,,,
test,SL13,ydfid/SL13/test/good/ydfid_good_003843.bmp,,0,True,47c9b9246977f6e9d06040e77f93433f152c9b1847defb18976a4964761be50b,512,512,,,,,,,,,
test,SL13,ydfid/SL13/test/good/ydfid_good_003844.bmp,,0,True,2309e78c5c65520e6f60c3689d1dc2d2afc62ab8da9bbaf49c0e759a84c03faf,512,512,,,,,,,,,
test,SL13,ydfid/SL13/test/good/ydfid_good_003845.bmp,,0,True,a6041763392c12911326c45bec11fe8656450ce159709bdb213fdf80e8bf93fe,512,512,,,,,,,,,
test,SL13,ydfid/SL13/test/good/ydfid_good_003846.bmp,,0,True,62e3b421580eb4d26ac3a3ee1f996eaa5c7c98f8abfa0a13dc3556d5edc68086,512,512,,,,,,,,,
test,SL16,ydfid/SL16/test/anomaly/ydfid_defect_004159.bmp,ydfid/SL16/ground_truth/anomaly/ydfid_defect_004159.png,1,True,27114cd2f59c2bc2c12aabfec24b9aa3220d5ebce27034c86cfd2689ab1d007f,512,512,True,512,512,0|255,641,0.002445220947265625,6.46154,False,
test,SL16,ydfid/SL16/test/anomaly/ydfid_defect_004160.bmp,ydfid/SL16/ground_truth/anomaly/ydfid_defect_004160.png,1,True,7e4e30d11e1961bffd63cbc83817ec5dd32a4548bdd34ce19eb38346011236d3,512,512,True,512,512,0|255,459,0.001750946044921875,2.14286,False,
test,SL16,ydfid/SL16/test/anomaly/ydfid_defect_004161.bmp,ydfid/SL16/ground_truth/anomaly/ydfid_defect_004161.png,1,True,a4a86568dfc96660dbdc37845b8906206418095618aff341f4e87065fcadbae3,512,512,True,512,512,0|255,1426,0.00543975830078125,10.21053,False,
test,SL16,ydfid/SL16/test/anomaly/ydfid_defect_004162.bmp,ydfid/SL16/ground_truth/anomaly/ydfid_defect_004162.png,1,True,cc179dba86ddfc38623d7e0cce20588cc73ed77bd3bb7de51d74e721f1a9699b,512,512,True,512,512,0|255,656,0.00250244140625,2.21053,False,
test,SL16,ydfid/SL16/test/anomaly/ydfid_defect_004163.bmp,ydfid/SL16/ground_truth/anomaly/ydfid_defect_004163.png,1,True,b2e7fe8cb6643c35674b7e8abcf731d9a481e3291d8515bd513f99b358d04d4f,512,512,True,512,512,0|255,1007,0.003841400146484375,7.72222,False,
test,SL16,ydfid/SL16/test/anomaly/ydfid_defect_004164.bmp,ydfid/SL16/ground_truth/anomaly/ydfid_defect_004164.png,1,True,9df059bb7f06a5a46bdd53b6bd3ebfad988569d460630bf78fdd99d31d1bc9ee,512,512,True,512,512,0|255,123,0.000469207763671875,1.0,False,
test,SL16,ydfid/SL16/test/anomaly/ydfid_defect_004165.bmp,ydfid/SL16/ground_truth/anomaly/ydfid_defect_004165.png,1,True,223eb493be771757f1efdf8c4df1c082ee17a1788e6426c1d0e3eef809959b12,512,512,True,512,512,0|255,1557,0.005939483642578125,13.76471,False,
test,SL16,ydfid/SL16/test/anomaly/ydfid_defect_004166.bmp,ydfid/SL16/ground_truth/anomaly/ydfid_defect_004166.png,1,True,d31b333f8b83d529782380730e7a97ffdd813c25bed6eef674f0ebc91b23e3cc,512,512,True,512,512,0|255,873,0.003330230712890625,9.33333,False,
test,SL16,ydfid/SL16/test/anomaly/ydfid_defect_004167.bmp,ydfid/SL16/ground_truth/anomaly/ydfid_defect_004167.png,1,True,8a87b4b7339cd018094ca022027c9bf261378384da1111772cfa549140f8b342,512,512,True,512,512,0|255,1828,0.0069732666015625,12.85,False,
test,SL16,ydfid/SL16/test/anomaly/ydfid_defect_004168.bmp,ydfid/SL16/ground_truth/anomaly/ydfid_defect_004168.png,1,True,fc4edeb544c8d66ec1b923dd060d7486d0471e33efbad58e759af65db4a4bdc6,512,512,True,512,512,0|255,1263,0.004817962646484375,14.33333,False,
test,SL16,ydfid/SL16/test/anomaly/ydfid_defect_004169.bmp,ydfid/SL16/ground_truth/anomaly/ydfid_defect_004169.png,1,True,963584cf08b84ab632a755bf1318b4681702470ed2e4ad450391f7687d6591b9,512,512,True,512,512,0|255,1674,0.00638580322265625,12.57895,False,
test,SL16,ydfid/SL16/test/anomaly/ydfid_defect_004170.bmp,ydfid/SL16/ground_truth/anomaly/ydfid_defect_004170.png,1,True,2a4b6b696bd19864d2645d645ef5f3e3095d6158631264a2d4f2cb3fd30f7479,512,512,True,512,512,0|255,3021,0.011524200439453125,26.0,False,
test,SL16,ydfid/SL16/test/anomaly/ydfid_defect_004171.bmp,ydfid/SL16/ground_truth/anomaly/ydfid_defect_004171.png,1,True,d9b45ec8b24c2b156ddae605d60fbf15ddd032820dd50d857db73abed6b67093,512,512,True,512,512,0|255,2923,0.011150360107421875,23.2,False,
test,SL16,ydfid/SL16/test/anomaly/ydfid_defect_004172.bmp,ydfid/SL16/ground_truth/anomaly/ydfid_defect_004172.png,1,True,919b902773fc76b3c31ea6f4c3385a69189c6f8ffab0ad95fd8c314a04eba9a3,512,512,True,512,512,0|255,891,0.003398895263671875,1.09756,False,
test,SL16,ydfid/SL16/test/anomaly/ydfid_defect_004173.bmp,ydfid/SL16/ground_truth/anomaly/ydfid_defect_004173.png,1,True,7b99f756f707b1dce7c6ed1699825a643c34b28d294ec1529a55b177350c8a09,512,512,True,512,512,0|255,971,0.003704071044921875,3.79167,False,
test,SL16,ydfid/SL16/test/good/ydfid_good_004014.bmp,,0,True,3d50b97394ce69b49645e198b22d2214b2be1d8eeeb1eb81eb63485b6aed8d61,512,512,,,,,,,,,
test,SL16,ydfid/SL16/test/good/ydfid_good_004015.bmp,,0,True,71f89089f1407f6b0f6ef555144a7334102510cf26753ac3ce92922fa95b9d09,512,512,,,,,,,,,
test,SL16,ydfid/SL16/test/good/ydfid_good_004016.bmp,,0,True,12aae08e3a540aa35badf52b1e8ae464fc20aef05646f47e33313bd5a01e82aa,512,512,,,,,,,,,
test,SL16,ydfid/SL16/test/good/ydfid_good_004017.bmp,,0,True,a927880f3a2440902fb3e07f0772b36e293e3c5fe3bf428793919ee0f793867f,512,512,,,,,,,,,
test,SL16,ydfid/SL16/test/good/ydfid_good_004018.bmp,,0,True,e5e02716b323d4d8cf5899938bd052d1715e61400c5e354c7850a4f990e22124,512,512,,,,,,,,,
test,SL16,ydfid/SL16/test/good/ydfid_good_004019.bmp,,0,True,696a36488ae7a0c3a8901f3ff6024afc2ce1aee94f081342d7bd947234f1deb2,512,512,,,,,,,,,
test,SL16,ydfid/SL16/test/good/ydfid_good_004020.bmp,,0,True,f3ebca4d96c53a923b371edd238612d5601c145fb369b734600c93a74cadff04,512,512,,,,,,,,,
test,SL16,ydfid/SL16/test/good/ydfid_good_004021.bmp,,0,True,e4bee0ca737e8bff4915375dc123c9c87591fb93153b545e3db44c2fea932f34,512,512,,,,,,,,,
test,SL16,ydfid/SL16/test/good/ydfid_good_004022.bmp,,0,True,851aea12176a577a2381d88192a77fac9a7a8cc4804c68a54ea738381396e95e,512,512,,,,,,,,,
test,SL16,ydfid/SL16/test/good/ydfid_good_004023.bmp,,0,True,b86d4574b03aa97e95224811249952d83f590cfea2f42c9caa52b2b06cfc23f1,512,512,,,,,,,,,
test,SL16,ydfid/SL16/test/good/ydfid_good_004024.bmp,,0,True,c379ead95b4b14faaf696662cf07ffae0da94197062a84b183b503471c0b4584,512,512,,,,,,,,,
test,SL16,ydfid/SL16/test/good/ydfid_good_004025.bmp,,0,True,7ad5f20cc1ce881373f68970c1e688f33e74173b04d005cadaea0a68c17bd350,512,512,,,,,,,,,
test,SL16,ydfid/SL16/test/good/ydfid_good_004026.bmp,,0,True,fd0c86687eba16a3b75a6c4ebe1d92c9bfd1513a33ce3f26d143c7b58a9c14d4,512,512,,,,,,,,,
test,SL16,ydfid/SL16/test/good/ydfid_good_004027.bmp,,0,True,4fa6ddefbb9399994a6d6bb5f12b20f7ab689388d6b1bc77688661f4fc2efd17,512,512,,,,,,,,,
test,SL16,ydfid/SL16/test/good/ydfid_good_004028.bmp,,0,True,5578df797108ac65f90b95e3d6da38d9b7fc251085003deca6210583d196804d,512,512,,,,,,,,,
test,SL16,ydfid/SL16/test/good/ydfid_good_004029.bmp,,0,True,dd35c4d4d2c992571faf324afe00a4183aab2a905832e052810a5c322bd6abe9,512,512,,,,,,,,,
test,SL16,ydfid/SL16/test/good/ydfid_good_004030.bmp,,0,True,cbaed0c290f0d79249d60547680e27a518d7cb127b4e4326caad8e52d6f29252,512,512,,,,,,,,,
test,SL16,ydfid/SL16/test/good/ydfid_good_004031.bmp,,0,True,0205c84bb077a2825acacb2b31e76e2e8925ac8108f4db1797c2e96b92493205,512,512,,,,,,,,,
test,SL16,ydfid/SL16/test/good/ydfid_good_004032.bmp,,0,True,000ac24ee32304dc827f9bdd26f9b69266980754e6f1f6f3060828874ba86406,512,512,,,,,,,,,
test,SL16,ydfid/SL16/test/good/ydfid_good_004033.bmp,,0,True,3e68893ba2180d71af4461e7eb5bc7243da170b63100a8df2ceeb9af4864a6e1,512,512,,,,,,,,,
test,SL16,ydfid/SL16/test/good/ydfid_good_004034.bmp,,0,True,0df574721adafa88c19f9e5685552326010446faeb1537f1ecdef4dcb60b9ae1,512,512,,,,,,,,,
test,SL16,ydfid/SL16/test/good/ydfid_good_004035.bmp,,0,True,8407ca4364e5bb899f8ebe7f1bcfc3085038be90f7f4581abb5789a6e4798e82,512,512,,,,,,,,,
test,SL16,ydfid/SL16/test/good/ydfid_good_004036.bmp,,0,True,dac0a37102f0bce7b7bab6c0f9c428ca8d0ce4d49ccc7fb0b1cf451af0c29fc9,512,512,,,,,,,,,
test,SL16,ydfid/SL16/test/good/ydfid_good_004037.bmp,,0,True,c9dc7e7f6f9ca9c910ebd51c59a2f361d32b8f0f8372f63d21284db31287503c,512,512,,,,,,,,,
test,SL16,ydfid/SL16/test/good/ydfid_good_004038.bmp,,0,True,f44ae87ec144ae916ac25159752e62d475d4fd6b0a96d28780c43a55c153a25c,512,512,,,,,,,,,
test,SL16,ydfid/SL16/test/good/ydfid_good_004039.bmp,,0,True,99c91744e532f8aea2f947732d907ca063d8cbed143cc9818b82d3191641580b,512,512,,,,,,,,,
test,SL16,ydfid/SL16/test/good/ydfid_good_004040.bmp,,0,True,d62d12b3c3360940575b56c0d99f6819d5a37530c346891d34ac468dc70a0a3f,512,512,,,,,,,,,
test,SL16,ydfid/SL16/test/good/ydfid_good_004041.bmp,,0,True,55683d921decdf4b116934406bb7e9e488fda82208711345a59a7b88ee68a423,512,512,,,,,,,,,
test,SL16,ydfid/SL16/test/good/ydfid_good_004042.bmp,,0,True,64853bf2fdb039ca67b721c9da87aaa6b64120972c45bd623f4ef2c130abc761,512,512,,,,,,,,,
test,SL16,ydfid/SL16/test/good/ydfid_good_004043.bmp,,0,True,710040fdc9a0c0029ccc7ca644c2861ca9379e3861194c71d0ee4e0b4b684ad3,512,512,,,,,,,,,
test,SL16,ydfid/SL16/test/good/ydfid_good_004044.bmp,,0,True,998c81afc80106edde07d9b485e7f85b579b6c21dedf6018d207c4f1417681d3,512,512,,,,,,,,,
test,SL16,ydfid/SL16/test/good/ydfid_good_004045.bmp,,0,True,0e9bfa5e96dab52b417d8c28fed469fe222e366c5b9be5e0d6fab9232ac1770f,512,512,,,,,,,,,
test,SL16,ydfid/SL16/test/good/ydfid_good_004046.bmp,,0,True,482ff6efd30633b359aa542088ac92970cbd3eae5f2e012adf3fcaff3d695bde,512,512,,,,,,,,,
test,SL16,ydfid/SL16/test/good/ydfid_good_004047.bmp,,0,True,e863c3ff918adf83c4c890dbd0abdcfed326fcfd2bb1d3c09218995bb113f361,512,512,,,,,,,,,
test,SL16,ydfid/SL16/test/good/ydfid_good_004048.bmp,,0,True,5906e075b6825a37b6035a6f40c7013f4585e64cdf6acfcfa2c69bd6e322cfac,512,512,,,,,,,,,
test,SL16,ydfid/SL16/test/good/ydfid_good_004049.bmp,,0,True,7995ab079a71762a5817df0ab8bca1583a736bef18989e8895c7b08a8c7bb849,512,512,,,,,,,,,
test,SL16,ydfid/SL16/test/good/ydfid_good_004050.bmp,,0,True,4ad9e5e68ba735742a57b0f4000f40a2b85ee2754753ab0368c67c93113ab66a,512,512,,,,,,,,,
test,SL16,ydfid/SL16/test/good/ydfid_good_004051.bmp,,0,True,df5e7902102019e8247d488c886a54268f48bd1253d7962c7c786d33fba5fb8d,512,512,,,,,,,,,
test,SL16,ydfid/SL16/test/good/ydfid_good_004052.bmp,,0,True,281a4858721055c6a05992c80bb00edec94d34dc56b4aa0a73b0436fff5b7527,512,512,,,,,,,,,
test,SL16,ydfid/SL16/test/good/ydfid_good_004053.bmp,,0,True,94f60b88445989303db7546e6edf04b83d10fcd2fb19ececbcdba8956010d530,512,512,,,,,,,,,
test,SL16,ydfid/SL16/test/good/ydfid_good_004054.bmp,,0,True,b6d7c0842383cdb2ab1133fec0e1b54caeb419430d730a0843db22ec6a9a264e,512,512,,,,,,,,,
test,SL16,ydfid/SL16/test/good/ydfid_good_004055.bmp,,0,True,4b4dd76db37eeee36dcd313e8b92ff8c580516d052bc1f59e423390770252412,512,512,,,,,,,,,
test,SL16,ydfid/SL16/test/good/ydfid_good_004056.bmp,,0,True,38ae5accae4059ced835e2f44565a533cc44a2094ea2d6eb99c88b1ba757af1d,512,512,,,,,,,,,
test,SL16,ydfid/SL16/test/good/ydfid_good_004057.bmp,,0,True,b758efb52514555ec3160c9476cd6d6af72b40c22f232b7a73e87ad2a82b1946,512,512,,,,,,,,,
test,SL16,ydfid/SL16/test/good/ydfid_good_004058.bmp,,0,True,ad630732bbbbdda6014fc9ac3bd93e18e4ec0f31cd00ed1f027166d1c6e7f695,512,512,,,,,,,,,
test,SL16,ydfid/SL16/test/good/ydfid_good_004059.bmp,,0,True,8b6485bcf7c467a671b574db8e3eb0a7addb84326b1d74920b66e2d3fac27197,512,512,,,,,,,,,
test,SL16,ydfid/SL16/test/good/ydfid_good_004060.bmp,,0,True,d20ec5596aa657276e9c6a674c32a3b12593f98bc75a9f4cbe3a4a693d011b2b,512,512,,,,,,,,,
test,SL16,ydfid/SL16/test/good/ydfid_good_004061.bmp,,0,True,ad8465c7162c8fe041e8a508c101c3ed28473db89e47639469bf85a0fea9dd7c,512,512,,,,,,,,,
test,SL16,ydfid/SL16/test/good/ydfid_good_004062.bmp,,0,True,7b49f5c5fd9624a227bb9f4a4f8f7c1d1cf5ea5221dfd0789b4b36eb4774fef1,512,512,,,,,,,,,
test,SL16,ydfid/SL16/test/good/ydfid_good_004063.bmp,,0,True,6dc5eecb73753c47e84dbdc94504a54c773f180f53f1efdd5c5f969e2311f5fc,512,512,,,,,,,,,
test,SL16,ydfid/SL16/test/good/ydfid_good_004064.bmp,,0,True,f338b90bce88224723acdf0462907f2d55ed833674f2f3fa72e810aa15f82d61,512,512,,,,,,,,,
test,SL16,ydfid/SL16/test/good/ydfid_good_004065.bmp,,0,True,6e5199e303ce071bec8e52196eb5d40e94e9a8b093c975562893395aa088987c,512,512,,,,,,,,,
test,SL16,ydfid/SL16/test/good/ydfid_good_004066.bmp,,0,True,e3dd032c62c11222b67a6b26f5ceb621550792bc306b4da5f57501bf936ab105,512,512,,,,,,,,,
test,SL16,ydfid/SL16/test/good/ydfid_good_004067.bmp,,0,True,d656bfe3e086beaf230027298d1b0f8d63790702fd2d7f9fb59a84a5892c7c96,512,512,,,,,,,,,
test,SL16,ydfid/SL16/test/good/ydfid_good_004068.bmp,,0,True,7a735628a716f2afacfe25160e611705989014b5f782015cabb5dc0399e5f40e,512,512,,,,,,,,,
test,SL16,ydfid/SL16/test/good/ydfid_good_004069.bmp,,0,True,e933fd6d2f70cdf12fac3d4591e036acd39589eed519111fda1831737dbf3d94,512,512,,,,,,,,,
test,SL16,ydfid/SL16/test/good/ydfid_good_004070.bmp,,0,True,1b02fdd83fc93881b78e360fc2c73d08a7be3133114a02352f2e80290dd134e5,512,512,,,,,,,,,
test,SL16,ydfid/SL16/test/good/ydfid_good_004071.bmp,,0,True,2dcaf6695346daf47146e449dea8734fcb899139b58286211eae7cb1a6c16f02,512,512,,,,,,,,,
test,SL16,ydfid/SL16/test/good/ydfid_good_004072.bmp,,0,True,679582b1a1c97ad5e8ec3440efdbcf3a4b42cdfe15f3d3f0aaf144ee365196e4,512,512,,,,,,,,,
test,SL16,ydfid/SL16/test/good/ydfid_good_004073.bmp,,0,True,1061e0cccc254e6cf6489d799d2b95ce34704b84f4f14a571578d755e6e1e99a,512,512,,,,,,,,,
test,SL16,ydfid/SL16/test/good/ydfid_good_004074.bmp,,0,True,75cf4303a3179602ef97d5d07eed8e950d207c8a3b7fbd15ec72d898a1b1bcef,512,512,,,,,,,,,
test,SL16,ydfid/SL16/test/good/ydfid_good_004075.bmp,,0,True,187cc6416310e5d61cfb3e56e3a795b0e3ef4afd3979f41eb13ee6998c76fd70,512,512,,,,,,,,,
test,SL16,ydfid/SL16/test/good/ydfid_good_004076.bmp,,0,True,f90f8ef697ac12b007c825173251c6738e76f43225257e93222c8ac7315b9bb4,512,512,,,,,,,,,
test,SL16,ydfid/SL16/test/good/ydfid_good_004077.bmp,,0,True,2262b216bda40090aa50dfd3a835a3796d46c67e8cbb22e62011cac17c3b997d,512,512,,,,,,,,,
test,SL16,ydfid/SL16/test/good/ydfid_good_004078.bmp,,0,True,05ef277a9a6ca1dbb3ef8e662549a56280763dba4489c6fdf2bf83e6fb664627,512,512,,,,,,,,,
test,SL16,ydfid/SL16/test/good/ydfid_good_004079.bmp,,0,True,4ec4eb9b8195a5819d4f20b44dd0ae77b56ec5df66fa3970433e84e18b7eb891,512,512,,,,,,,,,
test,SL16,ydfid/SL16/test/good/ydfid_good_004080.bmp,,0,True,ac20d0848f89344bb6ae60586c315593ca4672275eaf4a74dddcc18980854180,512,512,,,,,,,,,
test,SL16,ydfid/SL16/test/good/ydfid_good_004081.bmp,,0,True,199d3d608f40fa2865791bf586c415e6f3fede82f6301a769afbd04c902d68e6,512,512,,,,,,,,,
test,SL16,ydfid/SL16/test/good/ydfid_good_004082.bmp,,0,True,e81777cb62bc28788c2cb41a42956b54b4779cf7b9639e1a31da3d389d41939d,512,512,,,,,,,,,
test,SL16,ydfid/SL16/test/good/ydfid_good_004083.bmp,,0,True,e52493f53c2f057d722dbed2d43ccbef412d86a44e8f0b8f4f54dd4120e452b7,512,512,,,,,,,,,
test,SL16,ydfid/SL16/test/good/ydfid_good_004084.bmp,,0,True,410e1b3545170ac03a0a59657d0d9e69da418bb76a1010185a32f3e088f45b7e,512,512,,,,,,,,,
test,SL16,ydfid/SL16/test/good/ydfid_good_004085.bmp,,0,True,d3351117e40a84cac344462214c1728ee5791e281b04506acb938a3f091f532c,512,512,,,,,,,,,
test,SL16,ydfid/SL16/test/good/ydfid_good_004086.bmp,,0,True,ce1c257dfc6941546bc6ee7d6ffa7b5584a823034b086b4eb8760073da6ae33e,512,512,,,,,,,,,
test,SL16,ydfid/SL16/test/good/ydfid_good_004087.bmp,,0,True,7e9401aa66fe83d9cccca519e1061f409320b13d3f3beac9c052fe5aca645bf8,512,512,,,,,,,,,
test,SL16,ydfid/SL16/test/good/ydfid_good_004088.bmp,,0,True,58100fa019c125dcbe03bd73566b65430867696d0912155ce92ebf31cb526310,512,512,,,,,,,,,
test,SL16,ydfid/SL16/test/good/ydfid_good_004089.bmp,,0,True,61855cf712bdaee2717cb98cdc88b5ece96c79a6b28a2082ee33f8dd4e0134d6,512,512,,,,,,,,,
test,SL16,ydfid/SL16/test/good/ydfid_good_004090.bmp,,0,True,c3730bceb1a23872ced9d79285bb62a2810a7e7bec54aae08ef9b8030bad13f7,512,512,,,,,,,,,
test,SL16,ydfid/SL16/test/good/ydfid_good_004091.bmp,,0,True,ceb3f49241c89b6d054f435960abe657eec05fcdca07901f0523a7acd4625665,512,512,,,,,,,,,
test,SL16,ydfid/SL16/test/good/ydfid_good_004092.bmp,,0,True,1c6bd7f1b80039f04a954aa938be7ac235f4fa051feb5c88e28dd3e688edc8d4,512,512,,,,,,,,,
test,SL16,ydfid/SL16/test/good/ydfid_good_004093.bmp,,0,True,e3745b7321752844884b4309c1c222a49aeb82b6b97ec8f59cd36c465db71e7a,512,512,,,,,,,,,
test,SL16,ydfid/SL16/test/good/ydfid_good_004094.bmp,,0,True,75d200f0e699b4628f8de5db585c2f63bfffe783023bf0be8a990becfe7619eb,512,512,,,,,,,,,
test,SL16,ydfid/SL16/test/good/ydfid_good_004095.bmp,,0,True,44353d9470f1e57df5e68c8929d87fd03ce873f223359c4ceec2167b1768f2ea,512,512,,,,,,,,,
test,SL16,ydfid/SL16/test/good/ydfid_good_004096.bmp,,0,True,194d2bb282b7850f2f66b9a96811b146095399f58f4595692a3f51bf4e8223fe,512,512,,,,,,,,,
test,SL16,ydfid/SL16/test/good/ydfid_good_004097.bmp,,0,True,38637c80b45710ab947e36c3e09f826b9727b11668312861b2b74dede5a90f0a,512,512,,,,,,,,,
test,SL16,ydfid/SL16/test/good/ydfid_good_004098.bmp,,0,True,163a8e5748c39076478cb9b72dca9ccbea5944d040ac63046a151913377617b5,512,512,,,,,,,,,
test,SL16,ydfid/SL16/test/good/ydfid_good_004099.bmp,,0,True,0b3436d9ddf969f7103efafe74dd18993e5a75ab9621912573200d2bf1735806,512,512,,,,,,,,,
test,SL16,ydfid/SL16/test/good/ydfid_good_004100.bmp,,0,True,3c91e2dace539bfe8429fa24fd91ae6f33da948e35821828b4ab25a11e938909,512,512,,,,,,,,,
test,SL16,ydfid/SL16/test/good/ydfid_good_004101.bmp,,0,True,532089ec4101564343ffeb7ba446aa674598aecce2db17e506b6ee65a99bca6b,512,512,,,,,,,,,
test,SL16,ydfid/SL16/test/good/ydfid_good_004102.bmp,,0,True,91d9a025ee2d88c6ac3acc11b84fd10978a5a94f5f8335275f021d0077460cf4,512,512,,,,,,,,,
test,SL16,ydfid/SL16/test/good/ydfid_good_004103.bmp,,0,True,9b059281077088e5c439dd27fc5dbe341b009310ca6ced3c11fc61857e7036cd,512,512,,,,,,,,,
test,SL16,ydfid/SL16/test/good/ydfid_good_004104.bmp,,0,True,9982071b1060b32663fc1bf008a3b25f9a1651cca958c5604c4c1e90f2a4709e,512,512,,,,,,,,,
test,SL16,ydfid/SL16/test/good/ydfid_good_004105.bmp,,0,True,d022819dffe23bfbe96f09a8f69fd8e81bab181ea242164f4424412dfa0a5c5b,512,512,,,,,,,,,
test,SL16,ydfid/SL16/test/good/ydfid_good_004106.bmp,,0,True,ee42990dd372c3fe9a66561004c332365fd20c19b147b737b8ab82e1f55daf59,512,512,,,,,,,,,
test,SL16,ydfid/SL16/test/good/ydfid_good_004107.bmp,,0,True,2723f60ad3bbb54301f40e6a1bd199cede4128cc77e379962ebb887763c215f8,512,512,,,,,,,,,
test,SL16,ydfid/SL16/test/good/ydfid_good_004108.bmp,,0,True,070a098065b3fc465ccdcdf2547520587cbf3c345078d7b4f35e49ba6911ba63,512,512,,,,,,,,,
test,SL16,ydfid/SL16/test/good/ydfid_good_004109.bmp,,0,True,696ca24ecba100fc81e76c7df346930f3195dd3cb326ead278544f957c8d7543,512,512,,,,,,,,,
test,SL16,ydfid/SL16/test/good/ydfid_good_004110.bmp,,0,True,09c1a043047c6ed74b4bdd55a64897fbb7b33860d701d7c3c2e517c14310fc32,512,512,,,,,,,,,
test,SL16,ydfid/SL16/test/good/ydfid_good_004111.bmp,,0,True,b3b62ed27405a35a6723beaea93c79c61377e6b7747012236baf815eba62f21b,512,512,,,,,,,,,
test,SL16,ydfid/SL16/test/good/ydfid_good_004112.bmp,,0,True,f0af4eed682506434bb1067d91957768a6a2f522d62ee079a6ec7006ad5198c6,512,512,,,,,,,,,
test,SL16,ydfid/SL16/test/good/ydfid_good_004113.bmp,,0,True,9b3cad0c3098d2b015b6f00ce6bebd492d245bb1c56c3630565d23ff65d8de07,512,512,,,,,,,,,
test,SL16,ydfid/SL16/test/good/ydfid_good_004114.bmp,,0,True,2734c614b01e3edab8a4d7d41164b9874a5768a130d98a2e62f91217e86171be,512,512,,,,,,,,,
test,SL16,ydfid/SL16/test/good/ydfid_good_004115.bmp,,0,True,4688ca59e8471754673f818411585ae5a8eb4ef8d751e3c4e042681233a6ab2e,512,512,,,,,,,,,
test,SL16,ydfid/SL16/test/good/ydfid_good_004116.bmp,,0,True,48211f48a97e4940039441ff2ebbc68a86c79f9b6546b0cba2c8c79dfffe0ada,512,512,,,,,,,,,
test,SL16,ydfid/SL16/test/good/ydfid_good_004117.bmp,,0,True,2df5b9a4e3ac8c903e978505ab138ccc4485dd228ea90756d531f9635a649c60,512,512,,,,,,,,,
test,SL16,ydfid/SL16/test/good/ydfid_good_004118.bmp,,0,True,593ffa9b3704597cce34a5ae4dc7de7b67b5a56f6b46c029bef21af72e334dc0,512,512,,,,,,,,,
test,SL16,ydfid/SL16/test/good/ydfid_good_004119.bmp,,0,True,69ffe538bb82a4bc6dd38eb0b4b77cd08ab35377969622cc120e2a88921c0cc0,512,512,,,,,,,,,
test,SL16,ydfid/SL16/test/good/ydfid_good_004120.bmp,,0,True,a59adbb6c1eb18ce3b4f938817458b8ea7d104e63e996047747968d94fe9129a,512,512,,,,,,,,,
test,SL16,ydfid/SL16/test/good/ydfid_good_004121.bmp,,0,True,ebf23347a4fafc02ff69478cb463fd75bb31639fa639a512638d607f5bbdf255,512,512,,,,,,,,,
test,SL16,ydfid/SL16/test/good/ydfid_good_004122.bmp,,0,True,5de2dbc151ebc02deea9614cdb29fde08a3563f4fae5b088c4a6ac77fd2ec56b,512,512,,,,,,,,,
test,SL16,ydfid/SL16/test/good/ydfid_good_004123.bmp,,0,True,6527adabdee4895155a4363a43335d1e8e7968e6385a24de6e6a3054b58ca7ab,512,512,,,,,,,,,
test,SL16,ydfid/SL16/test/good/ydfid_good_004124.bmp,,0,True,d16038662716cdedd1b98ac35eb2fbea66e383e66c10378cdcf2575b0746bd67,512,512,,,,,,,,,
test,SL16,ydfid/SL16/test/good/ydfid_good_004125.bmp,,0,True,5cae49b4b092e86be1eb7280bb90d7e48f4f74bbf61482b39ff2e54d5723b0a1,512,512,,,,,,,,,
test,SL16,ydfid/SL16/test/good/ydfid_good_004126.bmp,,0,True,1636fc9f561cf93656fb0f50ce477441871433ad7687c838c5c4a145fb5d7a86,512,512,,,,,,,,,
test,SL16,ydfid/SL16/test/good/ydfid_good_004127.bmp,,0,True,00ad15aa6a8f9f2637df27238a41d32084be0e1fceb70a383c5aab78f28afbac,512,512,,,,,,,,,
test,SL16,ydfid/SL16/test/good/ydfid_good_004128.bmp,,0,True,d3d50396617d64cae15ec96dce6661325e0f987382d047807adb4edd3cd94b25,512,512,,,,,,,,,
test,SL16,ydfid/SL16/test/good/ydfid_good_004129.bmp,,0,True,bab806854929a4f7f442ea8a32890e42bc91ec6437afeb1e69c72e7e0ae0216b,512,512,,,,,,,,,
test,SL16,ydfid/SL16/test/good/ydfid_good_004130.bmp,,0,True,8226947157b0b8444f95c1ac049af3b2872d42fdc01c454b28e8fa2fef4f8568,512,512,,,,,,,,,
test,SL16,ydfid/SL16/test/good/ydfid_good_004131.bmp,,0,True,98e2ea7029e105b459023212a862bddc53b6a3deb8a0e0aec5bc46caee191cdd,512,512,,,,,,,,,
test,SL16,ydfid/SL16/test/good/ydfid_good_004132.bmp,,0,True,874a23e08792eddb0834fee6d66e7f47dfeedd3985be569d54eef3473bc6dd8b,512,512,,,,,,,,,
test,SL16,ydfid/SL16/test/good/ydfid_good_004133.bmp,,0,True,dc28e9f48f1f6f45968d557f6d925a427e8792ebed7adf3cccecdaba24151f0f,512,512,,,,,,,,,
test,SL16,ydfid/SL16/test/good/ydfid_good_004134.bmp,,0,True,9f74b99563f9762a0e07e46a4a913a9ad24de49b629fa542ea866ecf28491a0a,512,512,,,,,,,,,
test,SL16,ydfid/SL16/test/good/ydfid_good_004135.bmp,,0,True,f96f3fe10008c5565b1fb7267971095a0134af50ee1db04a2263aef0bba4bdb9,512,512,,,,,,,,,
test,SL16,ydfid/SL16/test/good/ydfid_good_004136.bmp,,0,True,4433223563df5c8f45b651341a0176dbe088614b27747bb9bd47789d1c256a7e,512,512,,,,,,,,,
test,SL16,ydfid/SL16/test/good/ydfid_good_004137.bmp,,0,True,b90ff87b6a34e27578b772483e094ebf80efa247658c3bd6bf873ca9cef5a41b,512,512,,,,,,,,,
test,SL16,ydfid/SL16/test/good/ydfid_good_004138.bmp,,0,True,8af51ed95667dd0342750dc5f0ca9e383af7dcf51cd080501d16a77b2d8e0de8,512,512,,,,,,,,,
test,SL16,ydfid/SL16/test/good/ydfid_good_004139.bmp,,0,True,d037342020124a7b3fe24ac28e4c5bdc2101dbdc23e2d4da28f1aa4cc5b065ca,512,512,,,,,,,,,
test,SL16,ydfid/SL16/test/good/ydfid_good_004140.bmp,,0,True,981737dd0741d449aac47dd206671a3bb02590d8f5008c555bffad0a00944814,512,512,,,,,,,,,
test,SL16,ydfid/SL16/test/good/ydfid_good_004141.bmp,,0,True,7e07b1a7ed445e78b56d96866c0d9c8134900bcfad6f4d7b2284f34530732e39,512,512,,,,,,,,,
test,SL16,ydfid/SL16/test/good/ydfid_good_004142.bmp,,0,True,16306c4f924c433649c45d4cccb7c0b3fd8aa28c3a83e7a4097d35ec58644b94,512,512,,,,,,,,,
test,SL16,ydfid/SL16/test/good/ydfid_good_004143.bmp,,0,True,60d8dbc62d4e528a19cf5a6477ae08a00e308234e5e4aef173fe828c184d2106,512,512,,,,,,,,,
test,SL16,ydfid/SL16/test/good/ydfid_good_004144.bmp,,0,True,bad874a405295522d69fbc8e4529640f3abe25b87397aae3d083c4d7741dc714,512,512,,,,,,,,,
test,SL16,ydfid/SL16/test/good/ydfid_good_004145.bmp,,0,True,2290d083cc1d7e21448d8654f02c5b94fab1284a33da7bd1bc7918d6627edeca,512,512,,,,,,,,,
test,SL16,ydfid/SL16/test/good/ydfid_good_004146.bmp,,0,True,dffe265821ffeb0c922a4656cf7792778674ed3a9c1265438889653020a7863c,512,512,,,,,,,,,
test,SL16,ydfid/SL16/test/good/ydfid_good_004147.bmp,,0,True,4eb8894e15904c7cb468e2d155e25d52887e1281de0c1cab411a0e59dea73808,512,512,,,,,,,,,
test,SL16,ydfid/SL16/test/good/ydfid_good_004148.bmp,,0,True,de85522af7727479d398b17f0dc2eb96eebb91ff25dedf7f8d5e053458acb802,512,512,,,,,,,,,
test,SL16,ydfid/SL16/test/good/ydfid_good_004149.bmp,,0,True,7676fbdb243eea6c1a4dffcf65732fc2fe85daf1d41221c9245c767465eeb57e,512,512,,,,,,,,,
test,SL16,ydfid/SL16/test/good/ydfid_good_004150.bmp,,0,True,1085c7169c0328fbd2a25ef06a6fefef2560abdc9bddcf4f9706be2364a26bd2,512,512,,,,,,,,,
test,SL16,ydfid/SL16/test/good/ydfid_good_004151.bmp,,0,True,b4910ed9cc06859c7cbeab968218e5567423f5d46398212572f779ca1217ddd2,512,512,,,,,,,,,
test,SL16,ydfid/SL16/test/good/ydfid_good_004152.bmp,,0,True,69c4c51e0c4d83ccc3b206e971a1fb2f683f587e9b19b2805086f5f861c4d47d,512,512,,,,,,,,,
test,SL16,ydfid/SL16/test/good/ydfid_good_004153.bmp,,0,True,5ab3e229616bbc7e4b1f6a1d65f8236645c19c3a76f43a8df3a0324e6e8afb0d,512,512,,,,,,,,,
test,SL16,ydfid/SL16/test/good/ydfid_good_004154.bmp,,0,True,a8e12b90ca3c5eed507007933adfbbfd2e2f9e97dbfe64a8345cc7ddd37eb423,512,512,,,,,,,,,
test,SL16,ydfid/SL16/test/good/ydfid_good_004155.bmp,,0,True,a71ff5ad54090003c2b1e72aba0e0b8edae595ac2b46c008cf284c8f0cf5b1b9,512,512,,,,,,,,,
test,SL16,ydfid/SL16/test/good/ydfid_good_004156.bmp,,0,True,dad920535f1b088bcf60acf886c2502a1a144358e6441f142aa2b90f626d3dc7,512,512,,,,,,,,,
test,SL16,ydfid/SL16/test/good/ydfid_good_004157.bmp,,0,True,234bffa2e7547f9ad9579970f5781423ba590c7da142b950d0d0123f693147fb,512,512,,,,,,,,,
test,SL16,ydfid/SL16/test/good/ydfid_good_004158.bmp,,0,True,f147097b0c486ac51320d3d06f6d25bd52ca40b7c0588e9987836cf25ccd2c53,512,512,,,,,,,,,
test,SL8,ydfid/SL8/test/anomaly/ydfid_defect_004434.bmp,ydfid/SL8/ground_truth/anomaly/ydfid_defect_004434.png,1,True,b15c01a71cf014a679551ec39b21c3fc375c5605a96312e08177b83407408fd6,512,512,True,512,512,0|255,175,0.000667572021484375,1.06667,False,
test,SL8,ydfid/SL8/test/anomaly/ydfid_defect_004435.bmp,ydfid/SL8/ground_truth/anomaly/ydfid_defect_004435.png,1,True,e4bdf83b991518d004d19cb619c1806f3d56cf74327f12ddb380b3865b2e6a68,512,512,True,512,512,0|255,5848,0.022308349609375,3.51685,False,
test,SL8,ydfid/SL8/test/anomaly/ydfid_defect_004436.bmp,ydfid/SL8/ground_truth/anomaly/ydfid_defect_004436.png,1,True,a7873c615a1f07f1ff8acea21078f3b31bf201916c54956257ffe955173e3059,512,512,True,512,512,0|255,290,0.00110626220703125,2.26667,False,
test,SL8,ydfid/SL8/test/anomaly/ydfid_defect_004437.bmp,ydfid/SL8/ground_truth/anomaly/ydfid_defect_004437.png,1,True,502d18715c8a31b5db7f18dc21463cc913265bdd13e97b0198404985394776b5,512,512,True,512,512,0|255,2310,0.00881195068359375,1.8893,False,
test,SL8,ydfid/SL8/test/anomaly/ydfid_defect_004438.bmp,ydfid/SL8/ground_truth/anomaly/ydfid_defect_004438.png,1,True,3149ee1c2ee81473b917cce7040dc3f080c431b3252f43899dd86f8a12abb4ed,512,512,True,512,512,0|255,1582,0.00603485107421875,4.94595,False,
test,SL8,ydfid/SL8/test/anomaly/ydfid_defect_004439.bmp,ydfid/SL8/ground_truth/anomaly/ydfid_defect_004439.png,1,True,4bfad0e6e513fbd5f8b800f6ee49a074293e79327d063a9dcf6121a6c010bd75,512,512,True,512,512,0|255,940,0.0035858154296875,6.22222,False,
test,SL8,ydfid/SL8/test/anomaly/ydfid_defect_004440.bmp,ydfid/SL8/ground_truth/anomaly/ydfid_defect_004440.png,1,True,3a1bf351b3e56ec6e5bf453081a29ff6c4b6017deab3478568760f6008affec4,512,512,True,512,512,0|255,3278,0.01250457763671875,17.06667,False,
test,SL8,ydfid/SL8/test/anomaly/ydfid_defect_004441.bmp,ydfid/SL8/ground_truth/anomaly/ydfid_defect_004441.png,1,True,7443b89b97d6bb11bb368b63e4f40b53dfdb805efeb71a8451a6f24663cc17b5,512,512,True,512,512,0|255,229,0.000873565673828125,1.17647,False,
test,SL8,ydfid/SL8/test/anomaly/ydfid_defect_004442.bmp,ydfid/SL8/ground_truth/anomaly/ydfid_defect_004442.png,1,True,3d127913ac454942ebf383d78add50bb2f11cf8bf167b78e0fb2fa617e9ac678,512,512,True,512,512,0|255,6032,0.02301025390625,16.0,False,
test,SL8,ydfid/SL8/test/anomaly/ydfid_defect_004443.bmp,ydfid/SL8/ground_truth/anomaly/ydfid_defect_004443.png,1,True,1059e8eb2970d77444e738a36741e9acb0f423fdd7951ae94238c51671d9fa4a,512,512,True,512,512,0|255,656,0.00250244140625,1.02778,False,
test,SL8,ydfid/SL8/test/anomaly/ydfid_defect_004444.bmp,ydfid/SL8/ground_truth/anomaly/ydfid_defect_004444.png,1,True,aceaf87d356429ace0bfcf37e2ef9a896393d817b800d44d2dd29e10be853cea,512,512,True,512,512,0|255,5055,0.019283294677734375,11.90698,False,
test,SL8,ydfid/SL8/test/anomaly/ydfid_defect_004445.bmp,ydfid/SL8/ground_truth/anomaly/ydfid_defect_004445.png,1,True,537d8b3931346669b4e5c21b2f15ea8266c26691f8ae423126997a52bf5b5b8b,512,512,True,512,512,0|255,1492,0.0056915283203125,17.41667,False,
test,SL8,ydfid/SL8/test/anomaly/ydfid_defect_004446.bmp,ydfid/SL8/ground_truth/anomaly/ydfid_defect_004446.png,1,True,dc0f7d4a20a9887a9c8489373dd567598ac0e100dba33d7e68aa519187d6c3b8,512,512,True,512,512,0|255,2711,0.010341644287109375,11.70833,False,
test,SL8,ydfid/SL8/test/anomaly/ydfid_defect_004447.bmp,ydfid/SL8/ground_truth/anomaly/ydfid_defect_004447.png,1,True,ed8fc1b267a13864877ef891f2b3d1634c7e4af10769ac7224618851cec4b40b,512,512,True,512,512,0|255,4091,0.015605926513671875,15.05882,False,
test,SL8,ydfid/SL8/test/anomaly/ydfid_defect_004448.bmp,ydfid/SL8/ground_truth/anomaly/ydfid_defect_004448.png,1,True,c9388c1c8405e10150c4421372f2aad28235e77b7dc0967b040b133132e4267c,512,512,True,512,512,0|255,4499,0.017162322998046875,14.57143,False,
test,SL8,ydfid/SL8/test/anomaly/ydfid_defect_004449.bmp,ydfid/SL8/ground_truth/anomaly/ydfid_defect_004449.png,1,True,82f056a3905fc8ca0d2bf0335badb49747446f5785745a2878c78d912f97cc57,512,512,True,512,512,0|255,4161,0.015872955322265625,10.66667,False,
test,SL8,ydfid/SL8/test/good/ydfid_good_004304.bmp,,0,True,2a33319e85f08d6ab803b154238551a4ccfbe31f7fa49243427f0f5cfd019a5b,512,512,,,,,,,,,
test,SL8,ydfid/SL8/test/good/ydfid_good_004305.bmp,,0,True,1ba4ef1b53488115eb828f190f88e5b0df722a524704cd805a511a799b1989f6,512,512,,,,,,,,,
test,SL8,ydfid/SL8/test/good/ydfid_good_004306.bmp,,0,True,6f890bb1451bfb2ff155bd6a0ec9eecd5938a3b4c365e5cac33bcf6f0240a34d,512,512,,,,,,,,,
test,SL8,ydfid/SL8/test/good/ydfid_good_004307.bmp,,0,True,592a2369495d4c75788e5853bb18d1438c750b8121b3d24e5bc75c744c695854,512,512,,,,,,,,,
test,SL8,ydfid/SL8/test/good/ydfid_good_004308.bmp,,0,True,6ecbdaf720650418ce2cb1cf28a0ef49677f9eae78e7034a4b6ddaaa3cdd71dd,512,512,,,,,,,,,
test,SL8,ydfid/SL8/test/good/ydfid_good_004309.bmp,,0,True,bedac7f00cc287d13d8d475caed6b2c8ccc03e00f9a601a1162be606f31a58cc,512,512,,,,,,,,,
test,SL8,ydfid/SL8/test/good/ydfid_good_004310.bmp,,0,True,e3ef14e448341dc9e6daa1758900b6e6028d95734333e6d72fd68e0756ed91b0,512,512,,,,,,,,,
test,SL8,ydfid/SL8/test/good/ydfid_good_004311.bmp,,0,True,791380da3356335ad420d6e940d0eb76cb1cad50b5ab7215acecb8ec59eaf276,512,512,,,,,,,,,
test,SL8,ydfid/SL8/test/good/ydfid_good_004312.bmp,,0,True,171658b8a7af5a1c9fdc267601a3651861af188c5b9af3fb6243dbcf0cf69deb,512,512,,,,,,,,,
test,SL8,ydfid/SL8/test/good/ydfid_good_004313.bmp,,0,True,7c37868b9b98cec799f24ec6b5896aec8bf65cfbb7ec8c5a0324245d5ddad95a,512,512,,,,,,,,,
test,SL8,ydfid/SL8/test/good/ydfid_good_004314.bmp,,0,True,9286193be254b7ea0cfb29281991236aa25222627fc1e325e1e8a75e074c317b,512,512,,,,,,,,,
test,SL8,ydfid/SL8/test/good/ydfid_good_004315.bmp,,0,True,a52c20941acd7099c4d83286962d6a20c9e4736ea4663941ef37d61d736b29f4,512,512,,,,,,,,,
test,SL8,ydfid/SL8/test/good/ydfid_good_004316.bmp,,0,True,c20d9080b0d30ca59dbf37a23688e448384808394079b7705fee541707fff9dc,512,512,,,,,,,,,
test,SL8,ydfid/SL8/test/good/ydfid_good_004317.bmp,,0,True,e9ab991a7076584ab2bfad881261670cca01de56abf201adc9f8b2b511763263,512,512,,,,,,,,,
test,SL8,ydfid/SL8/test/good/ydfid_good_004318.bmp,,0,True,f727b963b5163dbbdcfe5e45a3fd14b6d348148cd0f44503a91161f7f14f0097,512,512,,,,,,,,,
test,SL8,ydfid/SL8/test/good/ydfid_good_004319.bmp,,0,True,6e7408956122dbf754d580c11c9a6f5fc6a7e28bbb0f0f4c58ab340cb03648ac,512,512,,,,,,,,,
test,SL8,ydfid/SL8/test/good/ydfid_good_004320.bmp,,0,True,5142b5fb5e8acac070e1def230172278166231f82d51f58ec475b3a9c2577f52,512,512,,,,,,,,,
test,SL8,ydfid/SL8/test/good/ydfid_good_004321.bmp,,0,True,150cc48f9e26bd5176782cca3775d6e2f0fea8dbe9e88ff53e402d9faecd75eb,512,512,,,,,,,,,
test,SL8,ydfid/SL8/test/good/ydfid_good_004322.bmp,,0,True,65ec0a9073aeefb8e030f5067986fd0517ba0ebd7c77084ef19da67fc43db661,512,512,,,,,,,,,
test,SL8,ydfid/SL8/test/good/ydfid_good_004323.bmp,,0,True,67a5f1574004173c3698111138770d7cb8dce44debcd569f44143dd5cf1bce04,512,512,,,,,,,,,
test,SL8,ydfid/SL8/test/good/ydfid_good_004324.bmp,,0,True,647fd66aab79ed197341c59896981fc3ffb902eb81fcb5879513cc22386e591b,512,512,,,,,,,,,
test,SL8,ydfid/SL8/test/good/ydfid_good_004325.bmp,,0,True,4a9d13d3eb01406ebd9fa4799e08e812143236ff74f007c69f52923211f7229e,512,512,,,,,,,,,
test,SL8,ydfid/SL8/test/good/ydfid_good_004326.bmp,,0,True,ed2f2289eeb1ec3377c905d900fb2a7a2e1777160a5e9f83ee3a203c5904a6a9,512,512,,,,,,,,,
test,SL8,ydfid/SL8/test/good/ydfid_good_004327.bmp,,0,True,66d96e9b35c9e29a4fed2ac159791ea5403e065d76e099acaf28d4aeda9d46f1,512,512,,,,,,,,,
test,SL8,ydfid/SL8/test/good/ydfid_good_004328.bmp,,0,True,a79b60caa979dfb730308a8590197f58a0ff7a3b90277a308fcef075ff26834b,512,512,,,,,,,,,
test,SL8,ydfid/SL8/test/good/ydfid_good_004329.bmp,,0,True,9df2c207fc1f725e661f84aed56f3d965e4f633c14d73ca6701e845438d107cd,512,512,,,,,,,,,
test,SL8,ydfid/SL8/test/good/ydfid_good_004330.bmp,,0,True,724639876ec91173d75ed8cd8e1ce68804be9798d2feb534c8494d79d5539dc5,512,512,,,,,,,,,
test,SL8,ydfid/SL8/test/good/ydfid_good_004331.bmp,,0,True,16ef91c357e5452f284e9f95a0fb7c8d364a0f1a3651ff1d3f00b4ef70fddcaf,512,512,,,,,,,,,
test,SL8,ydfid/SL8/test/good/ydfid_good_004332.bmp,,0,True,60ba53f76887317ef50ecbd9b2ca9b850fecbd4b10b01e2389eed2874a9979bd,512,512,,,,,,,,,
test,SL8,ydfid/SL8/test/good/ydfid_good_004333.bmp,,0,True,b023d684591def725f23640ebdfcb7042fd2eac197defd429a21b145ebe093d2,512,512,,,,,,,,,
test,SL8,ydfid/SL8/test/good/ydfid_good_004334.bmp,,0,True,ef0035ad324329c6d081c8ded942cdf652fe9665a11429397527183950421c8b,512,512,,,,,,,,,
test,SL8,ydfid/SL8/test/good/ydfid_good_004335.bmp,,0,True,670a0f149eec1409a6898247535de8d7a66a9e9e423cd98a56611dce366274b6,512,512,,,,,,,,,
test,SL8,ydfid/SL8/test/good/ydfid_good_004336.bmp,,0,True,1db207bb5e6809363e695f3b6c261aa9bbe14f6bbbc12c082206cbd2febcbb51,512,512,,,,,,,,,
test,SL8,ydfid/SL8/test/good/ydfid_good_004337.bmp,,0,True,c571495887b8f2acb6870d9d48f74b7936880fa66d387f509fb84ed168c0abb6,512,512,,,,,,,,,
test,SL8,ydfid/SL8/test/good/ydfid_good_004338.bmp,,0,True,50ccb8ea2b70c16dac5909ad369aac54652a978180d0e91076fb9fff713b920a,512,512,,,,,,,,,
test,SL8,ydfid/SL8/test/good/ydfid_good_004339.bmp,,0,True,a2408c31ac3c75bdca93c76817e1100191a382cbeab37f552f1f69ff96bc6d85,512,512,,,,,,,,,
test,SL8,ydfid/SL8/test/good/ydfid_good_004340.bmp,,0,True,48605f5d735b853500a4b8c9e94356dadfbf37243f7dc37d0b9f59ffc10e28bc,512,512,,,,,,,,,
test,SL8,ydfid/SL8/test/good/ydfid_good_004341.bmp,,0,True,9456c0bb2d63ee105b01c0914a937f27378358b61a961ec8e273421bc20e682a,512,512,,,,,,,,,
test,SL8,ydfid/SL8/test/good/ydfid_good_004342.bmp,,0,True,068d2d569aedf2c6ebafe9f61bb9d06973963cbacf0d7152bb31180362cf138f,512,512,,,,,,,,,
test,SL8,ydfid/SL8/test/good/ydfid_good_004343.bmp,,0,True,4be9b48e81c68366ad975055f0a17379c1724aea472001f57fff608bed894b63,512,512,,,,,,,,,
test,SL8,ydfid/SL8/test/good/ydfid_good_004344.bmp,,0,True,63aa311ce4d16c1885943782ec8a5790c45b1d6d2feb080c30bd0229899978ad,512,512,,,,,,,,,
test,SL8,ydfid/SL8/test/good/ydfid_good_004345.bmp,,0,True,d1f25f7ef06dee8d1a6548080f6ee016fa7f8dd212e0d9d2f29d81405f5a7710,512,512,,,,,,,,,
test,SL8,ydfid/SL8/test/good/ydfid_good_004346.bmp,,0,True,710319893080b385c756242d002f011ea3754b0aafa215b3d09a03b05da74858,512,512,,,,,,,,,
test,SL8,ydfid/SL8/test/good/ydfid_good_004347.bmp,,0,True,7aaf433946bbc7dd78ebf9a9a4ec15e13019e5416cb0a3939547d0221ea249a0,512,512,,,,,,,,,
test,SL8,ydfid/SL8/test/good/ydfid_good_004348.bmp,,0,True,33058db4954ce9b99abf55aab9b39bf4b4ff2b35c00623507449920b15322f6e,512,512,,,,,,,,,
test,SL8,ydfid/SL8/test/good/ydfid_good_004349.bmp,,0,True,19cb4f268694c80164334b35d8f5aaacac707ddea87b6fefaeae952b18fb758d,512,512,,,,,,,,,
test,SL8,ydfid/SL8/test/good/ydfid_good_004350.bmp,,0,True,fe86292f5772ebcdf0d7a18d9c5aeb6b4a5e372eeb8d02ce58bb6a92cec63b7f,512,512,,,,,,,,,
test,SL8,ydfid/SL8/test/good/ydfid_good_004351.bmp,,0,True,dae9c09b4afceac2b726604284a130bf751e5084826f555cb9f4f0892cc35623,512,512,,,,,,,,,
test,SL8,ydfid/SL8/test/good/ydfid_good_004352.bmp,,0,True,7b2390a2b8f7aefbbadbfe64f144ddf7bdca6c4490af31846d3ba8cd8ae10ebf,512,512,,,,,,,,,
test,SL8,ydfid/SL8/test/good/ydfid_good_004353.bmp,,0,True,a028df0b5b461f598fdcbb279d33d06eeb2624134d16510f155b0be1a22e1fde,512,512,,,,,,,,,
test,SL8,ydfid/SL8/test/good/ydfid_good_004354.bmp,,0,True,c67024318b395ad49626fb91c04102f6494725e88ec07f6bb141cc488dbf5f44,512,512,,,,,,,,,
test,SL8,ydfid/SL8/test/good/ydfid_good_004355.bmp,,0,True,15f52d7fdc7d0efc0b7168d9c79a6f626611819301cf7ae60e8f8bc2cf02222c,512,512,,,,,,,,,
test,SL8,ydfid/SL8/test/good/ydfid_good_004356.bmp,,0,True,ca2f193cec8f2ab855db8dae25b67d7ac965ade2e4691400ab7f75e7c8e80142,512,512,,,,,,,,,
test,SL8,ydfid/SL8/test/good/ydfid_good_004357.bmp,,0,True,39b50505258822d7588eac36810cb33def79aaa7f85262afd767b0ca18863b8c,512,512,,,,,,,,,
test,SL8,ydfid/SL8/test/good/ydfid_good_004358.bmp,,0,True,5d7cb51ce792ba135f0d78bdf64b7bda557c85ce69c76e88c651e8f1fa20dce2,512,512,,,,,,,,,
test,SL8,ydfid/SL8/test/good/ydfid_good_004359.bmp,,0,True,b5fe67c658a49674f663aa87acd079894bea300fed0e2437fdecd01c7ea50ea3,512,512,,,,,,,,,
test,SL8,ydfid/SL8/test/good/ydfid_good_004360.bmp,,0,True,31cbcb4965fc4eafe31770a3dbed74888e27f9e353e807a0d9ec36a4449ee317,512,512,,,,,,,,,
test,SL8,ydfid/SL8/test/good/ydfid_good_004361.bmp,,0,True,009328c32b47d38c861e53564d1c27e0ae7e515acf324ab53852c8638f7fe59d,512,512,,,,,,,,,
test,SL8,ydfid/SL8/test/good/ydfid_good_004362.bmp,,0,True,bdd8bc78ca9650a1d524b29776f3902aa1eef6c643661cc5cc496246a737fdd1,512,512,,,,,,,,,
test,SL8,ydfid/SL8/test/good/ydfid_good_004363.bmp,,0,True,96e3482125269d7b47d53001aa40e1b62b925bb2a316450a9c0764cb3a6312ea,512,512,,,,,,,,,
test,SL8,ydfid/SL8/test/good/ydfid_good_004364.bmp,,0,True,d18657190c39a916facf815ca5296ce1090ed93aa0d23e5c65d967baf7432a73,512,512,,,,,,,,,
test,SL8,ydfid/SL8/test/good/ydfid_good_004365.bmp,,0,True,5f4f3d16b94dea6a4e3eba225e323cf042e9cc149e1449107e1535140fe391d1,512,512,,,,,,,,,
test,SL8,ydfid/SL8/test/good/ydfid_good_004366.bmp,,0,True,c40e505d7250214799520781d23b443ecdd681cf434b79e742003ba25636ba5d,512,512,,,,,,,,,
test,SL8,ydfid/SL8/test/good/ydfid_good_004367.bmp,,0,True,42b7fce035693b56d0dc3488e5f63c1687097f3ffef767fd5896ad03890c27c8,512,512,,,,,,,,,
test,SL8,ydfid/SL8/test/good/ydfid_good_004368.bmp,,0,True,153616648a68ca3ea9382dadad22ba4abe8446b8284c2ff9767d63d79fb0db1d,512,512,,,,,,,,,
test,SL8,ydfid/SL8/test/good/ydfid_good_004369.bmp,,0,True,38ced7edae3a43bfb5743848f52848a212185474b722d1405136ba4056e78f72,512,512,,,,,,,,,
test,SL8,ydfid/SL8/test/good/ydfid_good_004370.bmp,,0,True,d112d079ce617792b99c322e273792c05c328cf44213dfb2e84b944e8a290ffd,512,512,,,,,,,,,
test,SL8,ydfid/SL8/test/good/ydfid_good_004371.bmp,,0,True,8fa8d0e41b2f1c555441f8081a215aa933de39f1da0523324dd09619408f0235,512,512,,,,,,,,,
test,SL8,ydfid/SL8/test/good/ydfid_good_004372.bmp,,0,True,d04e58730650f1433ac79d501a9acb66117f952f46a84eff66d1f22ae2e550a0,512,512,,,,,,,,,
test,SL8,ydfid/SL8/test/good/ydfid_good_004373.bmp,,0,True,61ad43fa22cdb54f05bf1058b0cb540c241f611ac9cf5c752b5301cfce0bfde2,512,512,,,,,,,,,
test,SL8,ydfid/SL8/test/good/ydfid_good_004374.bmp,,0,True,6e52ed27a4519eec3aba9849bdbd4bd2740a3f648ee9de6529cc15b7dbdc5a37,512,512,,,,,,,,,
test,SL8,ydfid/SL8/test/good/ydfid_good_004375.bmp,,0,True,9ee93841f72b41b412681a3115d6bf78482fbe284aa1f9ffd671226eeca69815,512,512,,,,,,,,,
test,SL8,ydfid/SL8/test/good/ydfid_good_004376.bmp,,0,True,e4f850682327b77b60e2dac5809c3b53735c608f430642c88ed48d0715844686,512,512,,,,,,,,,
test,SL8,ydfid/SL8/test/good/ydfid_good_004377.bmp,,0,True,b93ab5cced7b9081b05f6bcce09547ec2bc3397429d7bd7bc831dc631f92d5b0,512,512,,,,,,,,,
test,SL8,ydfid/SL8/test/good/ydfid_good_004378.bmp,,0,True,7ea4523b8c8b4c482e3f33d359ea21ec155fb8da88ac62306df134a3470afead,512,512,,,,,,,,,
test,SL8,ydfid/SL8/test/good/ydfid_good_004379.bmp,,0,True,633bf7259f58b406a42124d605c62917439afd1916c9d7d2b545c519bf847285,512,512,,,,,,,,,
test,SL8,ydfid/SL8/test/good/ydfid_good_004380.bmp,,0,True,377cea7eb2a707de238d9e5752d9f1a902917dc7530fe938d70c74b64bae0491,512,512,,,,,,,,,
test,SL8,ydfid/SL8/test/good/ydfid_good_004381.bmp,,0,True,ba0c42994c164f6ddadb1c9e1a43e3355ed0c903755e2b901261222f3512af2f,512,512,,,,,,,,,
test,SL8,ydfid/SL8/test/good/ydfid_good_004382.bmp,,0,True,72dcd177cb6d65200b7aafe215cefbb15a325403aa999172214e6f4e509e6d4a,512,512,,,,,,,,,
test,SL8,ydfid/SL8/test/good/ydfid_good_004383.bmp,,0,True,23b0a78ee6f6d27fa1572085145901b4a0f9ea9df28c7f7061ce4347feb24cce,512,512,,,,,,,,,
test,SL8,ydfid/SL8/test/good/ydfid_good_004384.bmp,,0,True,f42a386af816fccea19e4bb2793bed2b49a32e1f769f5beb94909e7b81e836d5,512,512,,,,,,,,,
test,SL8,ydfid/SL8/test/good/ydfid_good_004385.bmp,,0,True,ba9bd0a73aba39255b14e4fe73226fa2835d4a795b4835c589057f6e16974806,512,512,,,,,,,,,
test,SL8,ydfid/SL8/test/good/ydfid_good_004386.bmp,,0,True,e0f176c933e0f3d031c6caf61c23ea68a03b30465448370e288f6afd2e757eb3,512,512,,,,,,,,,
test,SL8,ydfid/SL8/test/good/ydfid_good_004387.bmp,,0,True,d04b6b8398ac204a62b78fac6cb0377cf968f34114ecfe248804b8e4ca89476c,512,512,,,,,,,,,
test,SL8,ydfid/SL8/test/good/ydfid_good_004388.bmp,,0,True,d0ca4f2f245cc046c58e72a6a26de08f9215984ddf87899224bb02d0065c4284,512,512,,,,,,,,,
test,SL8,ydfid/SL8/test/good/ydfid_good_004389.bmp,,0,True,df2df933f26170d48cac66e708d42e34bd733ee2f4c8086621fbb3c12cd5d014,512,512,,,,,,,,,
test,SL8,ydfid/SL8/test/good/ydfid_good_004390.bmp,,0,True,3b3a013d01c8a125e6c2204b68790df3a4e6efeabfdaebe468990a013e128835,512,512,,,,,,,,,
test,SL8,ydfid/SL8/test/good/ydfid_good_004391.bmp,,0,True,7aa9b2acf789f6c853e34eb6bea50bca6ce1d4ef8a04a83c28dcc27b142a52bc,512,512,,,,,,,,,
test,SL8,ydfid/SL8/test/good/ydfid_good_004392.bmp,,0,True,67982793159234e2c8b25dfbc8836b3128435f2db5d79ba02f88cdfdb54f0346,512,512,,,,,,,,,
test,SL8,ydfid/SL8/test/good/ydfid_good_004393.bmp,,0,True,4a96cdc4e67a65ebd44651cad1968e9167ee4eea7a0d614738df24443e6d70e6,512,512,,,,,,,,,
test,SL8,ydfid/SL8/test/good/ydfid_good_004394.bmp,,0,True,f4b2a841da179e89797d956bd43295d72fe0fa27a162aa96616ac3e632e73584,512,512,,,,,,,,,
test,SL8,ydfid/SL8/test/good/ydfid_good_004395.bmp,,0,True,29a5447450c424961c90bf9e51abe523212e3eac9fad0e86346e91ba5d0b05ac,512,512,,,,,,,,,
test,SL8,ydfid/SL8/test/good/ydfid_good_004396.bmp,,0,True,4d932eb24cf5e553da5aa2ee1c3719409322e450d292cf0b6069aa4f58eaacf7,512,512,,,,,,,,,
test,SL8,ydfid/SL8/test/good/ydfid_good_004397.bmp,,0,True,797e0d71ee5fe7eb3876ea9ea04bb13b7562616c6ee7a2757dc44d5b6151e397,512,512,,,,,,,,,
test,SL8,ydfid/SL8/test/good/ydfid_good_004398.bmp,,0,True,e661ccdbdd81326a62ac496dd860008d11afb5edf5f74ed7fd0007436cf25575,512,512,,,,,,,,,
test,SL8,ydfid/SL8/test/good/ydfid_good_004399.bmp,,0,True,5e32f83fbf7dac9ad676d742710026ff5ecd1b8667c67ce98ed3417373284471,512,512,,,,,,,,,
test,SL8,ydfid/SL8/test/good/ydfid_good_004400.bmp,,0,True,d66aa77f209fb3094b8f8f2fde157cb602a9dcbd968c7d1cb972fd5146943df4,512,512,,,,,,,,,
test,SL8,ydfid/SL8/test/good/ydfid_good_004401.bmp,,0,True,1b96fb64da97fd554bf1fda01770d31a73858509b9940610092823a83f571aad,512,512,,,,,,,,,
test,SL8,ydfid/SL8/test/good/ydfid_good_004402.bmp,,0,True,df2c940fa8bd55dfefb71615da72e04f66e6ea1e590b81a49a27c4bf4a6c1d3a,512,512,,,,,,,,,
test,SL8,ydfid/SL8/test/good/ydfid_good_004403.bmp,,0,True,62df7356769ba059f12e5ba8f1dab205c2a699d8371df172576b2e580b1c1ef2,512,512,,,,,,,,,
test,SL8,ydfid/SL8/test/good/ydfid_good_004404.bmp,,0,True,9636f4908e08f2c331b3a51fef208ca400cbab1c80a0454f78316b3ad30e1c31,512,512,,,,,,,,,
test,SL8,ydfid/SL8/test/good/ydfid_good_004405.bmp,,0,True,7faa0c74357c42ad1813bb62e15b144b7dbbb9682eb50f7cc80edd3b70ab625c,512,512,,,,,,,,,
test,SL8,ydfid/SL8/test/good/ydfid_good_004406.bmp,,0,True,19982b06fbb2e7fbb0e0e5eb4e90dc21631f6be42635efed3802ccd1dde7a83b,512,512,,,,,,,,,
test,SL8,ydfid/SL8/test/good/ydfid_good_004407.bmp,,0,True,5dce91ae9a68c10200394916af914438b09b8457b5d3d302ed1a2efe47ef5b1f,512,512,,,,,,,,,
test,SL8,ydfid/SL8/test/good/ydfid_good_004408.bmp,,0,True,bfd9868844cc62ed14ce50f874d61e5395b58f48eb4c703c391f39992e63c5ff,512,512,,,,,,,,,
test,SL8,ydfid/SL8/test/good/ydfid_good_004409.bmp,,0,True,6bdd06f707a4876c324da4a69053ac617d103bdeda4a11e44d7c28bb171c5f58,512,512,,,,,,,,,
test,SL8,ydfid/SL8/test/good/ydfid_good_004410.bmp,,0,True,3a8b002759e942d19b335d1c02438c96ffc8d590bfd03c8f05c85414279b03ed,512,512,,,,,,,,,
test,SL8,ydfid/SL8/test/good/ydfid_good_004411.bmp,,0,True,f5db4381c8ba47430749b3588771532d4514cc53b65bc2889c909a27e5e632d9,512,512,,,,,,,,,
test,SL8,ydfid/SL8/test/good/ydfid_good_004412.bmp,,0,True,f940e7283ff2ba4976e49eee3155aecfe101ba4a4e20b487d42a6c0993820681,512,512,,,,,,,,,
test,SL8,ydfid/SL8/test/good/ydfid_good_004413.bmp,,0,True,ecdecde4e9e6b7c5f7aa1386434479ceb1d057da1ac365b03cbd8c127d716095,512,512,,,,,,,,,
test,SL8,ydfid/SL8/test/good/ydfid_good_004414.bmp,,0,True,0485c3abc9eab46095f5eff03245ed705fb55b65986549277702e2228708772e,512,512,,,,,,,,,
test,SL8,ydfid/SL8/test/good/ydfid_good_004415.bmp,,0,True,83c2db0cc541339d47b175253dc7381df9eed96489e8f2f4d78a791fba89499f,512,512,,,,,,,,,
test,SL8,ydfid/SL8/test/good/ydfid_good_004416.bmp,,0,True,219471174060c31dd8a505bcd5acf6141b8fe13965cebbaa716d955ec93bdf0c,512,512,,,,,,,,,
test,SL8,ydfid/SL8/test/good/ydfid_good_004417.bmp,,0,True,b1f27a351ad0da3bc13ca718e03672ea1a8ea2fdf434044f1f970b5555d73813,512,512,,,,,,,,,
test,SL8,ydfid/SL8/test/good/ydfid_good_004418.bmp,,0,True,fc25a54fe1a1affca69f57c25fe47fc3744219c3e032a59caf2aa328295ed4fe,512,512,,,,,,,,,
test,SL8,ydfid/SL8/test/good/ydfid_good_004419.bmp,,0,True,88bc492a3da71effb3623c9dcd6ef9ea2667a95f3616cc4a9e4db4c3d83fbde6,512,512,,,,,,,,,
test,SL8,ydfid/SL8/test/good/ydfid_good_004420.bmp,,0,True,63cfe3591d24422e2eaaaa93b5b6aabb876c12280c0c4d82e4e23c4af169f3cf,512,512,,,,,,,,,
test,SL8,ydfid/SL8/test/good/ydfid_good_004421.bmp,,0,True,751928a29fe097efec458b541040e235f63efed6ece256f22d538a1ae3c7230c,512,512,,,,,,,,,
test,SL8,ydfid/SL8/test/good/ydfid_good_004422.bmp,,0,True,af417dfe9531cc3808bdda35509293250c8d87f9fa17e9ba392364c859700512,512,512,,,,,,,,,
test,SL8,ydfid/SL8/test/good/ydfid_good_004423.bmp,,0,True,59f232ea5df95201088fe63760f5b815f3ea7656573cb963d2e8472cf7db231b,512,512,,,,,,,,,
test,SL8,ydfid/SL8/test/good/ydfid_good_004424.bmp,,0,True,7ab5b417e67ef9b82ebda700862e9aa7dc3cc06434411a6e703a8b1e4f6c0ac5,512,512,,,,,,,,,
test,SL8,ydfid/SL8/test/good/ydfid_good_004425.bmp,,0,True,6e2ebc6e09192da2fc79eecb95efa7fc134e346ddb32556f729435bde43f7e66,512,512,,,,,,,,,
test,SL8,ydfid/SL8/test/good/ydfid_good_004426.bmp,,0,True,77c0af4b4e0d460104e9094931db8ed024578b9caf8c5cf579376ca9c83e2984,512,512,,,,,,,,,
test,SL8,ydfid/SL8/test/good/ydfid_good_004427.bmp,,0,True,c8f29d81593c533e1e6f173341e42404ed0c4f828c477d9e256df9df7c01aab1,512,512,,,,,,,,,
test,SL8,ydfid/SL8/test/good/ydfid_good_004428.bmp,,0,True,c7c67d4abc40247d79d9f83aed37244480993dd89e31ba4f1444279b51376f42,512,512,,,,,,,,,
test,SL8,ydfid/SL8/test/good/ydfid_good_004429.bmp,,0,True,067f8a51c32eb8c8047fbec8537722c12664553f188af7ae1d6919abd7008d66,512,512,,,,,,,,,
test,SL8,ydfid/SL8/test/good/ydfid_good_004430.bmp,,0,True,11dd003c305841577714e80db10fdd3cfc399d8e94ab406f80e748994ed23578,512,512,,,,,,,,,
test,SL8,ydfid/SL8/test/good/ydfid_good_004431.bmp,,0,True,648f50f0b7c35d750e43a801bc81e7c49119d718c2f64b3b9df44098b983812c,512,512,,,,,,,,,
test,SL8,ydfid/SL8/test/good/ydfid_good_004432.bmp,,0,True,02d3a3427c22169a53308800b7eb20e5acc50ecf1543a30eca2ec5f955cd6cc7,512,512,,,,,,,,,
test,SL8,ydfid/SL8/test/good/ydfid_good_004433.bmp,,0,True,650c29a8435c3afdfa618dd695ffa8abcdbd9d5af7a567272003b652702dc0de,512,512,,,,,,,,,
test,SL9,ydfid/SL9/test/anomaly/ydfid_defect_004938.bmp,ydfid/SL9/ground_truth/anomaly/ydfid_defect_004938.png,1,True,dacaf34a1279aad6f26957b7aafc51594f1d3936976076a037f8e8fb6f4d66f3,512,512,True,512,512,0|255,283,0.001079559326171875,1.11111,False,
test,SL9,ydfid/SL9/test/anomaly/ydfid_defect_004939.bmp,ydfid/SL9/ground_truth/anomaly/ydfid_defect_004939.png,1,True,b69f8fb952c9bab948cba27cb24af52db025913983f3232eed158308525f3d2a,512,512,True,512,512,0|255,15776,0.0601806640625,1.58537,False,
test,SL9,ydfid/SL9/test/anomaly/ydfid_defect_004940.bmp,ydfid/SL9/ground_truth/anomaly/ydfid_defect_004940.png,1,True,d4ff8603a4a0250c171c998a8655a579d8d3093c54ce9384a4bacf9080174e8c,512,512,True,512,512,0|255,7719,0.029445648193359375,9.27273,False,
test,SL9,ydfid/SL9/test/anomaly/ydfid_defect_004941.bmp,ydfid/SL9/ground_truth/anomaly/ydfid_defect_004941.png,1,True,415e9a5bd20374f614d1d455ecff2a3fa0626c7e998589e425166dfd4c75e489,512,512,True,512,512,0|255,976,0.00372314453125,2.17391,False,
test,SL9,ydfid/SL9/test/anomaly/ydfid_defect_004942.bmp,ydfid/SL9/ground_truth/anomaly/ydfid_defect_004942.png,1,True,f16ea85d918d8c540fbd5d7d1423d3672657749b9479f6c114a72218465bcee3,512,512,True,512,512,0|255,2048,0.0078125,1.2973,False,
test,SL9,ydfid/SL9/test/anomaly/ydfid_defect_004943.bmp,ydfid/SL9/ground_truth/anomaly/ydfid_defect_004943.png,1,True,1a383a2ca812de281ebd3576c83122940fcc3fd7463920e6eec717e9a5d03ea2,512,512,True,512,512,0|255,11739,0.044780731201171875,1.35122,False,
test,SL9,ydfid/SL9/test/anomaly/ydfid_defect_004944.bmp,ydfid/SL9/ground_truth/anomaly/ydfid_defect_004944.png,1,True,e2ee8ace87507b7c8de31e05206f151db033380135c203a1e781ae27e93ff0b9,512,512,True,512,512,0|255,693,0.002643585205078125,1.78261,False,
test,SL9,ydfid/SL9/test/good/ydfid_good_004694.bmp,,0,True,74bb2b85578adc5ad1bbabeed4cadb58e4493677e54e1bc003820c1eac102d73,512,512,,,,,,,,,
test,SL9,ydfid/SL9/test/good/ydfid_good_004695.bmp,,0,True,4a209715cb3168d673db4d49a117c67267222ddb4258fb652ea7f48d4d2493d5,512,512,,,,,,,,,
test,SL9,ydfid/SL9/test/good/ydfid_good_004696.bmp,,0,True,ce8b25e35c1a0ddbdb26c37af01e15f803fc7e77b9a26d4dd8b45f2d6848b9bb,512,512,,,,,,,,,
test,SL9,ydfid/SL9/test/good/ydfid_good_004697.bmp,,0,True,7b4c1553797ec31e7dac0fcbc1389906f32c634d1555f08de54e9bb332c058a6,512,512,,,,,,,,,
test,SL9,ydfid/SL9/test/good/ydfid_good_004698.bmp,,0,True,2862507c4d9241805f66d87cd300724e283b98655af016dde9127c64504f9365,512,512,,,,,,,,,
test,SL9,ydfid/SL9/test/good/ydfid_good_004699.bmp,,0,True,6e64f25b86f8b5beb83cac18853b77ff83163b2aa344184bdeee6e80ba8dc523,512,512,,,,,,,,,
test,SL9,ydfid/SL9/test/good/ydfid_good_004700.bmp,,0,True,a45bbef6617575054e060aae9d222e122c80af5a3182a576e3740d045866911d,512,512,,,,,,,,,
test,SL9,ydfid/SL9/test/good/ydfid_good_004701.bmp,,0,True,2db6940ba13824f2f66c691acd0716d6585cb92aa827e3eb41b899f0dec9dd36,512,512,,,,,,,,,
test,SL9,ydfid/SL9/test/good/ydfid_good_004702.bmp,,0,True,525d0a637b461c480c31f42c22385f602acc7e3573c463fe4c473688c31d2c5d,512,512,,,,,,,,,
test,SL9,ydfid/SL9/test/good/ydfid_good_004703.bmp,,0,True,cbb1f0d9d90d98dd8608af1faf7a3034b45e9adeb69ce04d3f6f9ae394d74ae1,512,512,,,,,,,,,
test,SL9,ydfid/SL9/test/good/ydfid_good_004704.bmp,,0,True,c8116921de6218f0971779e8b840dcf2eceaa0d0ae8ba1780262c7d8999904f6,512,512,,,,,,,,,
test,SL9,ydfid/SL9/test/good/ydfid_good_004705.bmp,,0,True,5aef72f8152cb67fcbdef70ac94ecd4a2fdc720b2ec408b899082254ad208a63,512,512,,,,,,,,,
test,SL9,ydfid/SL9/test/good/ydfid_good_004706.bmp,,0,True,b8d9ed711b1525dcff3c7ab14f31fa9a4200b6920b2c7f27b2c5642bf01d19fb,512,512,,,,,,,,,
test,SL9,ydfid/SL9/test/good/ydfid_good_004707.bmp,,0,True,abeeed537013db660487cba50ba8fc7cbf55bd0dca96c79ef0bfdcfa2bea7209,512,512,,,,,,,,,
test,SL9,ydfid/SL9/test/good/ydfid_good_004708.bmp,,0,True,c38b2e6f113906baae7e910919cc92b56c03e7da74d9da5fc7afae904370820e,512,512,,,,,,,,,
test,SL9,ydfid/SL9/test/good/ydfid_good_004709.bmp,,0,True,f371328ca7edb793c1420aec583c9311d236f9a2422a8ddcbc8ef25448651398,512,512,,,,,,,,,
test,SL9,ydfid/SL9/test/good/ydfid_good_004710.bmp,,0,True,7b6793e67bb6cc647a142169e2597060d7f494b1b03e5bd1cbe452027bfc2285,512,512,,,,,,,,,
test,SL9,ydfid/SL9/test/good/ydfid_good_004711.bmp,,0,True,eb19f0ee2d3a430954bc52a53cf52c470dc290f72f63c1e5d7aa62198f8f2d04,512,512,,,,,,,,,
test,SL9,ydfid/SL9/test/good/ydfid_good_004712.bmp,,0,True,d653f3a9c5ebbb80a941c0470c22a6c701d9a9a746bbf2766194403717d39534,512,512,,,,,,,,,
test,SL9,ydfid/SL9/test/good/ydfid_good_004713.bmp,,0,True,e8d13531318c2bbbebc673d50fb3cad25556c1c5883ebbbe05e768959998f24a,512,512,,,,,,,,,
test,SL9,ydfid/SL9/test/good/ydfid_good_004714.bmp,,0,True,6332877fd4c418dfa7f954e050ac3ac70a7014d6f6eb895ed1897628b175d236,512,512,,,,,,,,,
test,SL9,ydfid/SL9/test/good/ydfid_good_004715.bmp,,0,True,a5571f90c1615e2320dc2ffbe75b60bc5d84ceee4a09b841e4851883447077dc,512,512,,,,,,,,,
test,SL9,ydfid/SL9/test/good/ydfid_good_004716.bmp,,0,True,5c1e9907c24cee7de14a449a5a0b511cc7b73d820d71860da28ccfac630368fe,512,512,,,,,,,,,
test,SL9,ydfid/SL9/test/good/ydfid_good_004717.bmp,,0,True,5fe822c91dce08ade5fea14115395bc7b8f51029cbe308eb5efa7ac89730aa95,512,512,,,,,,,,,
test,SL9,ydfid/SL9/test/good/ydfid_good_004718.bmp,,0,True,484bdc8436ec59db98f4154b4e77e385a82a5c3a4e7c94e1993310ad0576f83f,512,512,,,,,,,,,
test,SL9,ydfid/SL9/test/good/ydfid_good_004719.bmp,,0,True,b30d2b3f6d179aa178d287b1dfc68982e123eba68248d6a46fc938114c5f16ce,512,512,,,,,,,,,
test,SL9,ydfid/SL9/test/good/ydfid_good_004720.bmp,,0,True,c77718863ba26aa1253ce416a48887bd5bd3ad66dd7b8cee9d486a440cd67700,512,512,,,,,,,,,
test,SL9,ydfid/SL9/test/good/ydfid_good_004721.bmp,,0,True,113cc10ed9c16cd7ca48f30c8b8dc66aeb30e25ff7f874d9478532cc72089e11,512,512,,,,,,,,,
test,SL9,ydfid/SL9/test/good/ydfid_good_004722.bmp,,0,True,cdfb4b0fddb27f85d40b09dcfbe32c7fd5bf9a88752c05e9e00b36f68225bda9,512,512,,,,,,,,,
test,SL9,ydfid/SL9/test/good/ydfid_good_004723.bmp,,0,True,ac74b778fea712e053858414e863ab976b1345502600e5d38decbc48f3180a89,512,512,,,,,,,,,
test,SL9,ydfid/SL9/test/good/ydfid_good_004724.bmp,,0,True,b006834f580e24789f67f4dda9da6fb78276d4eca339d91532896a8d9bfdd791,512,512,,,,,,,,,
test,SL9,ydfid/SL9/test/good/ydfid_good_004725.bmp,,0,True,1fc6e5f921234b571cf9bd6c600fc8446957fe054079e26f587dd5f635cf27a1,512,512,,,,,,,,,
test,SL9,ydfid/SL9/test/good/ydfid_good_004726.bmp,,0,True,01e76a01c080c9d0b7b4744ace3642dce8169d44f0a539dd2edcc446c7a11f8e,512,512,,,,,,,,,
test,SL9,ydfid/SL9/test/good/ydfid_good_004727.bmp,,0,True,7e0740161b0d99314586fea795ccf446a38b0835d5e631ded4eb0cced92131ac,512,512,,,,,,,,,
test,SL9,ydfid/SL9/test/good/ydfid_good_004728.bmp,,0,True,f52eee8cfd959331bc3d566f5efd2bd7515feb048a1fcf7ade764aeee20fdc03,512,512,,,,,,,,,
test,SL9,ydfid/SL9/test/good/ydfid_good_004729.bmp,,0,True,a421e2aca2b8cd329a63963e7907610d8151512d517c969d11fa7663be629da6,512,512,,,,,,,,,
test,SL9,ydfid/SL9/test/good/ydfid_good_004730.bmp,,0,True,766aa7d57c5bfc7dc11d4cf358c9af3aa78e356940f3d150b0d59c6a93fac512,512,512,,,,,,,,,
test,SL9,ydfid/SL9/test/good/ydfid_good_004731.bmp,,0,True,8764cc9a3d6672b015dbc57bb722ac5cf80190995fa0d30fc5a559ee8f1a654b,512,512,,,,,,,,,
test,SL9,ydfid/SL9/test/good/ydfid_good_004732.bmp,,0,True,9247a51157e03d959d5bcc5cfbc6918143142a7efbdb384e1de728df3fc57583,512,512,,,,,,,,,
test,SL9,ydfid/SL9/test/good/ydfid_good_004733.bmp,,0,True,c62a74b1d2970f972c528ba84d158db249022bfd0a313e5842990328b89fa0db,512,512,,,,,,,,,
test,SL9,ydfid/SL9/test/good/ydfid_good_004734.bmp,,0,True,345c749563332cd8224329406eb65740d65397587a9d0522fa92cf7d4bc1e7ff,512,512,,,,,,,,,
test,SL9,ydfid/SL9/test/good/ydfid_good_004735.bmp,,0,True,2d93a4f98aeb465c4fa7a21a9060b768cc2d65b7013ae7816616d464d7dd7096,512,512,,,,,,,,,
test,SL9,ydfid/SL9/test/good/ydfid_good_004736.bmp,,0,True,9ac0f2d86592bdfede38197804c3ab03273c9f6277e69d827e64edf331db26af,512,512,,,,,,,,,
test,SL9,ydfid/SL9/test/good/ydfid_good_004737.bmp,,0,True,ad8b78c8d288591f749142e179434146af367a295af56f2e801bdc5065d55749,512,512,,,,,,,,,
test,SL9,ydfid/SL9/test/good/ydfid_good_004738.bmp,,0,True,22b374eb25cb252e190d4067ce946924868b59dea2e0f11be214d959d4c7958c,512,512,,,,,,,,,
test,SL9,ydfid/SL9/test/good/ydfid_good_004739.bmp,,0,True,86597a3f3c39cdd2104efc9bcef2eb96547d382774817b12ba8dcb825a6d9bbd,512,512,,,,,,,,,
test,SL9,ydfid/SL9/test/good/ydfid_good_004740.bmp,,0,True,c57330f81220e3eea2b68bf5f5cd13ddb986822723596e5989f93cd77ef2a460,512,512,,,,,,,,,
test,SL9,ydfid/SL9/test/good/ydfid_good_004741.bmp,,0,True,d2e2b1d32d5fdc289c43eb872424a7e170e46c912e5ff8512b89c6d6a1a0c13b,512,512,,,,,,,,,
test,SL9,ydfid/SL9/test/good/ydfid_good_004742.bmp,,0,True,d492877fb8dd4170e122c340924907954348e7ba784824e87a3c9df103d932c5,512,512,,,,,,,,,
test,SL9,ydfid/SL9/test/good/ydfid_good_004743.bmp,,0,True,a15ee46034e3451fb9deb4a6ea299693126dc0228570ce8828a44aa379c82fff,512,512,,,,,,,,,
test,SL9,ydfid/SL9/test/good/ydfid_good_004744.bmp,,0,True,20a27a7b90743f3a083940f0a2883d7cdf1eacadf0c6d84f8cfd13fb4a1044a7,512,512,,,,,,,,,
test,SL9,ydfid/SL9/test/good/ydfid_good_004745.bmp,,0,True,ae2dd549a867b0631a7523e72846d7368645da056f557e86a02848dec3c375fe,512,512,,,,,,,,,
test,SL9,ydfid/SL9/test/good/ydfid_good_004746.bmp,,0,True,85f8b400bf7d0289b0fe1b0f7fbd2f1039d38f2515c4ad60072fe797fe494de0,512,512,,,,,,,,,
test,SL9,ydfid/SL9/test/good/ydfid_good_004747.bmp,,0,True,e02aa1e5d4b6c33cd6f780b52d44225fd714b06c6f465739205143cb15dfe5b2,512,512,,,,,,,,,
test,SL9,ydfid/SL9/test/good/ydfid_good_004748.bmp,,0,True,85241c6e8f3d8293d7931c59927512e3cc63c345b944e12dd2898ec498b4b752,512,512,,,,,,,,,
test,SL9,ydfid/SL9/test/good/ydfid_good_004749.bmp,,0,True,66389fff057b324b4546c360af16edc9f939ce2de4a6d74aee7b3cb5bcfdc0bf,512,512,,,,,,,,,
test,SL9,ydfid/SL9/test/good/ydfid_good_004750.bmp,,0,True,b3de5e7cc91839d20807ef4634020ed9cafff6083e3058fa3dfd5f7774af6042,512,512,,,,,,,,,
test,SL9,ydfid/SL9/test/good/ydfid_good_004751.bmp,,0,True,fb208a5027a582ab4f114d48c84bb6bf5de84a40d49c8fb27e1080bf005cd9fe,512,512,,,,,,,,,
test,SL9,ydfid/SL9/test/good/ydfid_good_004752.bmp,,0,True,77e2ce898006e124dcb1572c5813fc674c1b315f850c3128a20c89e5fae820b9,512,512,,,,,,,,,
test,SL9,ydfid/SL9/test/good/ydfid_good_004753.bmp,,0,True,d9528df1e453f2db1d82801ce6b7119851434b08c7a3f17996ca7a3e48433478,512,512,,,,,,,,,
test,SL9,ydfid/SL9/test/good/ydfid_good_004754.bmp,,0,True,6b0d59909edba02c3cc2952abdd258f6ed415d0d8c6532701ab973814eec2cd7,512,512,,,,,,,,,
test,SL9,ydfid/SL9/test/good/ydfid_good_004755.bmp,,0,True,8f8502dc51f27d58f9412b2d97f92003796609e1c0c790e8fe8707f0637f7b26,512,512,,,,,,,,,
test,SL9,ydfid/SL9/test/good/ydfid_good_004756.bmp,,0,True,3f18f45c77e30ec6f272f0bdc113e40afb40bc1f5a0eab08e7d80e642e66c3ab,512,512,,,,,,,,,
test,SL9,ydfid/SL9/test/good/ydfid_good_004757.bmp,,0,True,1b87f1ffa6e581ab93514384e40d5bd53a8c182ddd2de5ceac51014f0690108b,512,512,,,,,,,,,
test,SL9,ydfid/SL9/test/good/ydfid_good_004758.bmp,,0,True,7094ed6f400ee4781cfbae85f39b9bb7a820dde589495141b6cd4360dbc918be,512,512,,,,,,,,,
test,SL9,ydfid/SL9/test/good/ydfid_good_004759.bmp,,0,True,7bff6ffbf95a6a55a5e5402c5c39c381e6777765bbe8e79884db0e47feda56c3,512,512,,,,,,,,,
test,SL9,ydfid/SL9/test/good/ydfid_good_004760.bmp,,0,True,ce18632700260230566a2738731ca2388648852cbf1cb5f2354cd7c1c9316634,512,512,,,,,,,,,
test,SL9,ydfid/SL9/test/good/ydfid_good_004761.bmp,,0,True,af7ef604b4740b8e3bc41314d81118646796deab98e07a882ee22a91134c5a0e,512,512,,,,,,,,,
test,SL9,ydfid/SL9/test/good/ydfid_good_004762.bmp,,0,True,99e9d504ed4e01eb9269908970afa77fe22d64588ac076ff05ab116d3c2dcffc,512,512,,,,,,,,,
test,SL9,ydfid/SL9/test/good/ydfid_good_004763.bmp,,0,True,c99b9f0e118e3e1a715d953ba152c1b703b5017c87a6341d36cb3d6a92820579,512,512,,,,,,,,,
test,SL9,ydfid/SL9/test/good/ydfid_good_004764.bmp,,0,True,db138a9c12dca48fee3ad2c541e7ca171f475af0974ad8f57c04eafa76b6b0c3,512,512,,,,,,,,,
test,SL9,ydfid/SL9/test/good/ydfid_good_004765.bmp,,0,True,7c072e4b79f69d6dda651dd68a763e8d5e04a61e6f753de95a8481d38618010a,512,512,,,,,,,,,
test,SL9,ydfid/SL9/test/good/ydfid_good_004766.bmp,,0,True,2edbb29b6b2d1037260fb011389afb4fafd606debf30b82ff63c70f1c82d0a2b,512,512,,,,,,,,,
test,SL9,ydfid/SL9/test/good/ydfid_good_004767.bmp,,0,True,ead1449c8a23a86c6003aa25ce68d73dfb58a8691a83e9ae4e31e60be85034f1,512,512,,,,,,,,,
test,SL9,ydfid/SL9/test/good/ydfid_good_004768.bmp,,0,True,9cf0cb21a117b644fab81cd88eebecb1eeba2a9a2c266e49accf04152991c220,512,512,,,,,,,,,
test,SL9,ydfid/SL9/test/good/ydfid_good_004769.bmp,,0,True,e4365e8efff748ebae84e2fecea4fb23398063fa7d610eafbbf6a052ffcb91b9,512,512,,,,,,,,,
test,SL9,ydfid/SL9/test/good/ydfid_good_004770.bmp,,0,True,5f271c185837e759db412a9b7841919adf59e9304c759cbaa321ec37afca9636,512,512,,,,,,,,,
test,SL9,ydfid/SL9/test/good/ydfid_good_004771.bmp,,0,True,47a22b088d1ae1f673a6514dad325eca85f3b2f40b10e395b310257bbecf4090,512,512,,,,,,,,,
test,SL9,ydfid/SL9/test/good/ydfid_good_004772.bmp,,0,True,6e6e852111429fb691062140ed4fcccf94924d839f6875b5f8fb4b598baf2825,512,512,,,,,,,,,
test,SL9,ydfid/SL9/test/good/ydfid_good_004773.bmp,,0,True,80f98056e9d48eb10a5edeb8068f6adbb8ad59bb34d74ba51a4ef12430488794,512,512,,,,,,,,,
test,SL9,ydfid/SL9/test/good/ydfid_good_004774.bmp,,0,True,eddc4536e5e53652cf72f7e33d1cd0de8aea9f3c46af8d32110a928093adaf88,512,512,,,,,,,,,
test,SL9,ydfid/SL9/test/good/ydfid_good_004775.bmp,,0,True,537a1b49975a461fe849facba5f8ebdadb83085f664293a9168602cbd6e56290,512,512,,,,,,,,,
test,SL9,ydfid/SL9/test/good/ydfid_good_004776.bmp,,0,True,138a7b87c2d3126787e5aaa84eee73c3608ec2cbcc0ed3de8c068dd2deef6f05,512,512,,,,,,,,,
test,SL9,ydfid/SL9/test/good/ydfid_good_004777.bmp,,0,True,f94df97d1a943757b639c2f764d62deaf977202cbff68e4b3caad7d34f289c90,512,512,,,,,,,,,
test,SL9,ydfid/SL9/test/good/ydfid_good_004778.bmp,,0,True,9a733db9a135f0019e32e27f971dcd842234c16ec2d9cbc2bd686af1c665cb1e,512,512,,,,,,,,,
test,SL9,ydfid/SL9/test/good/ydfid_good_004779.bmp,,0,True,f7c78ccd9440bb4e4f5a94c00d9a64b3009500c144d485a8dcfcfe255b209f0a,512,512,,,,,,,,,
test,SL9,ydfid/SL9/test/good/ydfid_good_004780.bmp,,0,True,843f5445c7428f9133bbe0e882bc8ae76039ac56949c245ab393f6f33f3f19d4,512,512,,,,,,,,,
test,SL9,ydfid/SL9/test/good/ydfid_good_004781.bmp,,0,True,f49e4f8125190483dbee59fe307e42aad92cd48ca3efabbe70fdb8cb24f8a0d9,512,512,,,,,,,,,
test,SL9,ydfid/SL9/test/good/ydfid_good_004782.bmp,,0,True,2f18461a372e948b58a84b895ffc9ded2d2b90121358a5d587853bdb54a16c9c,512,512,,,,,,,,,
test,SL9,ydfid/SL9/test/good/ydfid_good_004783.bmp,,0,True,c44f3949360023786e3f291c128f37edf90d3aa5b4e7beba092eb7faa0dc434e,512,512,,,,,,,,,
test,SL9,ydfid/SL9/test/good/ydfid_good_004784.bmp,,0,True,17b2c8076018ee11118ba3c9bff71355213359e9096585913b881654a405d17e,512,512,,,,,,,,,
test,SL9,ydfid/SL9/test/good/ydfid_good_004785.bmp,,0,True,ca6f0b99526657073bc12428ee5cac76aef7923332bb747b1ae1e39c47059ef7,512,512,,,,,,,,,
test,SL9,ydfid/SL9/test/good/ydfid_good_004786.bmp,,0,True,d262815a093ad0ba676fba5ee916a304003cb919929b7b540dd254f955c97b64,512,512,,,,,,,,,
test,SL9,ydfid/SL9/test/good/ydfid_good_004787.bmp,,0,True,614ce1ff7a78e38d5c2b5b2cfa3c648fbd87d9682b5fd09953e32516b6908efc,512,512,,,,,,,,,
test,SL9,ydfid/SL9/test/good/ydfid_good_004788.bmp,,0,True,783471a7f7c3338631c819fe91f1ed788691a2f005c2dc6bdb6850f10a3a4f74,512,512,,,,,,,,,
test,SL9,ydfid/SL9/test/good/ydfid_good_004789.bmp,,0,True,66f00bae74392c3708892f51aed68a3d41dcdc9f4f4ad01f74e474e4cb8b9fca,512,512,,,,,,,,,
test,SL9,ydfid/SL9/test/good/ydfid_good_004790.bmp,,0,True,3965788568774778025124494d7914fc1f3ea5013a60cdaef787629fa4762bab,512,512,,,,,,,,,
test,SL9,ydfid/SL9/test/good/ydfid_good_004791.bmp,,0,True,ecda83f11c2f5a819cfb3f53d9d6800e50c43a59a8008ebee2362ed4b07c443e,512,512,,,,,,,,,
test,SL9,ydfid/SL9/test/good/ydfid_good_004792.bmp,,0,True,4c820e614225a645f6cbf6aa99c47b974531d31bc5883e995dddae40bf7c2514,512,512,,,,,,,,,
test,SL9,ydfid/SL9/test/good/ydfid_good_004793.bmp,,0,True,4793470ad1ed836406a9a1514cc4fdb8b886d1bf113a7224c00e91187768f843,512,512,,,,,,,,,
test,SL9,ydfid/SL9/test/good/ydfid_good_004794.bmp,,0,True,8f83dbefd09ed712e9a341b0b074e3ab21612485e4d18450ac71cede31cdf0be,512,512,,,,,,,,,
test,SL9,ydfid/SL9/test/good/ydfid_good_004795.bmp,,0,True,c602dfbff13d2b297f2a13ad8e088c883d2ef535599b1f55b8a7b987f42eaa47,512,512,,,,,,,,,
test,SL9,ydfid/SL9/test/good/ydfid_good_004796.bmp,,0,True,c37dc6de7e28c7ef55246b886e141df0f9a3f5ff7a742aa78664d26ef849a7a7,512,512,,,,,,,,,
test,SL9,ydfid/SL9/test/good/ydfid_good_004797.bmp,,0,True,1f2be9bc48222c5c2726962dfb108d6037d1695331968a25a013ff752d585abc,512,512,,,,,,,,,
test,SL9,ydfid/SL9/test/good/ydfid_good_004798.bmp,,0,True,7c78c5f5ee51895608aba706cb2b355d70032e3ed92335815d99d2b24ca5e619,512,512,,,,,,,,,
test,SL9,ydfid/SL9/test/good/ydfid_good_004799.bmp,,0,True,7887a93304cbc7117dd05fa8db4a2298bf906b89144bd8dc01ac6f7d7b846919,512,512,,,,,,,,,
test,SL9,ydfid/SL9/test/good/ydfid_good_004800.bmp,,0,True,22e1e4c5dcac0a15c22b8aebcacdb62ede57f9a9d58886c3778f87218ef9649d,512,512,,,,,,,,,
test,SL9,ydfid/SL9/test/good/ydfid_good_004801.bmp,,0,True,cb8bbe024ce14209f5f1b9f448d00c3241686d237d0b36e25add97a0d43d3a83,512,512,,,,,,,,,
test,SL9,ydfid/SL9/test/good/ydfid_good_004802.bmp,,0,True,33d228e3519318c9444da6dd63b6e589168bfb35f0f55303c2d7ffb3ca5d164e,512,512,,,,,,,,,
test,SL9,ydfid/SL9/test/good/ydfid_good_004803.bmp,,0,True,16412a48f82e3b1fe178f0323d4a0cda356c2ce72f6768d971b7146d614d1861,512,512,,,,,,,,,
test,SL9,ydfid/SL9/test/good/ydfid_good_004804.bmp,,0,True,d9b48100318afc13e2cdb34abfe0aac3eaeec2d232e915ccf39e0b5f4edd2b28,512,512,,,,,,,,,
test,SL9,ydfid/SL9/test/good/ydfid_good_004805.bmp,,0,True,9abb41870c4de8299efd1b3a91ee35ea88602da66b4133ecdf52e20a3576c09c,512,512,,,,,,,,,
test,SL9,ydfid/SL9/test/good/ydfid_good_004806.bmp,,0,True,82893eaa68b29a0a904ec0fe91d2cb2f71fb470246be93ee42977413c9126976,512,512,,,,,,,,,
test,SL9,ydfid/SL9/test/good/ydfid_good_004807.bmp,,0,True,4561fb6b82eded47a486e765a1a2e4875c976fdeca2e9127a55c27168f39c652,512,512,,,,,,,,,
test,SL9,ydfid/SL9/test/good/ydfid_good_004808.bmp,,0,True,9a1a5c71113c7e8178ff9b6bfa89b4778bfd3c6f85c4669add704f9f66395a63,512,512,,,,,,,,,
test,SL9,ydfid/SL9/test/good/ydfid_good_004809.bmp,,0,True,a8908f5149bb7fd3f3ac815d62ef56661aeb6b43b522a4d208baaf7aa3d8cb15,512,512,,,,,,,,,
test,SL9,ydfid/SL9/test/good/ydfid_good_004810.bmp,,0,True,5af00ac6695fcaacf2a7777d833625902b4bbd7d763df6a093747fa003cc2a01,512,512,,,,,,,,,
test,SL9,ydfid/SL9/test/good/ydfid_good_004811.bmp,,0,True,f08f3baae412c74be763b41dd569781f809a15a12331feb656a3b54b276d0387,512,512,,,,,,,,,
test,SL9,ydfid/SL9/test/good/ydfid_good_004812.bmp,,0,True,1b15f588379668ea1fea84b523972da1baff7e3c998f138d7a28f7398f0cc51b,512,512,,,,,,,,,
test,SL9,ydfid/SL9/test/good/ydfid_good_004813.bmp,,0,True,eb5db41c7ae935773fda0825b09b9c0b8d73401a68f07f10ea94d5e2d3d25a7d,512,512,,,,,,,,,
test,SL9,ydfid/SL9/test/good/ydfid_good_004814.bmp,,0,True,a7d4b8d87bd4b6e97efaaee824778aaddf28f48b9e65f51f4208550624a6ffe7,512,512,,,,,,,,,
test,SL9,ydfid/SL9/test/good/ydfid_good_004815.bmp,,0,True,9520908f71ef2b5456b014a82a3d3591444f27c08209562b65bfc744e746b331,512,512,,,,,,,,,
test,SL9,ydfid/SL9/test/good/ydfid_good_004816.bmp,,0,True,b6fca7c50836ab3d7e1675925ad2e0a5e2af917be60991c9547fc32d91491664,512,512,,,,,,,,,
test,SL9,ydfid/SL9/test/good/ydfid_good_004817.bmp,,0,True,d6c54899e6b6d2d3574c2277e526939c69010fcb2bddbec7959aac359375a491,512,512,,,,,,,,,
test,SL9,ydfid/SL9/test/good/ydfid_good_004818.bmp,,0,True,ccaa6daf4f758bc5b1e26110cb99c8f44da16a7e04c38b5e788c5a9d7573b695,512,512,,,,,,,,,
test,SL9,ydfid/SL9/test/good/ydfid_good_004819.bmp,,0,True,f1f7e68572fd6fee34e065f60a8ab12fdd808ecb29dab4394479bf7efa863137,512,512,,,,,,,,,
test,SL9,ydfid/SL9/test/good/ydfid_good_004820.bmp,,0,True,11eea6517cd51fd377d525bdafa3d7d8c2d834869f1e1dc4b2e9efbf63ad72c5,512,512,,,,,,,,,
test,SL9,ydfid/SL9/test/good/ydfid_good_004821.bmp,,0,True,87f61a9155776701b433ec0ea3e88260de810a9e43835c9ba76c28ab2e0ec4b0,512,512,,,,,,,,,
test,SL9,ydfid/SL9/test/good/ydfid_good_004822.bmp,,0,True,18d26fb80b45896afaa88cab1abc9cddd1252aab62d0309b7337a9dde2e2d476,512,512,,,,,,,,,
test,SL9,ydfid/SL9/test/good/ydfid_good_004823.bmp,,0,True,182c5b295b3d9b06d3192fdbbea3928e946de075b93fa9fa6ad9d11df1d85364,512,512,,,,,,,,,
test,SL9,ydfid/SL9/test/good/ydfid_good_004824.bmp,,0,True,1f4ae7f10ea4822719dce1a1899ed011c5d5421fad6f084a33f2193e41bef46f,512,512,,,,,,,,,
test,SL9,ydfid/SL9/test/good/ydfid_good_004825.bmp,,0,True,c87c2faef3476b28ec661c2717835c50b57c47dff0ae776a50eb6e9581f97d25,512,512,,,,,,,,,
test,SL9,ydfid/SL9/test/good/ydfid_good_004826.bmp,,0,True,38093fcc568f64c4098626972f1dd7011cc8ec473c66ec09d43fee9d8e8e50d3,512,512,,,,,,,,,
test,SL9,ydfid/SL9/test/good/ydfid_good_004827.bmp,,0,True,6314a756f387955f7b0e86f2c08b142dcf5781fd1465b8841645a2ddbfbb8798,512,512,,,,,,,,,
test,SL9,ydfid/SL9/test/good/ydfid_good_004828.bmp,,0,True,6692f455cfb8cd7ea891de16eebfbe6e6334884a9fd6d3c016af388fd94e60a8,512,512,,,,,,,,,
test,SL9,ydfid/SL9/test/good/ydfid_good_004829.bmp,,0,True,cfe7871cc17cb4a6fb29c977586492706bd9829542fae5b49d2ef1b33eb552cd,512,512,,,,,,,,,
test,SL9,ydfid/SL9/test/good/ydfid_good_004830.bmp,,0,True,7ffe009f559ed1d4cc110eb30137fe48e16508bcca97a243891e09f662795c00,512,512,,,,,,,,,
test,SL9,ydfid/SL9/test/good/ydfid_good_004831.bmp,,0,True,8d1d15546f058da23ae8abea29c667ba427f30126d26fbd0b71697458dc93386,512,512,,,,,,,,,
test,SL9,ydfid/SL9/test/good/ydfid_good_004832.bmp,,0,True,54f0ca1f1f99f20d06cff75fb9c714cbff8f9726398d41d23e4e74eef2b73ffb,512,512,,,,,,,,,
test,SL9,ydfid/SL9/test/good/ydfid_good_004833.bmp,,0,True,d1510e88e502c6e42c6f6738fea8bcd831b4cd381715033142f6a2c11ebc1e0b,512,512,,,,,,,,,
test,SL9,ydfid/SL9/test/good/ydfid_good_004834.bmp,,0,True,83a3a5fd684d82b05f4820006f9d603f3c0740fe5748c032697a4655cd096350,512,512,,,,,,,,,
test,SL9,ydfid/SL9/test/good/ydfid_good_004835.bmp,,0,True,1aae51e5641569c1b0fe7b6e5faf9867f51287dab80756e6d72c8a36ca6ae062,512,512,,,,,,,,,
test,SL9,ydfid/SL9/test/good/ydfid_good_004836.bmp,,0,True,b6645a46ad70b246dd34768fbd4808b29c88d7c78a9c6c2f03b5fd9763cf796c,512,512,,,,,,,,,
test,SL9,ydfid/SL9/test/good/ydfid_good_004837.bmp,,0,True,6a37f0b9eb05a1fa129c85add7b9bd1e0b125b3427e6b18eb14436b47a341cbd,512,512,,,,,,,,,
test,SL9,ydfid/SL9/test/good/ydfid_good_004838.bmp,,0,True,f356dcf68d55f3377f430ce4993dd9ad91be1e3070977262754786630d86a543,512,512,,,,,,,,,
test,SL9,ydfid/SL9/test/good/ydfid_good_004839.bmp,,0,True,5ac1910e5afb7a7e967f319ddf34ccd7bd2e893cecbd0f58d4bc2783679b2cad,512,512,,,,,,,,,
test,SL9,ydfid/SL9/test/good/ydfid_good_004840.bmp,,0,True,2f375381c95cf0dfa7506d70ef0ff0712880ab470c8db2ff3cb4cef845dd12dd,512,512,,,,,,,,,
test,SL9,ydfid/SL9/test/good/ydfid_good_004841.bmp,,0,True,cb49db8bb59b8c607c8065b67668b72e2d9f6065999aaed5e781ff7a24706fc9,512,512,,,,,,,,,
test,SL9,ydfid/SL9/test/good/ydfid_good_004842.bmp,,0,True,a1e8663db1108b058fc8b67f74ea743ae55b54bc3b8fffdde873b8bb09f9df86,512,512,,,,,,,,,
test,SL9,ydfid/SL9/test/good/ydfid_good_004843.bmp,,0,True,2a6481f5acb22e75906636f417d7e446d1609441ab2f27dac03924fec3933086,512,512,,,,,,,,,
test,SL9,ydfid/SL9/test/good/ydfid_good_004844.bmp,,0,True,9f795177dc4211f8792e470bd1c2b47bfcae588a75a59a58b8107c8430c235f2,512,512,,,,,,,,,
test,SL9,ydfid/SL9/test/good/ydfid_good_004845.bmp,,0,True,5d0317de66779dc0566a965d8ecddd51f337261242bbcb21a27e1abe1c293b65,512,512,,,,,,,,,
test,SL9,ydfid/SL9/test/good/ydfid_good_004846.bmp,,0,True,2e6a0e2f9bbebc6025595cfb905e2a2904c103d30befb9af9a5cb73966e995bd,512,512,,,,,,,,,
test,SL9,ydfid/SL9/test/good/ydfid_good_004847.bmp,,0,True,8db627eeff71fdd4765bf136d6c76b15e1b2168f9d8937efac4c787a4f22700c,512,512,,,,,,,,,
test,SL9,ydfid/SL9/test/good/ydfid_good_004848.bmp,,0,True,2ce33b48974e2f3a30bd8277f71f4023faa65503702d3156c3427b1cd63d9988,512,512,,,,,,,,,
test,SL9,ydfid/SL9/test/good/ydfid_good_004849.bmp,,0,True,f2aa5767402c77672bcc320058f309e127c4ea4a0cf4d2455d9fc97df6295ba7,512,512,,,,,,,,,
test,SL9,ydfid/SL9/test/good/ydfid_good_004850.bmp,,0,True,241b49f5ddc6344cb561e3707ea56628c04b220488e79d498671e18f5a2ff962,512,512,,,,,,,,,
test,SL9,ydfid/SL9/test/good/ydfid_good_004851.bmp,,0,True,a159c862b9bc9ceacc535aa785afa297dd10fd73c6b3764fa3e9f0c857fb0dfc,512,512,,,,,,,,,
test,SL9,ydfid/SL9/test/good/ydfid_good_004852.bmp,,0,True,6061c6e8e3749ed320fcda19bf1e2c39b0d8e5c9f3570afc99a531c4c5dfcd84,512,512,,,,,,,,,
test,SL9,ydfid/SL9/test/good/ydfid_good_004853.bmp,,0,True,368297c0fee96ca4b43bc3ed5d4826a8d2fdf5e74d8ea5187fa1e1964ecca340,512,512,,,,,,,,,
test,SL9,ydfid/SL9/test/good/ydfid_good_004854.bmp,,0,True,94e095ade5a560b9b8e393734a757c7afe13f79fc31257aa429b34810f8a1b2c,512,512,,,,,,,,,
test,SL9,ydfid/SL9/test/good/ydfid_good_004855.bmp,,0,True,1b83031576974130e30cf6cbadf8a2f96136aaf66d909714a46cab73740992dd,512,512,,,,,,,,,
test,SL9,ydfid/SL9/test/good/ydfid_good_004856.bmp,,0,True,58733b2f8f3e5b1feae046451d1c2078f193e1f1133185c664f351a09915e966,512,512,,,,,,,,,
test,SL9,ydfid/SL9/test/good/ydfid_good_004857.bmp,,0,True,ef7487e82c9b9899fff80057bc5a3f4cb62c3a9d777d7c6342542a01f4578349,512,512,,,,,,,,,
test,SL9,ydfid/SL9/test/good/ydfid_good_004858.bmp,,0,True,8608732179d102b1ede373b84de724743e3285a0b6f6e45b14b045bbd06b47a2,512,512,,,,,,,,,
test,SL9,ydfid/SL9/test/good/ydfid_good_004859.bmp,,0,True,d6426654ae9cac31828dd477a30e0cae83ce3903bf89661f0876215f514a0043,512,512,,,,,,,,,
test,SL9,ydfid/SL9/test/good/ydfid_good_004860.bmp,,0,True,16116ec4c870b6fb9c4af856c40ba720b0fd8587406f1c212ce3e95e74d24b3a,512,512,,,,,,,,,
test,SL9,ydfid/SL9/test/good/ydfid_good_004861.bmp,,0,True,729b0d965f77d3cdfe9041e53ac812158b7f3febe26a4b5536450308b7385e17,512,512,,,,,,,,,
test,SL9,ydfid/SL9/test/good/ydfid_good_004862.bmp,,0,True,04ed7421dd870a60092b3b8167c88d41bd875e8666fdce02f488da46725abb52,512,512,,,,,,,,,
test,SL9,ydfid/SL9/test/good/ydfid_good_004863.bmp,,0,True,1212c2a5cdc8f12ad08f8d22eec40e33f0b2847174131dd2dedfa0d36af43c2f,512,512,,,,,,,,,
test,SL9,ydfid/SL9/test/good/ydfid_good_004864.bmp,,0,True,a631d32e46c983959c1aebc6e652cee83f81fc07a88caa7b0b9a8756b60c82b9,512,512,,,,,,,,,
test,SL9,ydfid/SL9/test/good/ydfid_good_004865.bmp,,0,True,969956332c5199961860e5677779432d425a4073bae0a0a7d3c49e4473b36648,512,512,,,,,,,,,
test,SL9,ydfid/SL9/test/good/ydfid_good_004866.bmp,,0,True,4453f0819ee28cc0aa65cd4e86144662a5b13f91eb238a5cf9ad013e8a96c04d,512,512,,,,,,,,,
test,SL9,ydfid/SL9/test/good/ydfid_good_004867.bmp,,0,True,9ca6fbf6da15e72b8adf73e6382bbb0e2fa7fada0140b33fa9e560d65440fd10,512,512,,,,,,,,,
test,SL9,ydfid/SL9/test/good/ydfid_good_004868.bmp,,0,True,51a0dbdcf80f46757eba140a4e1ac2ff9d6895597040724b503f8f22cd458249,512,512,,,,,,,,,
test,SL9,ydfid/SL9/test/good/ydfid_good_004869.bmp,,0,True,18e539e599cf224d90675d6c0ccb5f961f42c61f7400e863cb06a1903ddf8712,512,512,,,,,,,,,
test,SL9,ydfid/SL9/test/good/ydfid_good_004870.bmp,,0,True,462cd20558c567e9d730478d4276365e9330146da506f7a4574d8e807be18e7c,512,512,,,,,,,,,
test,SL9,ydfid/SL9/test/good/ydfid_good_004871.bmp,,0,True,fe740eb809fa0d5fde40144b25879e4647ac009cc3640f14428039db2371818f,512,512,,,,,,,,,
test,SL9,ydfid/SL9/test/good/ydfid_good_004872.bmp,,0,True,f43e8f4a332137ccb098b6e2d4190465e95dbb090038c4471b841ce839b27885,512,512,,,,,,,,,
test,SL9,ydfid/SL9/test/good/ydfid_good_004873.bmp,,0,True,2d0d92f0de00cadaac378b959bdf39699e486168ea80a2336804cfe5ebf417fb,512,512,,,,,,,,,
test,SL9,ydfid/SL9/test/good/ydfid_good_004874.bmp,,0,True,87f21ed9ade54c154648143fd1094efe6de4bab101cca1a854f6a9cb2f222132,512,512,,,,,,,,,
test,SL9,ydfid/SL9/test/good/ydfid_good_004875.bmp,,0,True,395adb0716a12266be11040703a0319caacdd31bc7ceb89868151feb2987257d,512,512,,,,,,,,,
test,SL9,ydfid/SL9/test/good/ydfid_good_004876.bmp,,0,True,3bc1b7dc56cc5c81d582b97c01f9f0b2074904c5f4ecebb793a43a88bf5bbaef,512,512,,,,,,,,,
test,SL9,ydfid/SL9/test/good/ydfid_good_004877.bmp,,0,True,94e5dbd306d4d0a654cce483111757bb3391f1c62bab3360715f86a6dc97293e,512,512,,,,,,,,,
test,SL9,ydfid/SL9/test/good/ydfid_good_004878.bmp,,0,True,184ca002bf9a25fbf6e9c91f2e9f40b2b6cd2258d7e15741926e6735416aabe6,512,512,,,,,,,,,
test,SL9,ydfid/SL9/test/good/ydfid_good_004879.bmp,,0,True,6c0de68561731e31152410b7c63b46babbc398bc9b34648f93fe6dc25723c542,512,512,,,,,,,,,
test,SL9,ydfid/SL9/test/good/ydfid_good_004880.bmp,,0,True,2c3a7fe4da66fd14ba8cd8a9dcf10242b6e451ccd44058f7486be866851d4663,512,512,,,,,,,,,
test,SL9,ydfid/SL9/test/good/ydfid_good_004881.bmp,,0,True,0db1983bc4f5c2ad22752e28e9be9a92c11f45b053d2a55ba5c5dd444ab93a8c,512,512,,,,,,,,,
test,SL9,ydfid/SL9/test/good/ydfid_good_004882.bmp,,0,True,1714b4e424c9a3e13bd24623d840d8a1d4be2f0812d9b96fa59b3e8eac3796d6,512,512,,,,,,,,,
test,SL9,ydfid/SL9/test/good/ydfid_good_004883.bmp,,0,True,405b5dc7545a82605d0234412d66b1f3be596f32cb0e71699ddfe7ec17519b6a,512,512,,,,,,,,,
test,SL9,ydfid/SL9/test/good/ydfid_good_004884.bmp,,0,True,157e3c512a8ca78cdee54b90ea131db6e5a4f731ac2fdf8de0acfd457a645b16,512,512,,,,,,,,,
test,SL9,ydfid/SL9/test/good/ydfid_good_004885.bmp,,0,True,0afa7d718f07ff456b4475d889e6106aa8e4784ae4047202fa3ff50fdf4dfb48,512,512,,,,,,,,,
test,SL9,ydfid/SL9/test/good/ydfid_good_004886.bmp,,0,True,f6caf2fad52f4c15869f5a4b7a97b9902a0d5d8975e4168ee1f7abba2b753189,512,512,,,,,,,,,
test,SL9,ydfid/SL9/test/good/ydfid_good_004887.bmp,,0,True,7ced22203882fc55bd103b136db8ea66b549954abc21db6b818a64797ea0e1a1,512,512,,,,,,,,,
test,SL9,ydfid/SL9/test/good/ydfid_good_004888.bmp,,0,True,addb89a315500a95503d99bb9ea06888d46a49e4b78203a1b931fd3d259e20ff,512,512,,,,,,,,,
test,SL9,ydfid/SL9/test/good/ydfid_good_004889.bmp,,0,True,ca86b4aa9d1b872309ec10c929f3fa49f1e02851a7aff0d7240603db7204a8aa,512,512,,,,,,,,,
test,SL9,ydfid/SL9/test/good/ydfid_good_004890.bmp,,0,True,b35cf19a1dbd4155b9457cb27109aefc1fa2885e2e75f9eeff63d525db4ea5e6,512,512,,,,,,,,,
test,SL9,ydfid/SL9/test/good/ydfid_good_004891.bmp,,0,True,a7716f62ef69a4e9fd31047f808e2a40758c014ccade38b4f8933542191c3ec7,512,512,,,,,,,,,
test,SL9,ydfid/SL9/test/good/ydfid_good_004892.bmp,,0,True,bf96236106497450792e983044751bb6234f2e32aeb79e92398c27c692ce929a,512,512,,,,,,,,,
test,SL9,ydfid/SL9/test/good/ydfid_good_004893.bmp,,0,True,c7d3445b19d4b955ad6f7be05d1661e5215b3246d0f103cea8a88cecc2dc3a4a,512,512,,,,,,,,,
test,SL9,ydfid/SL9/test/good/ydfid_good_004894.bmp,,0,True,831f09081af56ce34c62714af5ea7282a3da7b93a083b6ae3e4425569a88ba0a,512,512,,,,,,,,,
test,SL9,ydfid/SL9/test/good/ydfid_good_004895.bmp,,0,True,1dd4f62bf53205cf94e3274091f20afc8d47e0d95f96a61a86c8f1e73f2be3d5,512,512,,,,,,,,,
test,SL9,ydfid/SL9/test/good/ydfid_good_004896.bmp,,0,True,d544a730f2c13ca2f8b8c10c1d07f94916aad3463e6f2af48a6b225605ddb839,512,512,,,,,,,,,
test,SL9,ydfid/SL9/test/good/ydfid_good_004897.bmp,,0,True,0727b4dda0e73be3eea344e185f759d48eb765f7315353abf2377eed8217f1dc,512,512,,,,,,,,,
test,SL9,ydfid/SL9/test/good/ydfid_good_004898.bmp,,0,True,33c18e269614e8e008198c82aef8d7740becba11a0ead6e80994f76c2c9e19da,512,512,,,,,,,,,
test,SL9,ydfid/SL9/test/good/ydfid_good_004899.bmp,,0,True,7acdb5a70c5cfc0857ac425fca2c95698d0f520d20fa332ac88c3ba7d2e10d39,512,512,,,,,,,,,
test,SL9,ydfid/SL9/test/good/ydfid_good_004900.bmp,,0,True,7d8c5287efcebc3d47b629d7ba000d66aeb48c3caa2325b4c7a4d2d326031e03,512,512,,,,,,,,,
test,SL9,ydfid/SL9/test/good/ydfid_good_004901.bmp,,0,True,f33cf41a8bd4325f69fdd4b9f48dba30ff7dec5c6e6f65499df01a88c35b7ebc,512,512,,,,,,,,,
test,SL9,ydfid/SL9/test/good/ydfid_good_004902.bmp,,0,True,049babe456b798abc91bd10634efc0ee10b4ba5b8889080cfe02116607f092a1,512,512,,,,,,,,,
test,SL9,ydfid/SL9/test/good/ydfid_good_004903.bmp,,0,True,301a652e83e3c7a227e410e477c828609caecb15d07d027731bcad4de0e53614,512,512,,,,,,,,,
test,SL9,ydfid/SL9/test/good/ydfid_good_004904.bmp,,0,True,beac8a6735a19765008e29c63adf22a0f896c0b952730dbc8540137b9f037fcc,512,512,,,,,,,,,
test,SL9,ydfid/SL9/test/good/ydfid_good_004905.bmp,,0,True,8af3854ebd71a59d7f9b8d0b8fb1083241b705d47ab4d9d6de98765269562f40,512,512,,,,,,,,,
test,SL9,ydfid/SL9/test/good/ydfid_good_004906.bmp,,0,True,5d23be335d61dbdedfb5900dc4d0c88d3ac772bd21e73c197dff4ca43c2e2879,512,512,,,,,,,,,
test,SL9,ydfid/SL9/test/good/ydfid_good_004907.bmp,,0,True,2cf8b8c857e5a7bf7594a93ea917240ea8cacf292ddce9f59aac0d69690365cf,512,512,,,,,,,,,
test,SL9,ydfid/SL9/test/good/ydfid_good_004908.bmp,,0,True,cea4ea1216fda40efdb17c630f723d888c098c29661723fc7bc861dc8d2194a3,512,512,,,,,,,,,
test,SL9,ydfid/SL9/test/good/ydfid_good_004909.bmp,,0,True,19add968d45c32cab9660ed7afeebb1a0d8135c1ffc4a4cb8b1cdf16e828d646,512,512,,,,,,,,,
test,SL9,ydfid/SL9/test/good/ydfid_good_004910.bmp,,0,True,dd4d3efc4555b5268024cadf3657b3250c2dd08964af1c9bf0d0674dd66d3956,512,512,,,,,,,,,
test,SL9,ydfid/SL9/test/good/ydfid_good_004911.bmp,,0,True,867d0ebf6b2db16754af75d69dae4d31d2b89642838eb05a44132f55cdd8d1ce,512,512,,,,,,,,,
test,SL9,ydfid/SL9/test/good/ydfid_good_004912.bmp,,0,True,fa1853f2dcb98db2d5bf7abe21b31e8036c7bdbfd838be15b24e37f9b0926b67,512,512,,,,,,,,,
test,SL9,ydfid/SL9/test/good/ydfid_good_004913.bmp,,0,True,5a2e47cf620d404a92a06d6f63d2a9b0b77fab608a6504fa12c65fbe18169c3c,512,512,,,,,,,,,
test,SL9,ydfid/SL9/test/good/ydfid_good_004914.bmp,,0,True,a6611344ea207ef9723ecc64b1c3f77c671ba0375ed16d36c1d7b16d7ddbc676,512,512,,,,,,,,,
test,SL9,ydfid/SL9/test/good/ydfid_good_004915.bmp,,0,True,6ae773f365c05418f66e46abf668c77b78de9c05fb17f4db35cd97786b40fd57,512,512,,,,,,,,,
test,SL9,ydfid/SL9/test/good/ydfid_good_004916.bmp,,0,True,a452ae54f811bc97b3d9707ea619fb3619c2246d4e3d336303b2dc19d7fba1d0,512,512,,,,,,,,,
test,SL9,ydfid/SL9/test/good/ydfid_good_004917.bmp,,0,True,5d41554ff737b7247c6ca6f0ffeaa8205093cf687d249354505ae2a7dbafe5c9,512,512,,,,,,,,,
test,SL9,ydfid/SL9/test/good/ydfid_good_004918.bmp,,0,True,698d62dc2f24ae166c9193cb20927eb7ba7c44f4d5b5a705c545aa2ba4c95c67,512,512,,,,,,,,,
test,SL9,ydfid/SL9/test/good/ydfid_good_004919.bmp,,0,True,5d8c00fe494b9af8ae7b2e3dd16b92e4b4183f3d215b2361c576778459927100,512,512,,,,,,,,,
test,SL9,ydfid/SL9/test/good/ydfid_good_004920.bmp,,0,True,484239b2764253efda3d6aa6f331b9d1ee31c2b838d25b9f93499c13a67a352c,512,512,,,,,,,,,
test,SL9,ydfid/SL9/test/good/ydfid_good_004921.bmp,,0,True,2a6a62a35dfc5dae264676424aaa43d4b44c266ee73536e21af12e17040dc841,512,512,,,,,,,,,
test,SL9,ydfid/SL9/test/good/ydfid_good_004922.bmp,,0,True,5ad339eb5dbe4cde315b681c29cceb006a927d990469ff203b39ce55cb289562,512,512,,,,,,,,,
test,SL9,ydfid/SL9/test/good/ydfid_good_004923.bmp,,0,True,aad9e77264766cb218bcf71d1a123dddbd4c5ce41fdbb19854fb50edbd64ddb6,512,512,,,,,,,,,
test,SL9,ydfid/SL9/test/good/ydfid_good_004924.bmp,,0,True,16704dedb44eaee969844b9c048ef22c326cdf8a9ed93bd229865c7de155ac99,512,512,,,,,,,,,
test,SL9,ydfid/SL9/test/good/ydfid_good_004925.bmp,,0,True,17801ec1af854a50947365917811dce2d809722ae1607f892ba7db7018f74d8a,512,512,,,,,,,,,
test,SL9,ydfid/SL9/test/good/ydfid_good_004926.bmp,,0,True,dc24c2ec7e2e81e4df0558b88d3fa6c42b45e8cdbebfcbdb9c51aa49ded7176d,512,512,,,,,,,,,
test,SL9,ydfid/SL9/test/good/ydfid_good_004927.bmp,,0,True,8ebfd1f66d146ae9ed00ad5c1b57f4f17d60c7b2e953d7f52fbf293506c84446,512,512,,,,,,,,,
test,SL9,ydfid/SL9/test/good/ydfid_good_004928.bmp,,0,True,e3370beb29c5be8e45792255bfddeb62ba39c0c72714678245cf015268b2d5d0,512,512,,,,,,,,,
test,SL9,ydfid/SL9/test/good/ydfid_good_004929.bmp,,0,True,0e9c57ea47736431be49fda5a801640d74036bb7a53223a8656ee1e2b6d0751a,512,512,,,,,,,,,
test,SL9,ydfid/SL9/test/good/ydfid_good_004930.bmp,,0,True,97280a226781cac3e4c48a605a4989e4e65ef10902a1840bb859cb58ce7b24a1,512,512,,,,,,,,,
test,SL9,ydfid/SL9/test/good/ydfid_good_004931.bmp,,0,True,56e3d65a6b76e0ff420cd6c48fc76f97ace4537633252f81d437a9eef2ac3598,512,512,,,,,,,,,
test,SL9,ydfid/SL9/test/good/ydfid_good_004932.bmp,,0,True,d5f8bf177921222ed66fa3ae136ccc3e1f178628f9b46b93ec6a7d40f771cd36,512,512,,,,,,,,,
test,SL9,ydfid/SL9/test/good/ydfid_good_004933.bmp,,0,True,b4331f4e977c2adcdb0b4ed42f9ded9d20a3c7ce5c7c193ad47f9190570633c4,512,512,,,,,,,,,
test,SL9,ydfid/SL9/test/good/ydfid_good_004934.bmp,,0,True,0de554d4d521611da664c4a1e5e3e8b304dc1d088bd560927a9e49bac3f4a8f3,512,512,,,,,,,,,
test,SL9,ydfid/SL9/test/good/ydfid_good_004935.bmp,,0,True,c3cd359c235a34da839d0371b1fb22cd7100d8ccea193d17269500293b7111a2,512,512,,,,,,,,,
test,SL9,ydfid/SL9/test/good/ydfid_good_004936.bmp,,0,True,4345096f703a7ceba1175d883e8309cf9c02fec8ac60ad9fbe52f329910c02d9,512,512,,,,,,,,,
test,SL9,ydfid/SL9/test/good/ydfid_good_004937.bmp,,0,True,98843e89f26ac8e0bb69b14b02267a3cc5111bf44b2daa3817a1afdbb6558762,512,512,,,,,,,,,
test,SP19,ydfid/SP19/test/anomaly/ydfid_defect_005253.bmp,ydfid/SP19/ground_truth/anomaly/ydfid_defect_005253.png,1,True,39ed20eac1dbd6a7e15d406e90908e03dc22f333169b37825def190fabe76ad6,512,512,True,512,512,0|255,2516,0.0095977783203125,42.66667,False,
test,SP19,ydfid/SP19/test/anomaly/ydfid_defect_005254.bmp,ydfid/SP19/ground_truth/anomaly/ydfid_defect_005254.png,1,True,a57d0fb3240df833ad4bbfba8bf99956b5d753644bf7e32328cce177fc67fced,512,512,True,512,512,0|255,4712,0.017974853515625,2.80952,False,
test,SP19,ydfid/SP19/test/anomaly/ydfid_defect_005255.bmp,ydfid/SP19/ground_truth/anomaly/ydfid_defect_005255.png,1,True,0289a32d115d2047be314419325297c82d741edc837a34621c30563f6707adda,512,512,True,512,512,0|255,16602,0.06333160400390625,1.20395,False,
test,SP19,ydfid/SP19/test/anomaly/ydfid_defect_005256.bmp,ydfid/SP19/ground_truth/anomaly/ydfid_defect_005256.png,1,True,af3150863f9d3579a9f4eaab0d7f8004e02ad5dc8fb9ad8ad59b24848313b79b,512,512,True,512,512,0|255,937,0.003574371337890625,12.81818,False,
test,SP19,ydfid/SP19/test/anomaly/ydfid_defect_005257.bmp,ydfid/SP19/ground_truth/anomaly/ydfid_defect_005257.png,1,True,74274ddf1994c8f28876cdfe58ef398f6d2f952b02f5ac36ec5d29f3035fd23c,512,512,True,512,512,0|255,3335,0.012722015380859375,20.48,False,
test,SP19,ydfid/SP19/test/anomaly/ydfid_defect_005258.bmp,ydfid/SP19/ground_truth/anomaly/ydfid_defect_005258.png,1,True,0464531de15aa1672a6d000788fa2459cc27436e0e479621281546b05a47ea9d,512,512,True,512,512,0|255,2348,0.0089569091796875,2.67188,False,
test,SP19,ydfid/SP19/test/anomaly/ydfid_defect_005259.bmp,ydfid/SP19/ground_truth/anomaly/ydfid_defect_005259.png,1,True,1ed99edc14f815626910f39bb16000c2018435faf498bf6fe05bd4ae9202ff49,512,512,True,512,512,0|255,3872,0.0147705078125,2.21645,False,
test,SP19,ydfid/SP19/test/anomaly/ydfid_defect_005260.bmp,ydfid/SP19/ground_truth/anomaly/ydfid_defect_005260.png,1,True,7f502ff69db1d0a0ce29544292d8d88d955e85a81c576d2e30e87d25cb3e4d19,512,512,True,512,512,0|255,3359,0.012813568115234375,16.51613,False,
test,SP19,ydfid/SP19/test/anomaly/ydfid_defect_005261.bmp,ydfid/SP19/ground_truth/anomaly/ydfid_defect_005261.png,1,True,841673a519d0e947b7f2a7117613607c42d11d87e89fb72fd41c03e761f0fd91,512,512,True,512,512,0|255,3303,0.012599945068359375,3.04762,False,
test,SP19,ydfid/SP19/test/anomaly/ydfid_defect_005262.bmp,ydfid/SP19/ground_truth/anomaly/ydfid_defect_005262.png,1,True,8bf413d3f48d2f437395613ab954235059a0470c75ad85105ccc5f3a2d05b2a0,512,512,True,512,512,0|255,3323,0.012676239013671875,30.11765,False,
test,SP19,ydfid/SP19/test/anomaly/ydfid_defect_005263.bmp,ydfid/SP19/ground_truth/anomaly/ydfid_defect_005263.png,1,True,ebad8065779be9f685c2911bce12b2ba2adf40c290004c21524fea759ba06fbb,512,512,True,512,512,0|255,7528,0.028717041015625,4.6,False,
test,SP19,ydfid/SP19/test/anomaly/ydfid_defect_005264.bmp,ydfid/SP19/ground_truth/anomaly/ydfid_defect_005264.png,1,True,02ddfe7f4fa3d9c2fc39520d7ecd29a817e5745180fd4ffedd3571af61fe9959,512,512,True,512,512,0|255,2232,0.008514404296875,24.41667,False,
test,SP19,ydfid/SP19/test/anomaly/ydfid_defect_005265.bmp,ydfid/SP19/ground_truth/anomaly/ydfid_defect_005265.png,1,True,6338695fd4e2390572782ae35bdf80ec9768962339de8892fcded9020c2f4a7e,512,512,True,512,512,0|255,9287,0.035427093505859375,3.90625,False,
test,SP19,ydfid/SP19/test/anomaly/ydfid_defect_005266.bmp,ydfid/SP19/ground_truth/anomaly/ydfid_defect_005266.png,1,True,a352f042871b4de8352b73194d88902f8d57b3a80dd37a3faad4db35124c2a54,512,512,True,512,512,0|255,19835,0.07566452026367188,1.43382,False,
test,SP19,ydfid/SP19/test/anomaly/ydfid_defect_005267.bmp,ydfid/SP19/ground_truth/anomaly/ydfid_defect_005267.png,1,True,403790f62c28a66a17d000518e2e946598bf968d1bf06576d1430d66f39d5f96,512,512,True,512,512,0|255,199,0.000759124755859375,1.05556,False,
test,SP19,ydfid/SP19/test/good/ydfid_good_005099.bmp,,0,True,f985d5a7ca0ff1d1828c9b3e3a55ff9afeaa4a0d07b4b0ca5653cdaeb0e21e1c,512,512,,,,,,,,,
test,SP19,ydfid/SP19/test/good/ydfid_good_005100.bmp,,0,True,ad25d9e0441c4578c90518e3f0e1f820a1aca8eeec161ac13896c1fa0f8f9b6c,512,512,,,,,,,,,
test,SP19,ydfid/SP19/test/good/ydfid_good_005101.bmp,,0,True,7fac481453c401d9d7d7103d7d7a3c047d8a29eb67765ae9fef0e6764b6bae4e,512,512,,,,,,,,,
test,SP19,ydfid/SP19/test/good/ydfid_good_005102.bmp,,0,True,35429f4f0f3222f799e1599e418145941edfb848a84b13f5103ed51dcdc08fd8,512,512,,,,,,,,,
test,SP19,ydfid/SP19/test/good/ydfid_good_005103.bmp,,0,True,0e2f85395c8e0e3caa42e9f91ad1a7ffa22e829aeee9b87257047f9880312772,512,512,,,,,,,,,
test,SP19,ydfid/SP19/test/good/ydfid_good_005104.bmp,,0,True,0c8d4da5ac7b073cf982ce22d01810ac52b5df025c6d8ef5ce8f15f24e2611ba,512,512,,,,,,,,,
test,SP19,ydfid/SP19/test/good/ydfid_good_005105.bmp,,0,True,9109ec91472c36f56d423818fb7d59bd5a62b2b8f5491f23222b5f7fdfac3231,512,512,,,,,,,,,
test,SP19,ydfid/SP19/test/good/ydfid_good_005106.bmp,,0,True,0c5454e608092bd3e8aa5d08f5996e4e4a162a04bc5ad0439ab6d39ab55bab3d,512,512,,,,,,,,,
test,SP19,ydfid/SP19/test/good/ydfid_good_005107.bmp,,0,True,7a834dd56766d7dbb6af1513e18d6a9051e613ffcb9f4e635af8b6f429b556a1,512,512,,,,,,,,,
test,SP19,ydfid/SP19/test/good/ydfid_good_005108.bmp,,0,True,56a4dceb3a728e53b2cb68ccb3e7349c82eb960a49ae37fc1756e8a6f377294d,512,512,,,,,,,,,
test,SP19,ydfid/SP19/test/good/ydfid_good_005109.bmp,,0,True,ac2b76a8f4c41dc8b7fbc14210951a6f35473c2a3dac85fb235b95049735db12,512,512,,,,,,,,,
test,SP19,ydfid/SP19/test/good/ydfid_good_005110.bmp,,0,True,770331586902278b10f888c7555ec0424775f0eecedea524ad143703ce711fbf,512,512,,,,,,,,,
test,SP19,ydfid/SP19/test/good/ydfid_good_005111.bmp,,0,True,56dc97a53d811faf59239e5e69a8f71230582e2211a53aed9a331e1ac67db7e6,512,512,,,,,,,,,
test,SP19,ydfid/SP19/test/good/ydfid_good_005112.bmp,,0,True,96468826301067973c67a0fbaff53c5aad006f9e7e02a3958916fdab9ea7a2ec,512,512,,,,,,,,,
test,SP19,ydfid/SP19/test/good/ydfid_good_005113.bmp,,0,True,a92db7e9859a2394be4035eb4ef15de86b5eb782d0277f064a5b6b5993550d5d,512,512,,,,,,,,,
test,SP19,ydfid/SP19/test/good/ydfid_good_005114.bmp,,0,True,bab4a85594cd67cdca87da25164d84eb34193cd3dbb7be600bea2c729ccce3a8,512,512,,,,,,,,,
test,SP19,ydfid/SP19/test/good/ydfid_good_005115.bmp,,0,True,51da589f9a6fea48bb2cd0ba05db31444452445e4662e48f8539be621e7d658c,512,512,,,,,,,,,
test,SP19,ydfid/SP19/test/good/ydfid_good_005116.bmp,,0,True,59b5fdc443d62328216d82f14e205f157166afe49f455fae969f3f0b2a55ea24,512,512,,,,,,,,,
test,SP19,ydfid/SP19/test/good/ydfid_good_005117.bmp,,0,True,c7467b40a6e4e0ed8b1d29df191f0835df440d274f8fe1e35715581e74158cb8,512,512,,,,,,,,,
test,SP19,ydfid/SP19/test/good/ydfid_good_005118.bmp,,0,True,11d1ce59bc159b6abd0fc15da751143fc9b9e8a59943b82072528bd14ffe591d,512,512,,,,,,,,,
test,SP19,ydfid/SP19/test/good/ydfid_good_005119.bmp,,0,True,afa25d4781ece58fea6c66bc35dc574e926db7c2d0cbd0cc2faf087ccffb26d8,512,512,,,,,,,,,
test,SP19,ydfid/SP19/test/good/ydfid_good_005120.bmp,,0,True,95bb0e537f7904746513226743e7cd26302dd5b471e54332f6759d8efa2fc869,512,512,,,,,,,,,
test,SP19,ydfid/SP19/test/good/ydfid_good_005121.bmp,,0,True,8c8b3602124c6464179fec605f79039ddaccd5f950e0b29c3868e940cdfdc8ef,512,512,,,,,,,,,
test,SP19,ydfid/SP19/test/good/ydfid_good_005122.bmp,,0,True,a0d0793e36e9b43eebe46b758a4d917abefb03bbf8cbbdf29f3fd529628dbd00,512,512,,,,,,,,,
test,SP19,ydfid/SP19/test/good/ydfid_good_005123.bmp,,0,True,3ebb29323e2f1494508d0a0d6e8dd4faff065e738eae4bd36404b321251943c7,512,512,,,,,,,,,
test,SP19,ydfid/SP19/test/good/ydfid_good_005124.bmp,,0,True,db266bb237cf45e451737236f5de84dd5a5dd8a2f6a8705599fbb1fda529a04a,512,512,,,,,,,,,
test,SP19,ydfid/SP19/test/good/ydfid_good_005125.bmp,,0,True,08dec6949ce3d046104cab662d7faf3657a59e255747b99ca9c4f09d70d6e0db,512,512,,,,,,,,,
test,SP19,ydfid/SP19/test/good/ydfid_good_005126.bmp,,0,True,f7721244f9b05b96b839f479c724bff3903f4da3dc29b7bbd8f6e8a28f6d0689,512,512,,,,,,,,,
test,SP19,ydfid/SP19/test/good/ydfid_good_005127.bmp,,0,True,c7cff7e4160fc55fe67c29b3093f54b20b5d99fb8f9fb35b6d178447abc395fc,512,512,,,,,,,,,
test,SP19,ydfid/SP19/test/good/ydfid_good_005128.bmp,,0,True,7280230afbc6ddb6218b928a17670c07608e9f133add017cb5d4390fec9960b8,512,512,,,,,,,,,
test,SP19,ydfid/SP19/test/good/ydfid_good_005129.bmp,,0,True,86e5fa42ede19728d37747d062797696f8689672709f132cbc14131f7b1f1ac0,512,512,,,,,,,,,
test,SP19,ydfid/SP19/test/good/ydfid_good_005130.bmp,,0,True,46919b053af89b16aa81af3aa8cf1c22674f3ba01841dfa599f50d49644975c8,512,512,,,,,,,,,
test,SP19,ydfid/SP19/test/good/ydfid_good_005131.bmp,,0,True,abcb7f841d265e693efd74c376487cda43ef1b5c6366322e104745cb1335ab40,512,512,,,,,,,,,
test,SP19,ydfid/SP19/test/good/ydfid_good_005132.bmp,,0,True,16bb47e5fbbd8ae86b43b17253f6a5b8498a3ce0468eeb9e0f4757216129ba1e,512,512,,,,,,,,,
test,SP19,ydfid/SP19/test/good/ydfid_good_005133.bmp,,0,True,15066f37205035cea0de9627612e4046639f6b4cda4297fce873b41e9c4adf45,512,512,,,,,,,,,
test,SP19,ydfid/SP19/test/good/ydfid_good_005134.bmp,,0,True,bb16413e709c04a63ce65fbf958822d82f018c8f26befd2bfca5c42bf3ce8525,512,512,,,,,,,,,
test,SP19,ydfid/SP19/test/good/ydfid_good_005135.bmp,,0,True,e1c390203d1ae3a12b870c5d4b8ffde532fe369b0690bc8dc83d18dc74a1f346,512,512,,,,,,,,,
test,SP19,ydfid/SP19/test/good/ydfid_good_005136.bmp,,0,True,2f8045a7c621e3873cdaa7824a7a968d757dc8227635025bb794392aeb8659b9,512,512,,,,,,,,,
test,SP19,ydfid/SP19/test/good/ydfid_good_005137.bmp,,0,True,fdd1c2e6d7081db5f8f69af9684a3f5338c5d9548ea658f15e1179be4819b429,512,512,,,,,,,,,
test,SP19,ydfid/SP19/test/good/ydfid_good_005138.bmp,,0,True,5f5739cc60a8a6bdc99371d032d79923553fc5aa81aaa20397b445488ba9d21e,512,512,,,,,,,,,
test,SP19,ydfid/SP19/test/good/ydfid_good_005139.bmp,,0,True,558b8d054edadc25b0b6ea2b3334c285e4bcf447ca04a6cff0ffec2c3e98b0a9,512,512,,,,,,,,,
test,SP19,ydfid/SP19/test/good/ydfid_good_005140.bmp,,0,True,ff353bae419186a1bc6a8343b87ba215bfa38149c4945322290c53668251ce5d,512,512,,,,,,,,,
test,SP19,ydfid/SP19/test/good/ydfid_good_005141.bmp,,0,True,edff60fd3a59337fa07d33bc3c5ca8231c70c6d8364637c6ecfcf4692e225ed7,512,512,,,,,,,,,
test,SP19,ydfid/SP19/test/good/ydfid_good_005142.bmp,,0,True,02f5b39f9376c4189b1a41fd98dcd625046ee209f590d91829cfbe4c0b9fbe96,512,512,,,,,,,,,
test,SP19,ydfid/SP19/test/good/ydfid_good_005143.bmp,,0,True,55500641760a93ffca645af3cb27204d6245875c68194d841d9595c227be478a,512,512,,,,,,,,,
test,SP19,ydfid/SP19/test/good/ydfid_good_005144.bmp,,0,True,151e480de6f4e940566bc003bbbbcb7b393720b79d4050429f45d6ce42b556aa,512,512,,,,,,,,,
test,SP19,ydfid/SP19/test/good/ydfid_good_005145.bmp,,0,True,11516c82cb6a16159ca4dea7cc85a672e4a57832553e3af7cde267cf573fe221,512,512,,,,,,,,,
test,SP19,ydfid/SP19/test/good/ydfid_good_005146.bmp,,0,True,a496389a1a7cf719ecdcc67e6ac5f0abfdec426fae5de0d08850e5c43b57f62b,512,512,,,,,,,,,
test,SP19,ydfid/SP19/test/good/ydfid_good_005147.bmp,,0,True,c3a9d72f763ccc9545bcad899b171adc28b9b514b093bc989a627850583cd63a,512,512,,,,,,,,,
test,SP19,ydfid/SP19/test/good/ydfid_good_005148.bmp,,0,True,3ea424976e98ac605ab1da82a46cb2c0edb05cc6663e603f51625208f6fbe5b6,512,512,,,,,,,,,
test,SP19,ydfid/SP19/test/good/ydfid_good_005149.bmp,,0,True,0e9ff467c33888c81f43276874b18fc9954a0fa7d3f2cca10c8fb3a614122fa8,512,512,,,,,,,,,
test,SP19,ydfid/SP19/test/good/ydfid_good_005150.bmp,,0,True,0c9733d4413b7109247b57d83764f52a54546bc1b94073a632adb74b44b37cd6,512,512,,,,,,,,,
test,SP19,ydfid/SP19/test/good/ydfid_good_005151.bmp,,0,True,4155d7659d1665f6fafecf29ffecf134b6b75da6d6ae26390f3091fa32277116,512,512,,,,,,,,,
test,SP19,ydfid/SP19/test/good/ydfid_good_005152.bmp,,0,True,12c50fa40e5f8043ae041231cb8886dcadfe46b246e4845fcbbc396fcaa87dfe,512,512,,,,,,,,,
test,SP19,ydfid/SP19/test/good/ydfid_good_005153.bmp,,0,True,23e7c0240c79dc31b0a86f161e2d0acc7d5d43eceff123028e8c45606b23f7f0,512,512,,,,,,,,,
test,SP19,ydfid/SP19/test/good/ydfid_good_005154.bmp,,0,True,6bd358c18ff6bdbd9d9541bea9470b3fc01ca595647a44bb19012ceca7abb457,512,512,,,,,,,,,
test,SP19,ydfid/SP19/test/good/ydfid_good_005155.bmp,,0,True,5eac1756b8b35a5049d32f82c82195400e0dfa4cca8f1827655c5ff52ba65b12,512,512,,,,,,,,,
test,SP19,ydfid/SP19/test/good/ydfid_good_005156.bmp,,0,True,32bc59078880873833cb60a820598b5ca8e7ccfa506ce08ef5f56798de612716,512,512,,,,,,,,,
test,SP19,ydfid/SP19/test/good/ydfid_good_005157.bmp,,0,True,d9b66b1a54bd7819361b18b3e8b9cb21a913ecf7452f4cff4c57a8215d2bfb34,512,512,,,,,,,,,
test,SP19,ydfid/SP19/test/good/ydfid_good_005158.bmp,,0,True,ab2f9d8ad1f44116252d86fde17fe1b9551e2ebc081dc355e8bc777f1cb644f7,512,512,,,,,,,,,
test,SP19,ydfid/SP19/test/good/ydfid_good_005159.bmp,,0,True,39c391e9c2bcede09b27c0810206e261296281dc2aebf8daa963eafcb4dc7b65,512,512,,,,,,,,,
test,SP19,ydfid/SP19/test/good/ydfid_good_005160.bmp,,0,True,621750c81c18d4a90c3a5b630aed35d5e01b22811ddd70c10379a6f609ca0d21,512,512,,,,,,,,,
test,SP19,ydfid/SP19/test/good/ydfid_good_005161.bmp,,0,True,41e158c42554810c828b209447f945c707c56e1439ea8b61d29cc6dffc4d2195,512,512,,,,,,,,,
test,SP19,ydfid/SP19/test/good/ydfid_good_005162.bmp,,0,True,72a2428ad4e4f70b383c7c1d57b1ce6487e2ebfcf63bd8d1f57e054234ca05b5,512,512,,,,,,,,,
test,SP19,ydfid/SP19/test/good/ydfid_good_005163.bmp,,0,True,dfd30c6c2ccfa239500c8863c5aa3ea86f4a584d7610f2409fb50fd2d3980318,512,512,,,,,,,,,
test,SP19,ydfid/SP19/test/good/ydfid_good_005164.bmp,,0,True,91d07820e6f182f5a2928db079186696880be4500310bae4a6c7d665129b85ff,512,512,,,,,,,,,
test,SP19,ydfid/SP19/test/good/ydfid_good_005165.bmp,,0,True,a481b78fbcba8e27309195736d3d00d993bfd7d7b570ab97721256b01040cdcb,512,512,,,,,,,,,
test,SP19,ydfid/SP19/test/good/ydfid_good_005166.bmp,,0,True,4e7afef0348913b9bd736ef06ee62b9b47f47ed9088b8638bfeaf4f4f6af5897,512,512,,,,,,,,,
test,SP19,ydfid/SP19/test/good/ydfid_good_005167.bmp,,0,True,d19b2414e43499c363319707cb22cd2b142d501f676176744d618c98c5baa102,512,512,,,,,,,,,
test,SP19,ydfid/SP19/test/good/ydfid_good_005168.bmp,,0,True,245a2b319e513080ef6139002cd63582b120c5d0eab7bcd11af9dd5fe5a73f49,512,512,,,,,,,,,
test,SP19,ydfid/SP19/test/good/ydfid_good_005169.bmp,,0,True,32698f39f6baa8d68601e5fe7780a337580f214d74acc23faa70281b22bc997e,512,512,,,,,,,,,
test,SP19,ydfid/SP19/test/good/ydfid_good_005170.bmp,,0,True,d4286c64d5bc2bb30735e04a31cd8ca5ec2c3405e7f52e7f74a8d239cee834f1,512,512,,,,,,,,,
test,SP19,ydfid/SP19/test/good/ydfid_good_005171.bmp,,0,True,567624389b4eab0d9676ef232e6b64eba30ab7d5c61b82e6dbc908cd47b1a75c,512,512,,,,,,,,,
test,SP19,ydfid/SP19/test/good/ydfid_good_005172.bmp,,0,True,1ab2ef257ac44da3214fc404ee995d35afb7bfdcfd60df3c5f28babf57dcd8d2,512,512,,,,,,,,,
test,SP19,ydfid/SP19/test/good/ydfid_good_005173.bmp,,0,True,61130c63fb2b5a142fbbfcb6ef43270978aeddc3cd8209c673bae578b5376aa2,512,512,,,,,,,,,
test,SP19,ydfid/SP19/test/good/ydfid_good_005174.bmp,,0,True,592e173ec85f976c3d9a29dc2b286f11fca5bbfb1719cc2f0732f0a7d5d36a73,512,512,,,,,,,,,
test,SP19,ydfid/SP19/test/good/ydfid_good_005175.bmp,,0,True,9d913d7d8ba858082cb6a02e38ffcf15795dce4e6d2425003f3793b2700279f8,512,512,,,,,,,,,
test,SP19,ydfid/SP19/test/good/ydfid_good_005176.bmp,,0,True,48f36bde54ca541928c6e246167801848debb36e70ddffb9347f4b0244e58a1b,512,512,,,,,,,,,
test,SP19,ydfid/SP19/test/good/ydfid_good_005177.bmp,,0,True,3a76844f827f062e70bca903ef56df475ec7187e086dd2b6557e43bf53ce11cc,512,512,,,,,,,,,
test,SP19,ydfid/SP19/test/good/ydfid_good_005178.bmp,,0,True,48bc02b3f2899045d1a7afdb8de4658958e5e685210a3e6c94f4ba87cafcbdee,512,512,,,,,,,,,
test,SP19,ydfid/SP19/test/good/ydfid_good_005179.bmp,,0,True,ac2ee142388e8dcca03434646df6347a4644aed9f15ae7c05e4ec5d227525393,512,512,,,,,,,,,
test,SP19,ydfid/SP19/test/good/ydfid_good_005180.bmp,,0,True,c6b3b29e2ed7e7258b6fd64cac463549515940360d4bc1438f921ebedbe21def,512,512,,,,,,,,,
test,SP19,ydfid/SP19/test/good/ydfid_good_005181.bmp,,0,True,ffa7aaf6b8e7d4c51cb87ce4ffdf27291c13392e5ee07fd82b3c44f3dff04387,512,512,,,,,,,,,
test,SP19,ydfid/SP19/test/good/ydfid_good_005182.bmp,,0,True,89a96467cef879da3fb6eb6352cda3421ae875a85eb38c181ea79c53c01db102,512,512,,,,,,,,,
test,SP19,ydfid/SP19/test/good/ydfid_good_005183.bmp,,0,True,2ecefa37fdcbbc978263754bc6de90de98d35546660de8af15ae6adeb43b4163,512,512,,,,,,,,,
test,SP19,ydfid/SP19/test/good/ydfid_good_005184.bmp,,0,True,386513676ff78184500fddb83aaa32604848dab6d7b0fb95037778310628e3a4,512,512,,,,,,,,,
test,SP19,ydfid/SP19/test/good/ydfid_good_005185.bmp,,0,True,4bee0bb5aecd9869659b58fb438b7b933c7156089cc5cb09d967eab2377ee13d,512,512,,,,,,,,,
test,SP19,ydfid/SP19/test/good/ydfid_good_005186.bmp,,0,True,237f00ae523fe13d616c7de0ffe7f81db316b253b898499396ca32278df14950,512,512,,,,,,,,,
test,SP19,ydfid/SP19/test/good/ydfid_good_005187.bmp,,0,True,48d579be6499ac075effce285c632453b1c5b581df96ec85018dd7d270f7e86d,512,512,,,,,,,,,
test,SP19,ydfid/SP19/test/good/ydfid_good_005188.bmp,,0,True,c9bcf18aa38c886fc263aed32caa21a0d05d432218e57a2294bf72bbb98c360c,512,512,,,,,,,,,
test,SP19,ydfid/SP19/test/good/ydfid_good_005189.bmp,,0,True,5b00beccb652a4bc4e031981aacb8574150e839ee9e94122ed0c19ff2e32b841,512,512,,,,,,,,,
test,SP19,ydfid/SP19/test/good/ydfid_good_005190.bmp,,0,True,5e385fe90fb25d245cfe21733639a27ec10f89ff1b3907e0b2c6f99b94b09476,512,512,,,,,,,,,
test,SP19,ydfid/SP19/test/good/ydfid_good_005191.bmp,,0,True,7395a0a8c6a4f2248784db7969539782cbca52d1747bd0cfb2ca219efcc24f81,512,512,,,,,,,,,
test,SP19,ydfid/SP19/test/good/ydfid_good_005192.bmp,,0,True,046fc452fdb1bcb7c4e3a26355c493f2f7f065169f46274e5e316076925dad55,512,512,,,,,,,,,
test,SP19,ydfid/SP19/test/good/ydfid_good_005193.bmp,,0,True,d8bf6943ba98a2a5789349c09a52df9346893a04d969c66a2dfb5a157e10ef29,512,512,,,,,,,,,
test,SP19,ydfid/SP19/test/good/ydfid_good_005194.bmp,,0,True,e4874dd8e4a4b8fe1839202f926f7ed1dd0cb097640fe9aa24e4ce5abaeae454,512,512,,,,,,,,,
test,SP19,ydfid/SP19/test/good/ydfid_good_005195.bmp,,0,True,56a022081ddf404261991252b5e6946ea6159cff00d5f8d7d40e709740141282,512,512,,,,,,,,,
test,SP19,ydfid/SP19/test/good/ydfid_good_005196.bmp,,0,True,e58dbff9d2409de19dc07910e238930538cd6dae04ae0bb2723a1e548035f052,512,512,,,,,,,,,
test,SP19,ydfid/SP19/test/good/ydfid_good_005197.bmp,,0,True,a745cbee14c416ca797cf89812b6f31d93faa3b0b4337b26caac391f8fde9bfc,512,512,,,,,,,,,
test,SP19,ydfid/SP19/test/good/ydfid_good_005198.bmp,,0,True,6130ccf627ebfae70e4bdfe640a3c127cff99cf1977370c7b7050afc7c9c8f3d,512,512,,,,,,,,,
test,SP19,ydfid/SP19/test/good/ydfid_good_005199.bmp,,0,True,c153a3c172fb0b9bab1e51d7f9565de0685d073d6134749e96eb5081d81395ac,512,512,,,,,,,,,
test,SP19,ydfid/SP19/test/good/ydfid_good_005200.bmp,,0,True,46d1f6eca4169ba1e0ff3fca126f9d6c44904b4d8aca4959b6ca67b7a5b406ec,512,512,,,,,,,,,
test,SP19,ydfid/SP19/test/good/ydfid_good_005201.bmp,,0,True,38bec2ae707492253ea38d0b4dfbb007598bbf9cf701373344908ca9f7413aa2,512,512,,,,,,,,,
test,SP19,ydfid/SP19/test/good/ydfid_good_005202.bmp,,0,True,d0414aa5338fc2c046e7373c6968b2e934a7e24be083c10f2054e623325c45ee,512,512,,,,,,,,,
test,SP19,ydfid/SP19/test/good/ydfid_good_005203.bmp,,0,True,385fd5ce5c4d07958080c7a3a1e0cd98bda175f9da139b853604d2f3dfdfb458,512,512,,,,,,,,,
test,SP19,ydfid/SP19/test/good/ydfid_good_005204.bmp,,0,True,d9f7b739bcc91dcbf2e601dd4b2361930a392240bc72800bbb18fb7578512fe3,512,512,,,,,,,,,
test,SP19,ydfid/SP19/test/good/ydfid_good_005205.bmp,,0,True,8922b7719f5c2e6ac952448c6742ccff4932e44554176b835546c5a6332da642,512,512,,,,,,,,,
test,SP19,ydfid/SP19/test/good/ydfid_good_005206.bmp,,0,True,9707bde9c222cf6595046719feb97c60d3916e93768ca377638957cfac9b9a27,512,512,,,,,,,,,
test,SP19,ydfid/SP19/test/good/ydfid_good_005207.bmp,,0,True,4dca6a2f609bef04504b954f8ec9800dd5a62cc097cb6bd03ee8d1a907e2ff0f,512,512,,,,,,,,,
test,SP19,ydfid/SP19/test/good/ydfid_good_005208.bmp,,0,True,0520e44abecd1fbe4c9b95b5b72f38017549b527083b6c5f149f33638681e461,512,512,,,,,,,,,
test,SP19,ydfid/SP19/test/good/ydfid_good_005209.bmp,,0,True,3f5f3ea8880d0317921a9981894096022856c95f51c67d57ace7acf1ca1462ed,512,512,,,,,,,,,
test,SP19,ydfid/SP19/test/good/ydfid_good_005210.bmp,,0,True,56c2c08924e7548fa53590b0c48751eed6f469ca398ef7c33d4bc513460dbf56,512,512,,,,,,,,,
test,SP19,ydfid/SP19/test/good/ydfid_good_005211.bmp,,0,True,57bd37de63b8cffd3717e7eadb9197423bb87666a2ead5616c837f387e3d2b02,512,512,,,,,,,,,
test,SP19,ydfid/SP19/test/good/ydfid_good_005212.bmp,,0,True,781cc05e472eee66255d537e4247d990b08d47abb72867f1c8cce702d4e1bd21,512,512,,,,,,,,,
test,SP19,ydfid/SP19/test/good/ydfid_good_005213.bmp,,0,True,5e1ed460924666a36f66ff15f9021c1f6eb39aed69d44bcaf843304ded0a047a,512,512,,,,,,,,,
test,SP19,ydfid/SP19/test/good/ydfid_good_005214.bmp,,0,True,460244349b6cc2936421efb8eea8913936ac13ccee20e5780b8bf25bc1d795cc,512,512,,,,,,,,,
test,SP19,ydfid/SP19/test/good/ydfid_good_005215.bmp,,0,True,575c8c82bcc49bed126ff8ffa388603167ec668d4efef94c3feafaf3823daa07,512,512,,,,,,,,,
test,SP19,ydfid/SP19/test/good/ydfid_good_005216.bmp,,0,True,e9a1cbfcd07e8a4a45c6d16696dd0a0ed1006814578b4e8406495fd2f1178d17,512,512,,,,,,,,,
test,SP19,ydfid/SP19/test/good/ydfid_good_005217.bmp,,0,True,d79eac95984111ffc1be6f560bdf98bf4ea89c4408ad50eef4831435ead70189,512,512,,,,,,,,,
test,SP19,ydfid/SP19/test/good/ydfid_good_005218.bmp,,0,True,8a26ae21652184f0e6db5fedb40c1d931b609220364087a2f48d5493e756a010,512,512,,,,,,,,,
test,SP19,ydfid/SP19/test/good/ydfid_good_005219.bmp,,0,True,baeb5dc44dbb19b0871d491585e09cad7f7958689781e2061a46ada73b97ede2,512,512,,,,,,,,,
test,SP19,ydfid/SP19/test/good/ydfid_good_005220.bmp,,0,True,aa33793ed7fcab271a851917d534380b10dc3ff2f4ca5bfee05f99f7743ac999,512,512,,,,,,,,,
test,SP19,ydfid/SP19/test/good/ydfid_good_005221.bmp,,0,True,478dce747b9f46864fcb56c546b2bfe881ec20d24c9b50104f86961938f8e9ad,512,512,,,,,,,,,
test,SP19,ydfid/SP19/test/good/ydfid_good_005222.bmp,,0,True,1eba53e79d08401ff000a381205d123a66781807a025e7dfd53433b1ab818146,512,512,,,,,,,,,
test,SP19,ydfid/SP19/test/good/ydfid_good_005223.bmp,,0,True,e181522190e643a4ccc739b8a0ebe2e926c2737d24045daa804a24bcd3fc86d9,512,512,,,,,,,,,
test,SP19,ydfid/SP19/test/good/ydfid_good_005224.bmp,,0,True,b1e49a8f8d94a232ef8ff940bc0faa9dfeec35510ba9b4d98a72d9b8479337a1,512,512,,,,,,,,,
test,SP19,ydfid/SP19/test/good/ydfid_good_005225.bmp,,0,True,f3e8e1c05c45254461e7359af5ae157ba4c222c2b7ec477efdfe6ba12fd88d72,512,512,,,,,,,,,
test,SP19,ydfid/SP19/test/good/ydfid_good_005226.bmp,,0,True,dc75eb8a2a90d91bb5d10a8a6598bc89644e174a34af8200020796270dada740,512,512,,,,,,,,,
test,SP19,ydfid/SP19/test/good/ydfid_good_005227.bmp,,0,True,4403581e7e5a2006e923798f28ce64e875cbec32f320dbdca358c348cabc7607,512,512,,,,,,,,,
test,SP19,ydfid/SP19/test/good/ydfid_good_005228.bmp,,0,True,44979e7dd7f49e67124796f23014a27e21535927a715a3f3505da167c6085ea7,512,512,,,,,,,,,
test,SP19,ydfid/SP19/test/good/ydfid_good_005229.bmp,,0,True,6b03ba8ba04f1374a3f19814e296bd17a2ea71a0f9a71632829dbb0282a859ca,512,512,,,,,,,,,
test,SP19,ydfid/SP19/test/good/ydfid_good_005230.bmp,,0,True,fc78e261038f57fb8e43adf48948922f4c21d1ade19289518322a31a3f702b63,512,512,,,,,,,,,
test,SP19,ydfid/SP19/test/good/ydfid_good_005231.bmp,,0,True,dca10b8cc5384571fa13219df2926d5957f3ec29692d4bf2aae923599f942ac7,512,512,,,,,,,,,
test,SP19,ydfid/SP19/test/good/ydfid_good_005232.bmp,,0,True,91da5ba67c92874da24dc32b8cf105d3311acccfd1f0b6cfe86fa8be9316e79b,512,512,,,,,,,,,
test,SP19,ydfid/SP19/test/good/ydfid_good_005233.bmp,,0,True,5c02852227a8f74acbc572add68d72affce3ee0a6683545f524ee25a25c666c6,512,512,,,,,,,,,
test,SP19,ydfid/SP19/test/good/ydfid_good_005234.bmp,,0,True,56cc9e862f305d634cdf2625b69ff9736744575f2030487643cbd5b1ca573949,512,512,,,,,,,,,
test,SP19,ydfid/SP19/test/good/ydfid_good_005235.bmp,,0,True,c6a7f718a40d70f12c9908f2bc17b99ad8ec00a7235a32ec137935410b6f70a4,512,512,,,,,,,,,
test,SP19,ydfid/SP19/test/good/ydfid_good_005236.bmp,,0,True,0af8c439b38a02551fcd10ee4bd2c6ce34b25352a13c10c387624a61d0cbbd5f,512,512,,,,,,,,,
test,SP19,ydfid/SP19/test/good/ydfid_good_005237.bmp,,0,True,1f5dce4a4c8824533352767476aae4e4099b7a83a2b65892d1a2e79cb823ecaf,512,512,,,,,,,,,
test,SP19,ydfid/SP19/test/good/ydfid_good_005238.bmp,,0,True,fd88d361c4ce56fb24f2b675c0c5397a044a15c077627fbf51952bcb23433834,512,512,,,,,,,,,
test,SP19,ydfid/SP19/test/good/ydfid_good_005239.bmp,,0,True,05152867104596a2f84d08fc9430c9db47d7a094e91dc5ef47ddb78b05aa43e8,512,512,,,,,,,,,
test,SP19,ydfid/SP19/test/good/ydfid_good_005240.bmp,,0,True,7bef5fad678b6e7f23e45a908401b3b49cdc1232b00d227276c46afb243e31b1,512,512,,,,,,,,,
test,SP19,ydfid/SP19/test/good/ydfid_good_005241.bmp,,0,True,d38b40e341a9e50cc8dda787e4a30fd8f9314f73807e96605231670cf61b9798,512,512,,,,,,,,,
test,SP19,ydfid/SP19/test/good/ydfid_good_005242.bmp,,0,True,95a81d633fdd9c8e0a281c7df5ee240b434985fd145161080748ee2d340740e4,512,512,,,,,,,,,
test,SP19,ydfid/SP19/test/good/ydfid_good_005243.bmp,,0,True,3d8b36d555eb067d67126c1a35d108afcf8bbdfcc770c31a524ba3880e5eff2c,512,512,,,,,,,,,
test,SP19,ydfid/SP19/test/good/ydfid_good_005244.bmp,,0,True,55f16bb71c4b266d5864c2248818501e71e94bcaa719a7b8c7adcc02cf385497,512,512,,,,,,,,,
test,SP19,ydfid/SP19/test/good/ydfid_good_005245.bmp,,0,True,45580f43ef69e5f486f969bfe78f4dc2f049e00085639effc4d71bf3b9524ca8,512,512,,,,,,,,,
test,SP19,ydfid/SP19/test/good/ydfid_good_005246.bmp,,0,True,71d04c50a70d37be6ee37f47a77ceee99d46c767ea0722b3bd021987680dc821,512,512,,,,,,,,,
test,SP19,ydfid/SP19/test/good/ydfid_good_005247.bmp,,0,True,b5dd60cd9434e712f887c16299d1b7c203ea85fff93671fec8947d1035aa0ba0,512,512,,,,,,,,,
test,SP19,ydfid/SP19/test/good/ydfid_good_005248.bmp,,0,True,fdb493099ad78e9cb369d4b169de79e3868584bfbf34fe78080d22f9539ffd9e,512,512,,,,,,,,,
test,SP19,ydfid/SP19/test/good/ydfid_good_005249.bmp,,0,True,f77bf02af78aa103376aa4c53e378d4c2119243693322331eab14503e08321d4,512,512,,,,,,,,,
test,SP19,ydfid/SP19/test/good/ydfid_good_005250.bmp,,0,True,674e6e68041cbd8bad56da904c39e10b28070cbdf9dfb526391863f879312df2,512,512,,,,,,,,,
test,SP19,ydfid/SP19/test/good/ydfid_good_005251.bmp,,0,True,bd0e199677cdbc07f02a017960d7baba90ac2c713806d881bb73d85b0b072f4f,512,512,,,,,,,,,
test,SP19,ydfid/SP19/test/good/ydfid_good_005252.bmp,,0,True,7acb340e93745a72a90825de6865134641ba6abe62068098ba6ca9c2647f628e,512,512,,,,,,,,,
test,SP24,ydfid/SP24/test/anomaly/ydfid_defect_005740.bmp,ydfid/SP24/ground_truth/anomaly/ydfid_defect_005740.png,1,True,3a55794e87578ffbb5718f63db4b59e5d5d9340d226ee18d868c7f6e56e2b166,512,512,True,512,512,0|255,712,0.002716064453125,1.92143,False,
test,SP24,ydfid/SP24/test/anomaly/ydfid_defect_005741.bmp,ydfid/SP24/ground_truth/anomaly/ydfid_defect_005741.png,1,True,e421bdb8be2e3f58bc1fb29da6b9c2d81b9fa30919da3920ea31fd95f33b957c,512,512,True,512,512,0|255,7395,0.028209686279296875,1.37387,False,
test,SP24,ydfid/SP24/test/anomaly/ydfid_defect_005742.bmp,ydfid/SP24/ground_truth/anomaly/ydfid_defect_005742.png,1,True,ee7739d8158052362943e912d6bfb6bc3e355c35050a405339a320ce982d32ff,512,512,True,512,512,0|255,5443,0.020763397216796875,36.57143,False,
test,SP24,ydfid/SP24/test/anomaly/ydfid_defect_005743.bmp,ydfid/SP24/ground_truth/anomaly/ydfid_defect_005743.png,1,True,adaf7a163cea46bd794ebeb1091fbe5ae7eaac50d1f468471b4bcffb7ed06072,512,512,True,512,512,0|255,702,0.00267791748046875,2.11013,False,
test,SP24,ydfid/SP24/test/anomaly/ydfid_defect_005744.bmp,ydfid/SP24/ground_truth/anomaly/ydfid_defect_005744.png,1,True,477e22a0778de0cbb37eaa2788137315c7b2463e13d2aed9f4592de04d35593b,512,512,True,512,512,0|255,2173,0.008289337158203125,2.76744,False,
test,SP24,ydfid/SP24/test/anomaly/ydfid_defect_005745.bmp,ydfid/SP24/ground_truth/anomaly/ydfid_defect_005745.png,1,True,3c0e74993bd49293674f56a9e4d9b225aef05295b9124acd1fcc77fb6206b99f,512,512,True,512,512,0|255,4955,0.018901824951171875,1.34031,False,
test,SP24,ydfid/SP24/test/anomaly/ydfid_defect_005746.bmp,ydfid/SP24/ground_truth/anomaly/ydfid_defect_005746.png,1,True,0ad0f5b32bd92aad7084abf7518b09c284f79f4641201e422ada753cee5d8e0a,512,512,True,512,512,0|255,2342,0.00893402099609375,5.26667,False,
test,SP24,ydfid/SP24/test/anomaly/ydfid_defect_005747.bmp,ydfid/SP24/ground_truth/anomaly/ydfid_defect_005747.png,1,True,575bd2ce21a4f3040ba954cc1ad8def169ec930c711866699bc650259b11808b,512,512,True,512,512,0|255,1058,0.00403594970703125,1.3587,False,
test,SP24,ydfid/SP24/test/anomaly/ydfid_defect_005748.bmp,ydfid/SP24/ground_truth/anomaly/ydfid_defect_005748.png,1,True,4d31b6f6f1a5f5d5c84aee4608b81653234ff8f8f82747ac4355b605b2af6d32,512,512,True,512,512,0|255,1992,0.007598876953125,13.26667,False,
test,SP24,ydfid/SP24/test/anomaly/ydfid_defect_005749.bmp,ydfid/SP24/ground_truth/anomaly/ydfid_defect_005749.png,1,True,c42505faa2344a5076d61d6c270289a975fd77a047e726469b9c5cab323767d8,512,512,True,512,512,0|255,13956,0.0532379150390625,1.61961,False,
test,SP24,ydfid/SP24/test/anomaly/ydfid_defect_005750.bmp,ydfid/SP24/ground_truth/anomaly/ydfid_defect_005750.png,1,True,8fd42b838a3e8f0761098ae70ed2c66fb856c2e8db193747cd8db75443056a7e,512,512,True,512,512,0|255,598,0.00228118896484375,2.04,False,
test,SP24,ydfid/SP24/test/anomaly/ydfid_defect_005751.bmp,ydfid/SP24/ground_truth/anomaly/ydfid_defect_005751.png,1,True,0e9405df5904502b6b190db9d21d873b184d04227dec6aa947fb8fcf6b6b92d6,512,512,True,512,512,0|255,124,0.0004730224609375,2.0,False,
test,SP24,ydfid/SP24/test/anomaly/ydfid_defect_005752.bmp,ydfid/SP24/ground_truth/anomaly/ydfid_defect_005752.png,1,True,c8f936d60ca7fdb908834882e6f0d10537d41bb3b00bb9f17c3c677402d20f2b,512,512,True,512,512,0|255,7112,0.027130126953125,17.06667,False,
test,SP24,ydfid/SP24/test/anomaly/ydfid_defect_005753.bmp,ydfid/SP24/ground_truth/anomaly/ydfid_defect_005753.png,1,True,09fa74ce5766384ec912a61df88d37a14db9092c123dd2c9c19af2f5936752c1,512,512,True,512,512,0|255,298,0.00113677978515625,1.10526,False,
test,SP24,ydfid/SP24/test/anomaly/ydfid_defect_005754.bmp,ydfid/SP24/ground_truth/anomaly/ydfid_defect_005754.png,1,True,2344cf05886b0f0b2e792ce4be88ebd0180c7017c6093825989222cc3dbd366d,512,512,True,512,512,0|255,277,0.001056671142578125,1.17647,False,
test,SP24,ydfid/SP24/test/anomaly/ydfid_defect_005755.bmp,ydfid/SP24/ground_truth/anomaly/ydfid_defect_005755.png,1,True,8a85cce18d6243d5cb667bfb9b74b031f6628c3ae4f13967277bae4274cf3ded,512,512,True,512,512,0|255,856,0.003265380859375,7.08696,False,
test,SP24,ydfid/SP24/test/anomaly/ydfid_defect_005756.bmp,ydfid/SP24/ground_truth/anomaly/ydfid_defect_005756.png,1,True,888a8ed1b55045ec9669120781c0c55358bee8ce51cce7c0ea1db50dbea556b9,512,512,True,512,512,0|255,671,0.002559661865234375,2.16667,False,
test,SP24,ydfid/SP24/test/anomaly/ydfid_defect_005757.bmp,ydfid/SP24/ground_truth/anomaly/ydfid_defect_005757.png,1,True,92244d5e61b9f80c7d00d11705d6011b1cbff74c283f229e9386353d49ac5665,512,512,True,512,512,0|255,421,0.001605987548828125,2.33333,False,
test,SP24,ydfid/SP24/test/anomaly/ydfid_defect_005758.bmp,ydfid/SP24/ground_truth/anomaly/ydfid_defect_005758.png,1,True,8e57d8d5bb763f96efa6e4168d234752ed0510d180de21bb4cba9491dcb4ef58,512,512,True,512,512,0|255,6199,0.023647308349609375,23.27273,False,
test,SP24,ydfid/SP24/test/anomaly/ydfid_defect_005759.bmp,ydfid/SP24/ground_truth/anomaly/ydfid_defect_005759.png,1,True,4f474f97664442d9b9d8eca70306c696df73956eb9aee82678b18619146cb34b,512,512,True,512,512,0|255,2203,0.008403778076171875,15.83333,False,
test,SP24,ydfid/SP24/test/anomaly/ydfid_defect_005760.bmp,ydfid/SP24/ground_truth/anomaly/ydfid_defect_005760.png,1,True,c6aada986727627bed7818ecdc446185fdb54af9537f943b1d30dc49cab15cc2,512,512,True,512,512,0|255,6302,0.02404022216796875,26.94737,False,
test,SP24,ydfid/SP24/test/anomaly/ydfid_defect_005761.bmp,ydfid/SP24/ground_truth/anomaly/ydfid_defect_005761.png,1,True,a54de032290e789d2e41fb11d889de6b77336634269febff590c00d531c9fdbf,512,512,True,512,512,0|255,10978,0.04187774658203125,1.10933,False,
test,SP24,ydfid/SP24/test/anomaly/ydfid_defect_005762.bmp,ydfid/SP24/ground_truth/anomaly/ydfid_defect_005762.png,1,True,4d78d7a009473cb2bf17be68e5a84bea4ff2aa6cd6ded76891570400a9acf59d,512,512,True,512,512,0|255,9642,0.03678131103515625,4.35484,False,
test,SP24,ydfid/SP24/test/anomaly/ydfid_defect_005763.bmp,ydfid/SP24/ground_truth/anomaly/ydfid_defect_005763.png,1,True,735a0e30dd28a5ff4d6e7fc560de84f790f45c203554245c7ba7304014ea91fa,512,512,True,512,512,0|255,5492,0.0209503173828125,30.11765,False,
test,SP24,ydfid/SP24/test/anomaly/ydfid_defect_005764.bmp,ydfid/SP24/ground_truth/anomaly/ydfid_defect_005764.png,1,True,5798aebbcd1c5667f9b502f704bd044868f0a377e1d25dc8adc6473b9b16e23d,512,512,True,512,512,0|255,867,0.003307342529296875,1.5098,False,
test,SP24,ydfid/SP24/test/anomaly/ydfid_defect_005765.bmp,ydfid/SP24/ground_truth/anomaly/ydfid_defect_005765.png,1,True,ab9a097d05dc19e6f139c9b0b98d0745d9086dc9eef094d12ce1e103d9ca665e,512,512,True,512,512,0|255,4650,0.01773834228515625,24.38095,False,
test,SP24,ydfid/SP24/test/anomaly/ydfid_defect_005766.bmp,ydfid/SP24/ground_truth/anomaly/ydfid_defect_005766.png,1,True,fddcb88342f37c7cb278c17b014377c2fa956e80cff53b9d156403838027d868,512,512,True,512,512,0|255,570,0.00217437744140625,1.74194,False,
test,SP24,ydfid/SP24/test/anomaly/ydfid_defect_005767.bmp,ydfid/SP24/ground_truth/anomaly/ydfid_defect_005767.png,1,True,32280bf874cfec911bb8733c326f0dfa950264c3a73cabd3527587c23d36f276,512,512,True,512,512,0|255,1675,0.006389617919921875,1.92105,False,
test,SP24,ydfid/SP24/test/anomaly/ydfid_defect_005768.bmp,ydfid/SP24/ground_truth/anomaly/ydfid_defect_005768.png,1,True,b46c7d62817ac23e1c85070627b3cbe6bfc7718c616beeb8521f0e191fca1db1,512,512,True,512,512,0|255,3194,0.01218414306640625,1.97241,False,
test,SP24,ydfid/SP24/test/anomaly/ydfid_defect_005769.bmp,ydfid/SP24/ground_truth/anomaly/ydfid_defect_005769.png,1,True,4aa4e56690b28cc485e9a71ff4b31baf7d86e52bd0bc77720da2b288c25e7924,512,512,True,512,512,0|255,742,0.00283050537109375,1.60714,False,
test,SP24,ydfid/SP24/test/anomaly/ydfid_defect_005770.bmp,ydfid/SP24/ground_truth/anomaly/ydfid_defect_005770.png,1,True,8e832a10145926d12056198a62ea492e8340d39b660b58ab6be9cf2dee4ce622,512,512,True,512,512,0|255,8030,0.03063201904296875,19.69231,False,
test,SP24,ydfid/SP24/test/anomaly/ydfid_defect_005771.bmp,ydfid/SP24/ground_truth/anomaly/ydfid_defect_005771.png,1,True,f568ef684cf2ba35d0baf43ae2a5712992e45a4cd9bb6ba2ecf71da82770a047,512,512,True,512,512,0|255,4128,0.0157470703125,2.42609,False,
test,SP24,ydfid/SP24/test/anomaly/ydfid_defect_005772.bmp,ydfid/SP24/ground_truth/anomaly/ydfid_defect_005772.png,1,True,f441ef5aca471bb9eea2127362b45930bdfed309a99dadd4fbd798992909150a,512,512,True,512,512,0|255,28868,0.1101226806640625,2.00784,False,
test,SP24,ydfid/SP24/test/anomaly/ydfid_defect_005773.bmp,ydfid/SP24/ground_truth/anomaly/ydfid_defect_005773.png,1,True,f521f4d45021939cf9c786131c6349d2398aeb4f1074f54bc5e4bd7dfd9ebcb1,512,512,True,512,512,0|255,2082,0.00794219970703125,2.38158,False,
test,SP24,ydfid/SP24/test/good/ydfid_good_005504.bmp,,0,True,2e0e2e679f69eb8caeafd3be20bc4254e662e29fdc305953b45c587aecc51045,512,512,,,,,,,,,
test,SP24,ydfid/SP24/test/good/ydfid_good_005505.bmp,,0,True,07fb2cd83675901dc57873972ed406f8f2514c4afd69ad43af9ef09e80e275bd,512,512,,,,,,,,,
test,SP24,ydfid/SP24/test/good/ydfid_good_005506.bmp,,0,True,0ac8cc4471078603ba997adbeaf2cb4403561decc16a23f8f70ac56dedbd3290,512,512,,,,,,,,,
test,SP24,ydfid/SP24/test/good/ydfid_good_005507.bmp,,0,True,74eb0be1d0bcf4a787c5fa6eee269d77f32dd3d6a3034c07d034c8d78b29b7f2,512,512,,,,,,,,,
test,SP24,ydfid/SP24/test/good/ydfid_good_005508.bmp,,0,True,ac1d7f663524e9253e6efc43b4cb4d81ba48f4abc63e000920df8e94feda7760,512,512,,,,,,,,,
test,SP24,ydfid/SP24/test/good/ydfid_good_005509.bmp,,0,True,0e095051ed93bfcb9fe2e98a6e054029886c4887079287422b83d2412f79002c,512,512,,,,,,,,,
test,SP24,ydfid/SP24/test/good/ydfid_good_005510.bmp,,0,True,3ba0194c901ea29706989b7790ce28c6c4e9afe929e3bed4f6d416abd5c4fc04,512,512,,,,,,,,,
test,SP24,ydfid/SP24/test/good/ydfid_good_005511.bmp,,0,True,77d3b709f2be2c9db5774ab10f66c3d8fab5e2c87dea8b6cb833ec7b18c6bad1,512,512,,,,,,,,,
test,SP24,ydfid/SP24/test/good/ydfid_good_005512.bmp,,0,True,937adf30eb3fc612ae9f957bc9d0b67e1b70c7d134109a73f0cf5a4ce9692b0f,512,512,,,,,,,,,
test,SP24,ydfid/SP24/test/good/ydfid_good_005513.bmp,,0,True,e08ab8f949be4cfd25b98807ebafe874ec78de8b9cb4b8db149b9f75cadd6e9f,512,512,,,,,,,,,
test,SP24,ydfid/SP24/test/good/ydfid_good_005514.bmp,,0,True,e3b1e6ae55d3d46eb880768153b0d3dfbf01d2792a17f6d53cfa4845d1fe172d,512,512,,,,,,,,,
test,SP24,ydfid/SP24/test/good/ydfid_good_005515.bmp,,0,True,54ec1e2c16515f28d9b77f8720184e5d20ea41ed8fe36f7abd74e714e785d94d,512,512,,,,,,,,,
test,SP24,ydfid/SP24/test/good/ydfid_good_005516.bmp,,0,True,5a27889c35673a0041a4bff23d38645f9cb27286bbae3742b7dca8f8b5233972,512,512,,,,,,,,,
test,SP24,ydfid/SP24/test/good/ydfid_good_005517.bmp,,0,True,78d62a73ca2721bd093a22ecc41213d3b03f4d76e33ca41339ae80ead1110efb,512,512,,,,,,,,,
test,SP24,ydfid/SP24/test/good/ydfid_good_005518.bmp,,0,True,64a8e8deb015db664fb748ed0563cdc7b6999c684449e68a4b3e7bf0065d16c2,512,512,,,,,,,,,
test,SP24,ydfid/SP24/test/good/ydfid_good_005519.bmp,,0,True,66cf538cfb4a02c3b51526aee0ccde1089dfec0cfce0205e94faba8588694ac9,512,512,,,,,,,,,
test,SP24,ydfid/SP24/test/good/ydfid_good_005520.bmp,,0,True,aea6b5100c5cd753e9aa50c350badf00c969bfff7b0660a076b9668db54563b2,512,512,,,,,,,,,
test,SP24,ydfid/SP24/test/good/ydfid_good_005521.bmp,,0,True,e21a281e53f6c7279aba611b7f990ab5ed294bb9579b7c368e8a2548985febad,512,512,,,,,,,,,
test,SP24,ydfid/SP24/test/good/ydfid_good_005522.bmp,,0,True,5a7a358628d427613b31a8ef193bfaab17c3da80793ae3f35ebe091c5fbaf544,512,512,,,,,,,,,
test,SP24,ydfid/SP24/test/good/ydfid_good_005523.bmp,,0,True,507ab6fd6b5c53f5d26971637bc6b3cf0f57c96fd3d4ce84e2b42f61fdcb73b2,512,512,,,,,,,,,
test,SP24,ydfid/SP24/test/good/ydfid_good_005524.bmp,,0,True,536758a74944f2980657d369f443ff1ea6ccb9b7f915b83af0ad85746f1a135b,512,512,,,,,,,,,
test,SP24,ydfid/SP24/test/good/ydfid_good_005525.bmp,,0,True,59e4d10493b23b2c1308bcdcb98aed4449657bccb8b8fab27355cea508407160,512,512,,,,,,,,,
test,SP24,ydfid/SP24/test/good/ydfid_good_005526.bmp,,0,True,7d4eeb48909a3adbc71d27e3fa53fb1e3c4160079fe85370272b1281ccb641b5,512,512,,,,,,,,,
test,SP24,ydfid/SP24/test/good/ydfid_good_005527.bmp,,0,True,ddc5c6465f111d7254a1e3acb5121ffee0a50e6c65a9dfe586dc610e444120b7,512,512,,,,,,,,,
test,SP24,ydfid/SP24/test/good/ydfid_good_005528.bmp,,0,True,e49e64b1a9654d0c57d30bf14230d54144554a10579c42d37be8bef4cbe604f2,512,512,,,,,,,,,
test,SP24,ydfid/SP24/test/good/ydfid_good_005529.bmp,,0,True,40c15573a7e7f69abf97cefd7cb8edcd8bb6405cc70726e7e9f26043b0d79b49,512,512,,,,,,,,,
test,SP24,ydfid/SP24/test/good/ydfid_good_005530.bmp,,0,True,c0d0e0908fcc0a3d2e1237ab41d98ac6b0e7022406a756cdebdb5d2ba111a7a6,512,512,,,,,,,,,
test,SP24,ydfid/SP24/test/good/ydfid_good_005531.bmp,,0,True,8d4e583e411f38f90e3b9135d1ed6ebb7e9f27bdf24948992cab53f8a6ccf750,512,512,,,,,,,,,
test,SP24,ydfid/SP24/test/good/ydfid_good_005532.bmp,,0,True,076091f4c993bd90664b065808459e4daab731811a6a2280b7acd2d4eda2c56b,512,512,,,,,,,,,
test,SP24,ydfid/SP24/test/good/ydfid_good_005533.bmp,,0,True,a3b12db879eabaa96cb17f5b61d95bce34d5de1662b5dc61b927578f2d2b1070,512,512,,,,,,,,,
test,SP24,ydfid/SP24/test/good/ydfid_good_005534.bmp,,0,True,7e24269cde1714e0856115ad2f8af4245da56f55d459320ab53c5e4eeb13c70f,512,512,,,,,,,,,
test,SP24,ydfid/SP24/test/good/ydfid_good_005535.bmp,,0,True,527ed9c55b3214b0658343112a01f0e29f09cd640a512c594597092f6af71e92,512,512,,,,,,,,,
test,SP24,ydfid/SP24/test/good/ydfid_good_005536.bmp,,0,True,15cdd7d46ca4f644deab21407fe1224bc32436a042921f8472a5c3f1567da35a,512,512,,,,,,,,,
test,SP24,ydfid/SP24/test/good/ydfid_good_005537.bmp,,0,True,9e8fdbdeec13b62437de6599d15f8b5dd205d4adcdd8d2e224510c5c6153f686,512,512,,,,,,,,,
test,SP24,ydfid/SP24/test/good/ydfid_good_005538.bmp,,0,True,eb5603d54b00a7b90bb980276c9e4f3fe96dc780ddbbdecb1483e315fe07f4be,512,512,,,,,,,,,
test,SP24,ydfid/SP24/test/good/ydfid_good_005539.bmp,,0,True,12342dbf314d533d80d4547fc1d04e3a0b41f572c5165dec8163285c816878fd,512,512,,,,,,,,,
test,SP24,ydfid/SP24/test/good/ydfid_good_005540.bmp,,0,True,f121c1b4323e26ce357cd8f4888557a3131fab180a5b0429c122bb8aab1c718e,512,512,,,,,,,,,
test,SP24,ydfid/SP24/test/good/ydfid_good_005541.bmp,,0,True,252d8f29d00c829f1ac8513a5199c7d0d815cb0f8edc650c85d6dba41d6824bb,512,512,,,,,,,,,
test,SP24,ydfid/SP24/test/good/ydfid_good_005542.bmp,,0,True,0eb5bffeda461f4505274c9b5de7764e1ba82a12d350f11946528e77334a8b60,512,512,,,,,,,,,
test,SP24,ydfid/SP24/test/good/ydfid_good_005543.bmp,,0,True,e412507c808ec9949dcd19b49d808deb8fd57beaad89b4de33e45758fd97b9f5,512,512,,,,,,,,,
test,SP24,ydfid/SP24/test/good/ydfid_good_005544.bmp,,0,True,7cffe8323d016217f3b3723dccdb9d7ac65f3a9b9b939b55abdb973c593b3f75,512,512,,,,,,,,,
test,SP24,ydfid/SP24/test/good/ydfid_good_005545.bmp,,0,True,cefd81ec426f76bc742501a1e5e9c6493b4d869325a31bc52ef0b15e5efe028c,512,512,,,,,,,,,
test,SP24,ydfid/SP24/test/good/ydfid_good_005546.bmp,,0,True,dc023cfb5e46233da78a1f313cdf74ad82999d0c9a5c5ca9ab9220975465ec71,512,512,,,,,,,,,
test,SP24,ydfid/SP24/test/good/ydfid_good_005547.bmp,,0,True,a589544a76dc7c6e24efd7a5735a3b22103596d42345f4e8e60f4b1ac14545e9,512,512,,,,,,,,,
test,SP24,ydfid/SP24/test/good/ydfid_good_005548.bmp,,0,True,021ec729a33412842750a2ca3b2fdc30aee933784d6a565b9c03c6484b391a08,512,512,,,,,,,,,
test,SP24,ydfid/SP24/test/good/ydfid_good_005549.bmp,,0,True,650a936e1c0d19ec821373dcb9052a166ebe05a1515fcfa274fa985b17d0af36,512,512,,,,,,,,,
test,SP24,ydfid/SP24/test/good/ydfid_good_005550.bmp,,0,True,8d6aa6c4f7c91f3f239606d98c0c359170645ef25dd10eba7a064c0580e8a3ad,512,512,,,,,,,,,
test,SP24,ydfid/SP24/test/good/ydfid_good_005551.bmp,,0,True,68c12505e33b2800825280d6d42db9e163745f2cfab811785c5ca8d8e595b137,512,512,,,,,,,,,
test,SP24,ydfid/SP24/test/good/ydfid_good_005552.bmp,,0,True,dd24b3de4f857b78e3f3a828855d78b687467cd1bf9887bf6e895cfda64850d8,512,512,,,,,,,,,
test,SP24,ydfid/SP24/test/good/ydfid_good_005553.bmp,,0,True,53bac9e5a5e939857fa289e3cd1022f6629681745aae1dd624199f552eca6300,512,512,,,,,,,,,
test,SP24,ydfid/SP24/test/good/ydfid_good_005554.bmp,,0,True,834aee467531137a74e52d41a7e5670b644caf005a72cac2001b3c80a92e5b59,512,512,,,,,,,,,
test,SP24,ydfid/SP24/test/good/ydfid_good_005555.bmp,,0,True,674c3126a887075019525958b183bb7895076a8039b5b85875682a6e9db30fbe,512,512,,,,,,,,,
test,SP24,ydfid/SP24/test/good/ydfid_good_005556.bmp,,0,True,eb671c2a1ca8e8c15c0af297306c29073c6d540e579be315e4aaca9a8e6dab57,512,512,,,,,,,,,
test,SP24,ydfid/SP24/test/good/ydfid_good_005557.bmp,,0,True,605b7ef7536b5d247e9aa96cfa3a9335251258ad1516ea36c222fa5a1c6182ce,512,512,,,,,,,,,
test,SP24,ydfid/SP24/test/good/ydfid_good_005558.bmp,,0,True,d56069ac89a43bdd1c6bc3494f818efdf873693b91178ab9f4ea7ba08f925e15,512,512,,,,,,,,,
test,SP24,ydfid/SP24/test/good/ydfid_good_005559.bmp,,0,True,472ced6bd99f996d48d1026042faace3bc1564653ca9c44ee3e27aed84372120,512,512,,,,,,,,,
test,SP24,ydfid/SP24/test/good/ydfid_good_005560.bmp,,0,True,e91ee7ed9f3cf0b4fcdebe004de40f7d1ada2383c1959aecbfc19f2f8cb8a553,512,512,,,,,,,,,
test,SP24,ydfid/SP24/test/good/ydfid_good_005561.bmp,,0,True,bbbab324278f32725fc327871afac203b5211deead8b715b0f7a5b9233b321b4,512,512,,,,,,,,,
test,SP24,ydfid/SP24/test/good/ydfid_good_005562.bmp,,0,True,f7f0a577e222110f5ce945f8bd764245246188bb7ef490aa1caed1b82dde9583,512,512,,,,,,,,,
test,SP24,ydfid/SP24/test/good/ydfid_good_005563.bmp,,0,True,7db579a82ebd3ae1d7ed2b49184107cd77db1f928ed8e6251d537a7a5e093cd5,512,512,,,,,,,,,
test,SP24,ydfid/SP24/test/good/ydfid_good_005564.bmp,,0,True,75075d0f336adc303f0290911c92595450db90cc2604cf6fefb063a26193edc5,512,512,,,,,,,,,
test,SP24,ydfid/SP24/test/good/ydfid_good_005565.bmp,,0,True,ba042275a9bab13c158ed061b2593cb1f35751fa7daa42d703288b1276f321cb,512,512,,,,,,,,,
test,SP24,ydfid/SP24/test/good/ydfid_good_005566.bmp,,0,True,01eb363f3f4746693e6ad739fcaff9b3ce4c6e150d579fa07d56cb8d71ba4a27,512,512,,,,,,,,,
test,SP24,ydfid/SP24/test/good/ydfid_good_005567.bmp,,0,True,d7022299ee44937daa956a74ebe674a7fca32e19485b43a9edbfe11927f45f08,512,512,,,,,,,,,
test,SP24,ydfid/SP24/test/good/ydfid_good_005568.bmp,,0,True,eb3974ad2fce354bd6056188cff50fe9cc1a5d75acaeb1c8c0e76ab1b1271261,512,512,,,,,,,,,
test,SP24,ydfid/SP24/test/good/ydfid_good_005569.bmp,,0,True,cd1fbbab2b77c0e9b24975b475723e5d57beacb880d31a48b03443a279812380,512,512,,,,,,,,,
test,SP24,ydfid/SP24/test/good/ydfid_good_005570.bmp,,0,True,475e479320b6395ff2741777365fe6d7f0917ebb282276b5732d6bc1c5995439,512,512,,,,,,,,,
test,SP24,ydfid/SP24/test/good/ydfid_good_005571.bmp,,0,True,f2a7e24993aea702ad07739f4de84b10aa1e99275f584623cc289f06dfd217e8,512,512,,,,,,,,,
test,SP24,ydfid/SP24/test/good/ydfid_good_005572.bmp,,0,True,1f35b374fe878a06403b136820ce7c7e9a97758ea13e0f6ec2359d1bcd0291fb,512,512,,,,,,,,,
test,SP24,ydfid/SP24/test/good/ydfid_good_005573.bmp,,0,True,a527da5995034e4c7b0b3d6df9dcac3f870e7a035983cd13da4256f9bf3f0801,512,512,,,,,,,,,
test,SP24,ydfid/SP24/test/good/ydfid_good_005574.bmp,,0,True,037f553739dcdb6130dc04dd28f197bdcc061955a8adebc588bc057669309e1b,512,512,,,,,,,,,
test,SP24,ydfid/SP24/test/good/ydfid_good_005575.bmp,,0,True,e3994270f7590186b68a9d49bfe9d0c73be8ce3d3c76dc7926752df224437b65,512,512,,,,,,,,,
test,SP24,ydfid/SP24/test/good/ydfid_good_005576.bmp,,0,True,7ae71915360708e73c275ccb7c4f89c745028ccf72ed79fbff2139c116fdad8e,512,512,,,,,,,,,
test,SP24,ydfid/SP24/test/good/ydfid_good_005577.bmp,,0,True,4a219286c39d04282c8d05a0197a3b78322d811511c223670fe6c841014caa9a,512,512,,,,,,,,,
test,SP24,ydfid/SP24/test/good/ydfid_good_005578.bmp,,0,True,abf5fa6412b8085a08f4fd95d8cf11eeed9121b7471bba8c24a566943dca98e9,512,512,,,,,,,,,
test,SP24,ydfid/SP24/test/good/ydfid_good_005579.bmp,,0,True,9e9209a21fe1eff0039100b304aade8ba5783d2f0343aa34be388768bb08afe5,512,512,,,,,,,,,
test,SP24,ydfid/SP24/test/good/ydfid_good_005580.bmp,,0,True,6203a78756bd37744ddf62c41f940d6d07b3b43f7e254a453860f5d540fe38fe,512,512,,,,,,,,,
test,SP24,ydfid/SP24/test/good/ydfid_good_005581.bmp,,0,True,ad00dd9ae739d50dfbc6602bb390d3c2a18e32e28bf94ec8e23c4cf42ed87314,512,512,,,,,,,,,
test,SP24,ydfid/SP24/test/good/ydfid_good_005582.bmp,,0,True,1afc349a3c7f8cf5e1138f8374f26906bd238e0c116a3b5b1e07d598b41b9c2a,512,512,,,,,,,,,
test,SP24,ydfid/SP24/test/good/ydfid_good_005583.bmp,,0,True,07af5d6d2ee7bde97941a842f4a68555c12500bd1a8df9b495b13475c6d35432,512,512,,,,,,,,,
test,SP24,ydfid/SP24/test/good/ydfid_good_005584.bmp,,0,True,2daf67ecfe6590a272227b869b4404758b2da8cd3aacf4b011b1b07c968ab9cf,512,512,,,,,,,,,
test,SP24,ydfid/SP24/test/good/ydfid_good_005585.bmp,,0,True,a6a1dabbcac8d25ba9de5300b7bf96f03d9ff1e7c2e54b29d55a822e4cae274a,512,512,,,,,,,,,
test,SP24,ydfid/SP24/test/good/ydfid_good_005586.bmp,,0,True,c8efbf73c1e87f5c91d123e0ac4ef617e5a99f467c91dc5aa8a9b22d41666cd6,512,512,,,,,,,,,
test,SP24,ydfid/SP24/test/good/ydfid_good_005587.bmp,,0,True,5977f1f2c8dc39b4370f058fc2a941210d180e8a24d9f2b47c78045d1247abf3,512,512,,,,,,,,,
test,SP24,ydfid/SP24/test/good/ydfid_good_005588.bmp,,0,True,63884c6b7c21d0a10abf6bce29dae0ab78e90aab60a358f05237e5f44715521d,512,512,,,,,,,,,
test,SP24,ydfid/SP24/test/good/ydfid_good_005589.bmp,,0,True,32f438ab2eed9add1f3d1e96458e6d20b114746f94be3a64e8d06c55b375ee1a,512,512,,,,,,,,,
test,SP24,ydfid/SP24/test/good/ydfid_good_005590.bmp,,0,True,a311886bac1f437d4d3944bd4a5bb0a1253faf15d6a40e054650f23a9f58dcde,512,512,,,,,,,,,
test,SP24,ydfid/SP24/test/good/ydfid_good_005591.bmp,,0,True,7f39469cafe4989724e6517961a2e61eb1fa70064cd798fcc68ede98898764de,512,512,,,,,,,,,
test,SP24,ydfid/SP24/test/good/ydfid_good_005592.bmp,,0,True,a8444e10d18ca57fb681ed7282b5cbd3160ce0b0e3b67bb0249a0f1980e6a87e,512,512,,,,,,,,,
test,SP24,ydfid/SP24/test/good/ydfid_good_005593.bmp,,0,True,32f34e8116600289d6e74692bf332534a1be16071219d9baebd54898ec6281ec,512,512,,,,,,,,,
test,SP24,ydfid/SP24/test/good/ydfid_good_005594.bmp,,0,True,7bfcc3b1907b9321a2bc1bb657d8269c09b007e4e3fa4535dc0752d0614b6255,512,512,,,,,,,,,
test,SP24,ydfid/SP24/test/good/ydfid_good_005595.bmp,,0,True,16d3b7a998d9460246eb34c7b826dd8717c2606ad952ec838029a5b9e0ca5b23,512,512,,,,,,,,,
test,SP24,ydfid/SP24/test/good/ydfid_good_005596.bmp,,0,True,a2ccfdce2aed1024006f5d2c098b73e9850f8d2438154e0d81b1db4ff8cb0938,512,512,,,,,,,,,
test,SP24,ydfid/SP24/test/good/ydfid_good_005597.bmp,,0,True,bc3c5748b62f09a6af3b5184b025682bf2dc95ccbfc05725d7e370b5a7d0c3d7,512,512,,,,,,,,,
test,SP24,ydfid/SP24/test/good/ydfid_good_005598.bmp,,0,True,ce3d4c05bf6634c58edcf3615e07b860c46cec23644852361d3d01b32cb03262,512,512,,,,,,,,,
test,SP24,ydfid/SP24/test/good/ydfid_good_005599.bmp,,0,True,202714a5822aa031a9512252b5298e9220c7e21bb250286eaeddfe545b42f402,512,512,,,,,,,,,
test,SP24,ydfid/SP24/test/good/ydfid_good_005600.bmp,,0,True,b8ecffd58bc5e0c6a613a426589995dbae51098d75c010de12816a68cf6bb805,512,512,,,,,,,,,
test,SP24,ydfid/SP24/test/good/ydfid_good_005601.bmp,,0,True,f7fbb56a664309c37da2f3647e7a47b4d57b95f2453d2ae7cc53a904af16c244,512,512,,,,,,,,,
test,SP24,ydfid/SP24/test/good/ydfid_good_005602.bmp,,0,True,5d26671957a15df779ae5ee90bddd8f09fcc59dd1023cf79ee95f96e091282f2,512,512,,,,,,,,,
test,SP24,ydfid/SP24/test/good/ydfid_good_005603.bmp,,0,True,0cd53ccec5733e4dadeb10ee9ad07dddc3708085c148b88ef6ab652af832dd49,512,512,,,,,,,,,
test,SP24,ydfid/SP24/test/good/ydfid_good_005604.bmp,,0,True,e10b0ad617e7c6a12b067b937faa6dc411672cadce96dab0291c081e4a3387f7,512,512,,,,,,,,,
test,SP24,ydfid/SP24/test/good/ydfid_good_005605.bmp,,0,True,1bb8b4d5cc9a34f28102348d36fef953d451a8280000a248d3f512115db2b643,512,512,,,,,,,,,
test,SP24,ydfid/SP24/test/good/ydfid_good_005606.bmp,,0,True,25b0b56675a33ad6f4d25a4f70519669bf672d52ba7c697bc34947e16063bd20,512,512,,,,,,,,,
test,SP24,ydfid/SP24/test/good/ydfid_good_005607.bmp,,0,True,89b6dfff45827ee12249ef130081e29b6982d0a26fc0610bc1d8c005e2237462,512,512,,,,,,,,,
test,SP24,ydfid/SP24/test/good/ydfid_good_005608.bmp,,0,True,2fc77286f1f01eda99416c74298170f5787078e97a649b1d06e6404d40855e3e,512,512,,,,,,,,,
test,SP24,ydfid/SP24/test/good/ydfid_good_005609.bmp,,0,True,8914f4cd31c345cbd631f79267eb8923bda4baa5e3b9dca4d22288d13e824046,512,512,,,,,,,,,
test,SP24,ydfid/SP24/test/good/ydfid_good_005610.bmp,,0,True,b2ba6c0a8afdd7d8f73b7ad986fa2903cc617f342a81239e83edafd2f8a99031,512,512,,,,,,,,,
test,SP24,ydfid/SP24/test/good/ydfid_good_005611.bmp,,0,True,e653d99ed7486363b0dc83c21dc52c8a2b6863966e7fde7145bb01566b1c6a3a,512,512,,,,,,,,,
test,SP24,ydfid/SP24/test/good/ydfid_good_005612.bmp,,0,True,a8122574e1f046c8a8c4562eb19e21dc5416332eb93c843acfb6781b0f11b4ea,512,512,,,,,,,,,
test,SP24,ydfid/SP24/test/good/ydfid_good_005613.bmp,,0,True,cfb94c09649265dc0da4b3b968c0954aa42924a2bf50dc8fe68f6416e9f1c5c6,512,512,,,,,,,,,
test,SP24,ydfid/SP24/test/good/ydfid_good_005614.bmp,,0,True,e0f96a52c1b756f39511ac1f227f14d37a0efcf30407be5bce00a114bd86a5dc,512,512,,,,,,,,,
test,SP24,ydfid/SP24/test/good/ydfid_good_005615.bmp,,0,True,5756256e15c5c14282ac8bcfc9981f7a2bf25077cc6d0d0df6083d98bb27ed44,512,512,,,,,,,,,
test,SP24,ydfid/SP24/test/good/ydfid_good_005616.bmp,,0,True,a246e23d55908879399b57bb5d32eadb0918f3e522444dce18bcb16ffe4c38da,512,512,,,,,,,,,
test,SP24,ydfid/SP24/test/good/ydfid_good_005617.bmp,,0,True,6bbf3c6bd83de7b9b6e7b1aa484c3077f64fab19647255088db6ac22a53320a9,512,512,,,,,,,,,
test,SP24,ydfid/SP24/test/good/ydfid_good_005618.bmp,,0,True,2adbd656e99f0aa5a20b73f05fb153dd0ea62fb98eec809076aeba5165167f4b,512,512,,,,,,,,,
test,SP24,ydfid/SP24/test/good/ydfid_good_005619.bmp,,0,True,79e99ef86be44a1723a2264b96156b1af5ab4f6e55191f679ccf6b7196b26dc5,512,512,,,,,,,,,
test,SP24,ydfid/SP24/test/good/ydfid_good_005620.bmp,,0,True,04fb9f007abb23ca7af3ed7cbfa83333d28b4175f531398dcbabfa5483f7de73,512,512,,,,,,,,,
test,SP24,ydfid/SP24/test/good/ydfid_good_005621.bmp,,0,True,cca0667c47a0889c42d861ca83a68b702b565d6f3b8ec9ac9ce0fea13bcb6f36,512,512,,,,,,,,,
test,SP24,ydfid/SP24/test/good/ydfid_good_005622.bmp,,0,True,98e483a149164a69735dc4fa34c2d784771deb55f46ed528421b740d39b0163b,512,512,,,,,,,,,
test,SP24,ydfid/SP24/test/good/ydfid_good_005623.bmp,,0,True,1332b68e11e1863dffdcc00fbf1f6bcc380503319b5848d046eb68cb15db2338,512,512,,,,,,,,,
test,SP24,ydfid/SP24/test/good/ydfid_good_005624.bmp,,0,True,8b27362c76e8866c6c66e9783de6acf73886ee2a600818971894c509a8ca9714,512,512,,,,,,,,,
test,SP24,ydfid/SP24/test/good/ydfid_good_005625.bmp,,0,True,a1f23b6c890c0e1a87d44ba6f3f3d7e50c1cf75bcba3e7bb3320f370a394fcbe,512,512,,,,,,,,,
test,SP24,ydfid/SP24/test/good/ydfid_good_005626.bmp,,0,True,52e9f9c5773b2dd8a4769c890d6400ebee32b9e47e0976bc06b23b7894499f73,512,512,,,,,,,,,
test,SP24,ydfid/SP24/test/good/ydfid_good_005627.bmp,,0,True,961aa1b61e10bd1bde83a6efb069c84c4d6c8cc1649d94c615eec247b1e5f021,512,512,,,,,,,,,
test,SP24,ydfid/SP24/test/good/ydfid_good_005628.bmp,,0,True,3d0cb30a17df176e1be1b2e26f931f6b680308a0a3fa3e56c5153858487c2ac7,512,512,,,,,,,,,
test,SP24,ydfid/SP24/test/good/ydfid_good_005629.bmp,,0,True,1e53cf00eb8c9efa08248c8dd0da08a96f2603f166366ce488dfe86c26ec323a,512,512,,,,,,,,,
test,SP24,ydfid/SP24/test/good/ydfid_good_005630.bmp,,0,True,7eec2295dd0d7c620d1eecbad8d103c0bfc959013cf2f4b6894af3915805ee38,512,512,,,,,,,,,
test,SP24,ydfid/SP24/test/good/ydfid_good_005631.bmp,,0,True,bdd8ea980850aabe09b26320197ac826783b1e856f5d2beacd5b43c3bff7e6df,512,512,,,,,,,,,
test,SP24,ydfid/SP24/test/good/ydfid_good_005632.bmp,,0,True,887bc70b168448fa021eb8613955dd548a065a9308e5e5a3fdc2ebcc4cf9d286,512,512,,,,,,,,,
test,SP24,ydfid/SP24/test/good/ydfid_good_005633.bmp,,0,True,6d15b13458a9393ba23fdaba30027f389ce11b9316957dc3372677efd16b1e8a,512,512,,,,,,,,,
test,SP24,ydfid/SP24/test/good/ydfid_good_005634.bmp,,0,True,57b5cc8e29d6314e0ad5d7a19fc1876a88b8df6e1e35f294a1e96bfcb3205392,512,512,,,,,,,,,
test,SP24,ydfid/SP24/test/good/ydfid_good_005635.bmp,,0,True,19b6db6e625ffa2c2cf03e87e7ad70b063171a9a6939e24a1dba25dbcf2b3532,512,512,,,,,,,,,
test,SP24,ydfid/SP24/test/good/ydfid_good_005636.bmp,,0,True,5f6fc184caa1054015e419984fd1f2e9bb85679ff9fb263e8f0a6af943c109aa,512,512,,,,,,,,,
test,SP24,ydfid/SP24/test/good/ydfid_good_005637.bmp,,0,True,6fb8fbc53869e9fddef287a8af600a517eec80f4ba9687dba612304a1b2dbd56,512,512,,,,,,,,,
test,SP24,ydfid/SP24/test/good/ydfid_good_005638.bmp,,0,True,a9e9e3833bc8655158187b8e3989e9b89cf7fb170a3f59a6e157a89c2ca5b7bc,512,512,,,,,,,,,
test,SP24,ydfid/SP24/test/good/ydfid_good_005639.bmp,,0,True,1c4c54350ef47529930ca40acc11d529e579472d40d1cc8b8df46794f0e0e4c5,512,512,,,,,,,,,
test,SP24,ydfid/SP24/test/good/ydfid_good_005640.bmp,,0,True,c3e8fabfbb4e43279f3f606db01d6f23518ac306343c39039c5a3696989af2e8,512,512,,,,,,,,,
test,SP24,ydfid/SP24/test/good/ydfid_good_005641.bmp,,0,True,e57cb7b5d8a734b1f9a68e02538894db564c3033164b7c83db262f615196ee8e,512,512,,,,,,,,,
test,SP24,ydfid/SP24/test/good/ydfid_good_005642.bmp,,0,True,dc33576b893ca7dca58efd161fd9ea150a3054e64a75fe4c081757cae80aef8d,512,512,,,,,,,,,
test,SP24,ydfid/SP24/test/good/ydfid_good_005643.bmp,,0,True,a9fb09e1c857a4cf6b01518d0000b9e8d22e38bfa498db5a4d4bd2c8fb23f1a8,512,512,,,,,,,,,
test,SP24,ydfid/SP24/test/good/ydfid_good_005644.bmp,,0,True,a5ea29071af261829f4c8993c20e97fc2d61338aa84d0b3dad2e4841a8bfa2d2,512,512,,,,,,,,,
test,SP24,ydfid/SP24/test/good/ydfid_good_005645.bmp,,0,True,d5e34ec739df21ea9b7d38061e7b59dcdb05d894853406bdf0804b9781a7a0c3,512,512,,,,,,,,,
test,SP24,ydfid/SP24/test/good/ydfid_good_005646.bmp,,0,True,8bc4d20b3c223d8e511989fdb76f7f5c7d2cf8f0a129769d9d5ef0b21418023b,512,512,,,,,,,,,
test,SP24,ydfid/SP24/test/good/ydfid_good_005647.bmp,,0,True,3383afaa68f7db6bbc515658017359e3bd153d37838b7bfbc43eab13947e6606,512,512,,,,,,,,,
test,SP24,ydfid/SP24/test/good/ydfid_good_005648.bmp,,0,True,3f5d5a4dc9e9bf78abec7653196c0867746fd3ceeb56bb6550b5d1f1b11c879c,512,512,,,,,,,,,
test,SP24,ydfid/SP24/test/good/ydfid_good_005649.bmp,,0,True,b31c12890cca8f06f2196d2876d9794aa40c534c503b93ed23e3f70666befb57,512,512,,,,,,,,,
test,SP24,ydfid/SP24/test/good/ydfid_good_005650.bmp,,0,True,cc5e524e1ba19cd3acb3c4b30905feac9f8c9584cd2b16b005277723190524f9,512,512,,,,,,,,,
test,SP24,ydfid/SP24/test/good/ydfid_good_005651.bmp,,0,True,d932cd01c193d53fabc25249166d1bdc8f74fad686ba2b29f67b9403d08fbbe8,512,512,,,,,,,,,
test,SP24,ydfid/SP24/test/good/ydfid_good_005652.bmp,,0,True,e2f4c4a3dc32ae7e227943071bb566488e0d3ea59299975c7248b288b4db381c,512,512,,,,,,,,,
test,SP24,ydfid/SP24/test/good/ydfid_good_005653.bmp,,0,True,0db9d9e0cd4ece975356a5c3389055afb9a99a3736bcf09f745d267d0c3692f1,512,512,,,,,,,,,
test,SP24,ydfid/SP24/test/good/ydfid_good_005654.bmp,,0,True,523de72c293b1b2a3c014d4934961fe8760aa9d88c3af502567018f63c57da08,512,512,,,,,,,,,
test,SP24,ydfid/SP24/test/good/ydfid_good_005655.bmp,,0,True,5cc4f482b1b2ceb4d9982b86ad9267e47bbb17196f2218116181b6d4aff4bfc4,512,512,,,,,,,,,
test,SP24,ydfid/SP24/test/good/ydfid_good_005656.bmp,,0,True,52878c32f1e54e2b803626a24190f27a42f178c13cab53f9fe4839bc05e46eb4,512,512,,,,,,,,,
test,SP24,ydfid/SP24/test/good/ydfid_good_005657.bmp,,0,True,468b296739b15afe76adf75d9c2c2f3ac9ffc0423b9a29f97d4df0267b3c14ce,512,512,,,,,,,,,
test,SP24,ydfid/SP24/test/good/ydfid_good_005658.bmp,,0,True,dca8ddb045f6c36ba09c6189eb0891850eac618da2b3ab7e47fcabc85c386b76,512,512,,,,,,,,,
test,SP24,ydfid/SP24/test/good/ydfid_good_005659.bmp,,0,True,6825131541e8a96063c268e589c537891feaed7a68469aea0afe70160154a1f5,512,512,,,,,,,,,
test,SP24,ydfid/SP24/test/good/ydfid_good_005660.bmp,,0,True,c25988b7739dd36c94b76077cba2ab378eed442f07effeb47948a512999cf962,512,512,,,,,,,,,
test,SP24,ydfid/SP24/test/good/ydfid_good_005661.bmp,,0,True,77a80a491b4b888cb3d69257864e52e26fb6c7f72ceff61b010df2815ff7ae86,512,512,,,,,,,,,
test,SP24,ydfid/SP24/test/good/ydfid_good_005662.bmp,,0,True,bf4dbadc3edd5974d2936cffc2ea473347f4d53fc5a13fcd973dfe7083b2d0ad,512,512,,,,,,,,,
test,SP24,ydfid/SP24/test/good/ydfid_good_005663.bmp,,0,True,197b29dec38e88664ff68964a0bb6c36f8d079304651a627d5a64b214c8ae14d,512,512,,,,,,,,,
test,SP24,ydfid/SP24/test/good/ydfid_good_005664.bmp,,0,True,540734be1cc07cf7cd889c16937eb08cbf2956224ea7dd5d3c553cc1f2d6e4ec,512,512,,,,,,,,,
test,SP24,ydfid/SP24/test/good/ydfid_good_005665.bmp,,0,True,7a4658822c24d9abd2e81213386a7965531833082283948191edf7533a496de7,512,512,,,,,,,,,
test,SP24,ydfid/SP24/test/good/ydfid_good_005666.bmp,,0,True,b58ebb47b83be043816f6cf67fecab3ba3c7bbbf3486ec9a75a2da257c770215,512,512,,,,,,,,,
test,SP24,ydfid/SP24/test/good/ydfid_good_005667.bmp,,0,True,660a0d954d5b27a763bfa5f51e017bac38da075e57b2598eaf89e472d607978c,512,512,,,,,,,,,
test,SP24,ydfid/SP24/test/good/ydfid_good_005668.bmp,,0,True,abdeb444d03205fcbe60df61ea47fad1cbee24c7c839f59833f6292df368de57,512,512,,,,,,,,,
test,SP24,ydfid/SP24/test/good/ydfid_good_005669.bmp,,0,True,ae851ae0bde50615d3beb665ec9655ab443fddc97279862950dc0b25e2e494ee,512,512,,,,,,,,,
test,SP24,ydfid/SP24/test/good/ydfid_good_005670.bmp,,0,True,29cb5216e902a6f644eed5032e1806cd11eafcfd52e383f18486d5306e74ebeb,512,512,,,,,,,,,
test,SP24,ydfid/SP24/test/good/ydfid_good_005671.bmp,,0,True,ffc081901209feb9fdf2800f9c39ac0985e68a220371ed78c7d70e711a7c6301,512,512,,,,,,,,,
test,SP24,ydfid/SP24/test/good/ydfid_good_005672.bmp,,0,True,0c1b8e0d8862ebdde8f82c147d10a0fc78f1dcfbced2b8a681c8f89fc3cc817c,512,512,,,,,,,,,
test,SP24,ydfid/SP24/test/good/ydfid_good_005673.bmp,,0,True,cd7a810bd018064949681e1e5514acedfc17cf59bb80e906255ac48949f4edf3,512,512,,,,,,,,,
test,SP24,ydfid/SP24/test/good/ydfid_good_005674.bmp,,0,True,04f8efe0a9d945154017a84d09e03304ae1409ca6f05188f19bd06879b83bbd2,512,512,,,,,,,,,
test,SP24,ydfid/SP24/test/good/ydfid_good_005675.bmp,,0,True,73f79954949c2db56a83b31d096fd89360f190a33b8f5ef1fec67786a4e9312d,512,512,,,,,,,,,
test,SP24,ydfid/SP24/test/good/ydfid_good_005676.bmp,,0,True,03e9ecc68ae6c952ccf7e7147586093bdc15c0b49fc7dfd7cb4f08606d110fce,512,512,,,,,,,,,
test,SP24,ydfid/SP24/test/good/ydfid_good_005677.bmp,,0,True,d34ee3a58bc48b8af93114e57f563c34fee7eebad33b489a8066916cb452c5b2,512,512,,,,,,,,,
test,SP24,ydfid/SP24/test/good/ydfid_good_005678.bmp,,0,True,0c9bebabb2132a293bfdf8c5f60d39cd9feae79f76003f303e48388327a269fa,512,512,,,,,,,,,
test,SP24,ydfid/SP24/test/good/ydfid_good_005679.bmp,,0,True,59257f87d23b8867afce3734247024725729172f844757ecd038c3fd4ca574a0,512,512,,,,,,,,,
test,SP24,ydfid/SP24/test/good/ydfid_good_005680.bmp,,0,True,e3b6d42c88c3a4a6a4360f3fa41233bc54c276d43824ffbc609b641632b3c3fa,512,512,,,,,,,,,
test,SP24,ydfid/SP24/test/good/ydfid_good_005681.bmp,,0,True,5bd24d998c249ce54d55d0eecb81d23a5eab81d29a17269c430e98cbc2f28556,512,512,,,,,,,,,
test,SP24,ydfid/SP24/test/good/ydfid_good_005682.bmp,,0,True,b0485ba7205374ee05bc78d166548f39e054e6537afd951360e1880e0ddc7f27,512,512,,,,,,,,,
test,SP24,ydfid/SP24/test/good/ydfid_good_005683.bmp,,0,True,817e3e086648e973fa1727b2c247ffd2cd9111cc807402f755294ad68fafee10,512,512,,,,,,,,,
test,SP24,ydfid/SP24/test/good/ydfid_good_005684.bmp,,0,True,1c41224fd1431ecfef7882da6677091dffdc60c8d0611ef71e3a96be09df23ab,512,512,,,,,,,,,
test,SP24,ydfid/SP24/test/good/ydfid_good_005685.bmp,,0,True,18370318681b725c4d624f73d0bac688016f8bce72d6ca4d9dbb352ef90dba76,512,512,,,,,,,,,
test,SP24,ydfid/SP24/test/good/ydfid_good_005686.bmp,,0,True,b15f4345c0a9901446e7bebc9f29d812bb9465b0eb28ca3d94de7b840e5dbd66,512,512,,,,,,,,,
test,SP24,ydfid/SP24/test/good/ydfid_good_005687.bmp,,0,True,6a127b4891c60650bffd2e15fc3f6b7222d7f5f8727113b39a48d583bcff22b1,512,512,,,,,,,,,
test,SP24,ydfid/SP24/test/good/ydfid_good_005688.bmp,,0,True,633cfdb47b7993a883c2e034db017806fdad5b4b1980ceb4ee7dd68db4fa8df5,512,512,,,,,,,,,
test,SP24,ydfid/SP24/test/good/ydfid_good_005689.bmp,,0,True,f47d389d35d50220b5022d20888d1d8ffbdbdcf302dafd9044881845aa556614,512,512,,,,,,,,,
test,SP24,ydfid/SP24/test/good/ydfid_good_005690.bmp,,0,True,b341add784dac39f9629ecaa4f2b2922e09eacd6cb7583ba3ae46a6bf5ec2ddb,512,512,,,,,,,,,
test,SP24,ydfid/SP24/test/good/ydfid_good_005691.bmp,,0,True,deca154cbdbb3a14a97a8873246e9c5334a92ce1e7c5501bf6d6549080a26a97,512,512,,,,,,,,,
test,SP24,ydfid/SP24/test/good/ydfid_good_005692.bmp,,0,True,d57b91b61f3c94c06913c41972cf0693db0f56f59b5babb36272c0517d81cdd9,512,512,,,,,,,,,
test,SP24,ydfid/SP24/test/good/ydfid_good_005693.bmp,,0,True,666e893ab4245f9aabecaeaba827f1687c0409c03dcd8fa33e685f384876ef30,512,512,,,,,,,,,
test,SP24,ydfid/SP24/test/good/ydfid_good_005694.bmp,,0,True,a9d11c0993dc45049212e0dfa9ba9e557c711f945bfe6c33082ba605f142da82,512,512,,,,,,,,,
test,SP24,ydfid/SP24/test/good/ydfid_good_005695.bmp,,0,True,30b8224237b2de968086417b0cb63eb3e39173abeb103a632646eefa99ea01b7,512,512,,,,,,,,,
test,SP24,ydfid/SP24/test/good/ydfid_good_005696.bmp,,0,True,1c7f180340a09d2ba820d74df889dee43708a40c0db3bd31a93ad513a8217d66,512,512,,,,,,,,,
test,SP24,ydfid/SP24/test/good/ydfid_good_005697.bmp,,0,True,17adf45b54f2ddf337c40508156714cf403750da801de2368db0df7072d9e595,512,512,,,,,,,,,
test,SP24,ydfid/SP24/test/good/ydfid_good_005698.bmp,,0,True,29d193376a295aa358ddd466c58b0c1e9ae2a78661119544e5bed4631f4925cb,512,512,,,,,,,,,
test,SP24,ydfid/SP24/test/good/ydfid_good_005699.bmp,,0,True,c3ce89a2ecd4b5e9dc2d232a0d0af77ded4769e1809fb117547dbbebdffcebd3,512,512,,,,,,,,,
test,SP24,ydfid/SP24/test/good/ydfid_good_005700.bmp,,0,True,787cf4c4512b164c4d4e851d4ac3a22c376b27d8b4e38726adf6b760bbdd4808,512,512,,,,,,,,,
test,SP24,ydfid/SP24/test/good/ydfid_good_005701.bmp,,0,True,abf541eaf6586da334c58e4fb21dff54a09edce7eac5f2bedc1d908392ddefda,512,512,,,,,,,,,
test,SP24,ydfid/SP24/test/good/ydfid_good_005702.bmp,,0,True,62063dbedbf25e8fbc4ff41b31fb8c6b6d286a9038bc416b19bc7242ff330bdf,512,512,,,,,,,,,
test,SP24,ydfid/SP24/test/good/ydfid_good_005703.bmp,,0,True,804e46f5b2e46b055ce27a3a115d03f2875ffe746c4747527ae574dfaebdb954,512,512,,,,,,,,,
test,SP24,ydfid/SP24/test/good/ydfid_good_005704.bmp,,0,True,df31dd647026f4bb7d1691b468224a2113ed2d8a4b5404b4c63ca8ccea263681,512,512,,,,,,,,,
test,SP24,ydfid/SP24/test/good/ydfid_good_005705.bmp,,0,True,3feeddccdd3e46d5df5d84af86c053d7a05b8b8912387942902f8c0e7c632fbb,512,512,,,,,,,,,
test,SP24,ydfid/SP24/test/good/ydfid_good_005706.bmp,,0,True,ff02b4afafbec39eb2f1ae9c2b9063b45c4171a9c4c3f4ca8f23871845d7866d,512,512,,,,,,,,,
test,SP24,ydfid/SP24/test/good/ydfid_good_005707.bmp,,0,True,113b0ba8d123633f17bb29a469dbf61c93aa7923872b322955b8289e515821b9,512,512,,,,,,,,,
test,SP24,ydfid/SP24/test/good/ydfid_good_005708.bmp,,0,True,9b16fa1fb58558eeafd92c975119ee67f4e78022210aaf9b39571a4287c1fc21,512,512,,,,,,,,,
test,SP24,ydfid/SP24/test/good/ydfid_good_005709.bmp,,0,True,12ad4f42c72cc955c02f71defdd84351db890eeb12ea257b8d23312229b99f27,512,512,,,,,,,,,
test,SP24,ydfid/SP24/test/good/ydfid_good_005710.bmp,,0,True,d574eb747de18a68d2e4d54699473e7944e9b5e46981f3e8d05f0af9c68420c3,512,512,,,,,,,,,
test,SP24,ydfid/SP24/test/good/ydfid_good_005711.bmp,,0,True,b2031a226a8c37f6d479d77face74973b66812920b96de860a253eedf123d9b6,512,512,,,,,,,,,
test,SP24,ydfid/SP24/test/good/ydfid_good_005712.bmp,,0,True,e48bc974c093b4f805c9287860f8bbf3f4cf5e1d8210f6b5d7e7ebeef46bb123,512,512,,,,,,,,,
test,SP24,ydfid/SP24/test/good/ydfid_good_005713.bmp,,0,True,42b36aec14789f16163fc5610bedaf728aa1fe9ba0f415934a8396748c03dc60,512,512,,,,,,,,,
test,SP24,ydfid/SP24/test/good/ydfid_good_005714.bmp,,0,True,07c4c4243fad3c9f59af4fa16273dffc4bf39dcc9cfe253e242fab223c196254,512,512,,,,,,,,,
test,SP24,ydfid/SP24/test/good/ydfid_good_005715.bmp,,0,True,2b95cfce6a55f2abd9361909f355ec282dca252d2f8ea2ef6547fbe11d55259b,512,512,,,,,,,,,
test,SP24,ydfid/SP24/test/good/ydfid_good_005716.bmp,,0,True,dbdd0aa03a68312c5d40353cc8f9def991953d3472f37a86c599ea20fe37de28,512,512,,,,,,,,,
test,SP24,ydfid/SP24/test/good/ydfid_good_005717.bmp,,0,True,89dd6600a142b1cb934d0c45966f78881c31d432eac1dce69b253bf7a4dbda01,512,512,,,,,,,,,
test,SP24,ydfid/SP24/test/good/ydfid_good_005718.bmp,,0,True,dfb45f7effbdd82194a09e088fb9aabd0206bf5a47d0a53e0ad5913f51c10077,512,512,,,,,,,,,
test,SP24,ydfid/SP24/test/good/ydfid_good_005719.bmp,,0,True,a5f7c53bda3e1908e5b46575e72a39aeadbe12865cf9dc26fe76b4d563f8c88a,512,512,,,,,,,,,
test,SP24,ydfid/SP24/test/good/ydfid_good_005720.bmp,,0,True,f7acaf0355a88ba38e8c77bda708b65c864f0355a2ba72d1f6f121a4595d1f6d,512,512,,,,,,,,,
test,SP24,ydfid/SP24/test/good/ydfid_good_005721.bmp,,0,True,b1d5c011656fe889e4f10accf83b7e36b1980a8d66d792bdb5c66b93d37aded9,512,512,,,,,,,,,
test,SP24,ydfid/SP24/test/good/ydfid_good_005722.bmp,,0,True,e46cfacc1e9c364766ffbd6bbfcbbe42dbe92e71ee4a0290dcc3c3780ccb183f,512,512,,,,,,,,,
test,SP24,ydfid/SP24/test/good/ydfid_good_005723.bmp,,0,True,21d362d43eb8761907e247d0b0486b2bf4e9b10b30dddbdf5d6a5cc3b0ab11e1,512,512,,,,,,,,,
test,SP24,ydfid/SP24/test/good/ydfid_good_005724.bmp,,0,True,faccc90cb1f5ddfd35c0af84359c20ac5a914f61673a00c09886bae90a81c93f,512,512,,,,,,,,,
test,SP24,ydfid/SP24/test/good/ydfid_good_005725.bmp,,0,True,d1e5a203b158a9eb3b1fa33c3c01046f8261f727e7bb06c1029b88cfa783dabc,512,512,,,,,,,,,
test,SP24,ydfid/SP24/test/good/ydfid_good_005726.bmp,,0,True,cbd5fd737670780b41498aaf8d4121e0e8d103c8e9727d1b845acbfbe097e8d6,512,512,,,,,,,,,
test,SP24,ydfid/SP24/test/good/ydfid_good_005727.bmp,,0,True,a07c8d54d4885b455797c907bdda5dfd965453a9502638259c97a691006c9373,512,512,,,,,,,,,
test,SP24,ydfid/SP24/test/good/ydfid_good_005728.bmp,,0,True,8916811cce0e72886f2c2a4e7f4087a50f7c54a693c6b5d0aa3ed5da64c34bcc,512,512,,,,,,,,,
test,SP24,ydfid/SP24/test/good/ydfid_good_005729.bmp,,0,True,966ed8e0865105acd895c786b6d675bcb6dd3090e7a1e6b4a7f21e49094c363b,512,512,,,,,,,,,
test,SP24,ydfid/SP24/test/good/ydfid_good_005730.bmp,,0,True,aa1ba6ec76a6c07a4f8dc76e68ec8c0f969780c4166ae94015c6f026feb51062,512,512,,,,,,,,,
test,SP24,ydfid/SP24/test/good/ydfid_good_005731.bmp,,0,True,b19b85d3ef9ef47861c6b07550387905937351adb830b72261ec7967c14f96b0,512,512,,,,,,,,,
test,SP24,ydfid/SP24/test/good/ydfid_good_005732.bmp,,0,True,fd913ec0dc7ad07669c4d2b80cee2df1e3e2703a14ad9e6d65860b39d26a0822,512,512,,,,,,,,,
test,SP24,ydfid/SP24/test/good/ydfid_good_005733.bmp,,0,True,1cb0e31770f583641d14107d2598d18fa0a763506205ab51ec8f42cf524ba19a,512,512,,,,,,,,,
test,SP24,ydfid/SP24/test/good/ydfid_good_005734.bmp,,0,True,a9376080b3d93090364a5e54eb20fd93a73b600938042c6b0a5aaf2f3473fa0b,512,512,,,,,,,,,
test,SP24,ydfid/SP24/test/good/ydfid_good_005735.bmp,,0,True,a813bf45945b4003ae060031b083ae29a9e844c26a6b9eafdf75543515760de8,512,512,,,,,,,,,
test,SP24,ydfid/SP24/test/good/ydfid_good_005736.bmp,,0,True,35be930882686222e58f4ee9cfa1d66ffbb0877fd2bed6ee9c2c9781afaf83ba,512,512,,,,,,,,,
test,SP24,ydfid/SP24/test/good/ydfid_good_005737.bmp,,0,True,9070ad24246ae6a70e7bdeb91b3bc7ba2d7a7ab78236e10e8a023f1bb67ef40b,512,512,,,,,,,,,
test,SP24,ydfid/SP24/test/good/ydfid_good_005738.bmp,,0,True,902a0726cc860f6998ac177db6b78cd30e109eaa8256e8d0d1eb2a74152480b7,512,512,,,,,,,,,
test,SP24,ydfid/SP24/test/good/ydfid_good_005739.bmp,,0,True,553236b4ebe3fe602e116f29918de4b3df8d062ae7ffc26ae6c73418baecdaea,512,512,,,,,,,,,
test,SP3,ydfid/SP3/test/anomaly/ydfid_defect_006110.bmp,ydfid/SP3/ground_truth/anomaly/ydfid_defect_006110.png,1,True,0c745a5a567f979a593e4885d423f911e5f4cf2422f7c79f6c449cc75633ed85,512,512,True,512,512,0|255,1533,0.005847930908203125,1.84211,False,
test,SP3,ydfid/SP3/test/anomaly/ydfid_defect_006111.bmp,ydfid/SP3/ground_truth/anomaly/ydfid_defect_006111.png,1,True,14c044e250a5ab9f2b207140f007d969fad85b1ac106f91da87ec50966069946,512,512,True,512,512,0|255,5876,0.0224151611328125,25.6,False,
test,SP3,ydfid/SP3/test/anomaly/ydfid_defect_006112.bmp,ydfid/SP3/ground_truth/anomaly/ydfid_defect_006112.png,1,True,1bc790ffc6644046a424ce1f6efe53819d0610f56287317aef3aa7549f4e1f3f,512,512,True,512,512,0|255,8524,0.0325164794921875,2.43902,False,
test,SP3,ydfid/SP3/test/anomaly/ydfid_defect_006113.bmp,ydfid/SP3/ground_truth/anomaly/ydfid_defect_006113.png,1,True,dc8bb929b9bbd4af90a2385f1917a0c65e2b578cd2a3afb986a36aa795de768c,512,512,True,512,512,0|255,3861,0.014728546142578125,4.05,False,
test,SP3,ydfid/SP3/test/anomaly/ydfid_defect_006114.bmp,ydfid/SP3/ground_truth/anomaly/ydfid_defect_006114.png,1,True,889af168a1ee9d9a05e70b6adb5d6827b7c47853d91665dcd8de370258479a9f,512,512,True,512,512,0|255,2882,0.01099395751953125,12.36842,False,
test,SP3,ydfid/SP3/test/anomaly/ydfid_defect_006115.bmp,ydfid/SP3/ground_truth/anomaly/ydfid_defect_006115.png,1,True,13561956407b870b451bdde1ba1090cf24fa4aeaf968ff31e814041ef40b7091,512,512,True,512,512,0|255,2308,0.0088043212890625,1.21711,False,
test,SP3,ydfid/SP3/test/anomaly/ydfid_defect_006116.bmp,ydfid/SP3/ground_truth/anomaly/ydfid_defect_006116.png,1,True,f22280362533b71a0e7e6034e69c996632e0a03cea2d372a5899049ee235658a,512,512,True,512,512,0|255,1077,0.004108428955078125,1.32692,False,
test,SP3,ydfid/SP3/test/anomaly/ydfid_defect_006117.bmp,ydfid/SP3/ground_truth/anomaly/ydfid_defect_006117.png,1,True,6d1a4fd4d9cf5c6e0f04b0cfa28009a5905f41339b8ccb795b5ac0c0729853e1,512,512,True,512,512,0|255,3206,0.01222991943359375,8.38889,False,
test,SP3,ydfid/SP3/test/anomaly/ydfid_defect_006118.bmp,ydfid/SP3/ground_truth/anomaly/ydfid_defect_006118.png,1,True,ae2cc1a6324c7df9f17e70a56dba98fcf65e9ceac105d4092a4608a4b176c189,512,512,True,512,512,0|255,5960,0.022735595703125,1.8985,False,
test,SP3,ydfid/SP3/test/anomaly/ydfid_defect_006119.bmp,ydfid/SP3/ground_truth/anomaly/ydfid_defect_006119.png,1,True,8b85f888b082b0a2f27863befdbbb59df14ae1348eea642dd35dd494f1f0c059,512,512,True,512,512,0|255,2593,0.009891510009765625,8.2,False,
test,SP3,ydfid/SP3/test/anomaly/ydfid_defect_006120.bmp,ydfid/SP3/ground_truth/anomaly/ydfid_defect_006120.png,1,True,2f916a3b4e3221597e3f7dbaa4e304c99a75e43c69e89799ce8f479b20215b2c,512,512,True,512,512,0|255,853,0.003253936767578125,14.5,False,
test,SP3,ydfid/SP3/test/anomaly/ydfid_defect_006121.bmp,ydfid/SP3/ground_truth/anomaly/ydfid_defect_006121.png,1,True,237c2c69fa377c8178c3382832396bafd6376520b8e26f327ac6d192352fb73b,512,512,True,512,512,0|255,2497,0.009525299072265625,7.14815,False,
test,SP3,ydfid/SP3/test/anomaly/ydfid_defect_006122.bmp,ydfid/SP3/ground_truth/anomaly/ydfid_defect_006122.png,1,True,a66094e108a5130b82d2b82ef8ed5db7d3477ab3a59e6f4b9af4b636879f0ae7,512,512,True,512,512,0|255,3510,0.01338958740234375,2.54,False,
test,SP3,ydfid/SP3/test/anomaly/ydfid_defect_006123.bmp,ydfid/SP3/ground_truth/anomaly/ydfid_defect_006123.png,1,True,63a1231d0731f54c9760cc022f125907504830be8dfb001c54752fbba4f27230,512,512,True,512,512,0|255,5979,0.022808074951171875,26.94737,False,
test,SP3,ydfid/SP3/test/anomaly/ydfid_defect_006124.bmp,ydfid/SP3/ground_truth/anomaly/ydfid_defect_006124.png,1,True,2e6c3d7eb0bd700b71cf476b570db3e1b29fbfc1c006391a44fe04cdd1bd624c,512,512,True,512,512,0|255,5227,0.019939422607421875,5.55769,False,
test,SP3,ydfid/SP3/test/anomaly/ydfid_defect_006125.bmp,ydfid/SP3/ground_truth/anomaly/ydfid_defect_006125.png,1,True,5d029e0130d0c721dd740ca07cdffdc7163b1530925dd2eb1122eab40e6814fe,512,512,True,512,512,0|255,5647,0.021541595458984375,1.17647,False,
test,SP3,ydfid/SP3/test/good/ydfid_good_005942.bmp,,0,True,f1ecd09fe94d8de23847ab668ce1fb0be7af3c5426a646ba8ba2907c4109b4cb,512,512,,,,,,,,,
test,SP3,ydfid/SP3/test/good/ydfid_good_005943.bmp,,0,True,610fd376918db33d1014a9e981f88ad5c14fb58ef889fd73ac175ae7459e7a31,512,512,,,,,,,,,
test,SP3,ydfid/SP3/test/good/ydfid_good_005944.bmp,,0,True,ed73364dd04c2e5ba526c534e204915a200481421230bc6831309f6785260ffb,512,512,,,,,,,,,
test,SP3,ydfid/SP3/test/good/ydfid_good_005945.bmp,,0,True,baf084ccecf97bba1912ab1560fd8cca451ac29c6569c4539397ddc5e76d064d,512,512,,,,,,,,,
test,SP3,ydfid/SP3/test/good/ydfid_good_005946.bmp,,0,True,91d535f0f86964bfb09502f4012989f1f3544bee419c53b56142cf36a97ecbb5,512,512,,,,,,,,,
test,SP3,ydfid/SP3/test/good/ydfid_good_005947.bmp,,0,True,9554150bb7fc0788f38004b03eb1dd37a1054fa8bbe2a6e4158982ed0d86c17d,512,512,,,,,,,,,
test,SP3,ydfid/SP3/test/good/ydfid_good_005948.bmp,,0,True,699d6c30480b8cda1fc1cf79f79a369375a8fe93a73c99c4c1555ecfe7d5790a,512,512,,,,,,,,,
test,SP3,ydfid/SP3/test/good/ydfid_good_005949.bmp,,0,True,a2d4eb87606c56e0f0a1fcfb7d0794b2a0e6e5c23c98a1621364b102a439978a,512,512,,,,,,,,,
test,SP3,ydfid/SP3/test/good/ydfid_good_005950.bmp,,0,True,adedc936c16757ea62746edd668c5beb2347f148f1b8e64e668233354eea1a5b,512,512,,,,,,,,,
test,SP3,ydfid/SP3/test/good/ydfid_good_005951.bmp,,0,True,f6002f13fe80a55d269fe08eef754acf81600c2dbcc72c25768d6629feeb85c1,512,512,,,,,,,,,
test,SP3,ydfid/SP3/test/good/ydfid_good_005952.bmp,,0,True,a565381724dc8a3d8971f7a58b3cf39046aba3883036739a985eb192125d9ac5,512,512,,,,,,,,,
test,SP3,ydfid/SP3/test/good/ydfid_good_005953.bmp,,0,True,228b1f3e7ee1008201d6b2d56ea9c12ccc2011ed8fba3b42ac46f964fbef61d9,512,512,,,,,,,,,
test,SP3,ydfid/SP3/test/good/ydfid_good_005954.bmp,,0,True,bb1e5d5ed2c1de587be5f9b287f87ec88aa3a8ca3dccf1d3a73c3e033650278f,512,512,,,,,,,,,
test,SP3,ydfid/SP3/test/good/ydfid_good_005955.bmp,,0,True,9b50351c7f1c74691b30f334ad7047526edb65bdc7374813da467c0692d8e5a5,512,512,,,,,,,,,
test,SP3,ydfid/SP3/test/good/ydfid_good_005956.bmp,,0,True,949feded5bc5ad1df714b68e73a2857ed41a86bec9a64a0342c4ad492a2a8f51,512,512,,,,,,,,,
test,SP3,ydfid/SP3/test/good/ydfid_good_005957.bmp,,0,True,5d2c4c1def37fa270af91adb77a06310a83c4e6dd4c5ea611f993490f37d326d,512,512,,,,,,,,,
test,SP3,ydfid/SP3/test/good/ydfid_good_005958.bmp,,0,True,9cbeae334d1193e6cf454febea1c2c828251dc78ca9454cfa7e08f4a35f4f01c,512,512,,,,,,,,,
test,SP3,ydfid/SP3/test/good/ydfid_good_005959.bmp,,0,True,5d909cc32442f550c9baf62975cad846d0bf5bb7c0ab8beb910e01e17a2989a5,512,512,,,,,,,,,
test,SP3,ydfid/SP3/test/good/ydfid_good_005960.bmp,,0,True,47e62a829c1edcf387ba48bd65c3d02d6e9ee2638e93bb83305a5d10359f53df,512,512,,,,,,,,,
test,SP3,ydfid/SP3/test/good/ydfid_good_005961.bmp,,0,True,4d6857288c116a1513f586987d2b3f8a90beae071fa0673ceae626362686a23c,512,512,,,,,,,,,
test,SP3,ydfid/SP3/test/good/ydfid_good_005962.bmp,,0,True,87f5087d179dab53254184425870fbdcb65a646a88277f02af5377e8af5545aa,512,512,,,,,,,,,
test,SP3,ydfid/SP3/test/good/ydfid_good_005963.bmp,,0,True,5536ceddff8f4ea8121ab08715685ea5ab2171c39a23d607be9ff87e3aa10338,512,512,,,,,,,,,
test,SP3,ydfid/SP3/test/good/ydfid_good_005964.bmp,,0,True,5a61ead29662d0800ee08e9b9fe6d32df82043dc54681b58dc877e7948d7306d,512,512,,,,,,,,,
test,SP3,ydfid/SP3/test/good/ydfid_good_005965.bmp,,0,True,d6106721ee5429f0feeee01384aee86648c056c91cfbe81de6f9d4354ce3c3bb,512,512,,,,,,,,,
test,SP3,ydfid/SP3/test/good/ydfid_good_005966.bmp,,0,True,8fd0fe18722fac8dcc7940ee4b616b48a826b1bb3a10a0cf04af99c40e405599,512,512,,,,,,,,,
test,SP3,ydfid/SP3/test/good/ydfid_good_005967.bmp,,0,True,5c8c0a37be1dd0104a3287ff15406b7d92538ffcd8f94de77e6b7dcd489ded64,512,512,,,,,,,,,
test,SP3,ydfid/SP3/test/good/ydfid_good_005968.bmp,,0,True,59c74bba680bead0c1017b672aa1b67ee179a2ec4c55612c27b4d1c04843a7d7,512,512,,,,,,,,,
test,SP3,ydfid/SP3/test/good/ydfid_good_005969.bmp,,0,True,81d0d89ea24983c05281fa30c7d029fead164fdcd653c6df82231d85c7fce80c,512,512,,,,,,,,,
test,SP3,ydfid/SP3/test/good/ydfid_good_005970.bmp,,0,True,8d9b9ff252750454992080321f09685da05be946af62608940c2e001dfd77b83,512,512,,,,,,,,,
test,SP3,ydfid/SP3/test/good/ydfid_good_005971.bmp,,0,True,a2696ceb8b0db9fb0140abf2ed8a6a9ea7100df30038e6d1abbc410c4ae7169e,512,512,,,,,,,,,
test,SP3,ydfid/SP3/test/good/ydfid_good_005972.bmp,,0,True,f695d85583c5da84888e252a050a420577a3b925264f2afb2ecf8be54408e422,512,512,,,,,,,,,
test,SP3,ydfid/SP3/test/good/ydfid_good_005973.bmp,,0,True,9aaee82ce84b8266fad54c98867ec87a25fde4d69c649c258e91a9c21cad660a,512,512,,,,,,,,,
test,SP3,ydfid/SP3/test/good/ydfid_good_005974.bmp,,0,True,aeca5cb7026b4be5b671ad20c253da72edfaaa5b158492b2456786accac50470,512,512,,,,,,,,,
test,SP3,ydfid/SP3/test/good/ydfid_good_005975.bmp,,0,True,47540e25766e5b1be4fb24756051f4846449e5a3e918b14048d37d9b729303e6,512,512,,,,,,,,,
test,SP3,ydfid/SP3/test/good/ydfid_good_005976.bmp,,0,True,27d578352e533e9f8700503f5cf3b05bead5031a0aea23ab27bca730fe88033b,512,512,,,,,,,,,
test,SP3,ydfid/SP3/test/good/ydfid_good_005977.bmp,,0,True,b980e4d1fd0f00d3b91d15754028494c1217a9ef62a95b8252e493bd72a540cc,512,512,,,,,,,,,
test,SP3,ydfid/SP3/test/good/ydfid_good_005978.bmp,,0,True,2832243a3a00c5964a33c396d86f1362c7616a4bce7f7d81df5e450f1f0adf0f,512,512,,,,,,,,,
test,SP3,ydfid/SP3/test/good/ydfid_good_005979.bmp,,0,True,4a891d0383fabfd44dd1dc91da9c589366155a1dceb5f9d0a3f630cac1046f1c,512,512,,,,,,,,,
test,SP3,ydfid/SP3/test/good/ydfid_good_005980.bmp,,0,True,2ba724c3022a565c8d0ee462b510c2e61f9bcef803f06c699dc5a00cfec51a32,512,512,,,,,,,,,
test,SP3,ydfid/SP3/test/good/ydfid_good_005981.bmp,,0,True,d77b2483933ea5e1bd6c96d0902f3d61230283c0f4605f2f41c371dfbcafb46b,512,512,,,,,,,,,
test,SP3,ydfid/SP3/test/good/ydfid_good_005982.bmp,,0,True,977ee804af8f1996afdba0223ffa99820e20607aa6ebf4e2a99d82f736e17535,512,512,,,,,,,,,
test,SP3,ydfid/SP3/test/good/ydfid_good_005983.bmp,,0,True,3689b86878105b3e981fe17d17201d227d23161e3524f73d45649b072986199b,512,512,,,,,,,,,
test,SP3,ydfid/SP3/test/good/ydfid_good_005984.bmp,,0,True,e50ba690852707226094c528902ebafaaf08e9bc0c1ce3da0d3ecdeb179bf343,512,512,,,,,,,,,
test,SP3,ydfid/SP3/test/good/ydfid_good_005985.bmp,,0,True,c43d41b99e6587a633aab435e985fb39291bcf1a2d38c64be943f85b48aeebc3,512,512,,,,,,,,,
test,SP3,ydfid/SP3/test/good/ydfid_good_005986.bmp,,0,True,698a2a65567987b90ca7387f67bdead9bf584f9cd97be689279cccdf852e14dc,512,512,,,,,,,,,
test,SP3,ydfid/SP3/test/good/ydfid_good_005987.bmp,,0,True,960a3b1037a9a3566ac7b2317bb9590ca970168c64acedf7a317b9cc3c3cc1b0,512,512,,,,,,,,,
test,SP3,ydfid/SP3/test/good/ydfid_good_005988.bmp,,0,True,7ddcf4e71c22511a841238a6599f366e8543322d982ba25ae3252706cedbbaa8,512,512,,,,,,,,,
test,SP3,ydfid/SP3/test/good/ydfid_good_005989.bmp,,0,True,9ab45cdccf723921dd0727265c92cf2cd01917137b6b0fc72863fba88c3980aa,512,512,,,,,,,,,
test,SP3,ydfid/SP3/test/good/ydfid_good_005990.bmp,,0,True,ee39765a77378eb61424e3fba8d7fadb9650485ba5861f2afc9c7f8d7cd6b18c,512,512,,,,,,,,,
test,SP3,ydfid/SP3/test/good/ydfid_good_005991.bmp,,0,True,b433b85740b6ae3a733771ba25c01632a347eff77bf648bb65067d0d2f906708,512,512,,,,,,,,,
test,SP3,ydfid/SP3/test/good/ydfid_good_005992.bmp,,0,True,b426fff628b0b21329bfaf1dc2ec4bfef443727ef77e39e1cf7cc568b206e889,512,512,,,,,,,,,
test,SP3,ydfid/SP3/test/good/ydfid_good_005993.bmp,,0,True,0707592f2dd7da599a264a14da72ff2d9e90ada19fb70c3946e508cdaf96d986,512,512,,,,,,,,,
test,SP3,ydfid/SP3/test/good/ydfid_good_005994.bmp,,0,True,5ddd51b88e556d52a4f200d8aa974454a4d176eab22f066eb005c0dfc574906d,512,512,,,,,,,,,
test,SP3,ydfid/SP3/test/good/ydfid_good_005995.bmp,,0,True,3e4f87f5ab967f6d252b316747b984388c7a97d4596646a0e40cd0d4802812e6,512,512,,,,,,,,,
test,SP3,ydfid/SP3/test/good/ydfid_good_005996.bmp,,0,True,762799771c907852aa226cb568b9443598bbe863bf32533971dcde4b5109176f,512,512,,,,,,,,,
test,SP3,ydfid/SP3/test/good/ydfid_good_005997.bmp,,0,True,bbbab44436e2f26468e724965940cffab5715cf668edfa4a720c0040160272c8,512,512,,,,,,,,,
test,SP3,ydfid/SP3/test/good/ydfid_good_005998.bmp,,0,True,6175815b9e56d507c84fa53234794b1174f4bed4952acee99129ae1c8e43abfe,512,512,,,,,,,,,
test,SP3,ydfid/SP3/test/good/ydfid_good_005999.bmp,,0,True,fd507f0b1fe473301b4c0a6e9486fdff75b475fd80c280328d3d0e97ec489f2a,512,512,,,,,,,,,
test,SP3,ydfid/SP3/test/good/ydfid_good_006000.bmp,,0,True,44d508bdb3d9857e0e533529972b06f027c5ca5e38311ebd7ecd9dfefe26a4e0,512,512,,,,,,,,,
test,SP3,ydfid/SP3/test/good/ydfid_good_006001.bmp,,0,True,1b8b74ec41a9379e90e54d7ed828f0c9996a4f691aec16d1841dac9979fdafa7,512,512,,,,,,,,,
test,SP3,ydfid/SP3/test/good/ydfid_good_006002.bmp,,0,True,0c6150e65a33e46a2cedf7e2c0b5fcb2b00794b1a65c1f7541bdf74490d9b21e,512,512,,,,,,,,,
test,SP3,ydfid/SP3/test/good/ydfid_good_006003.bmp,,0,True,e1dc9587204aa11cb5328e10a0da449accd907ba229390a34125f90ce636d469,512,512,,,,,,,,,
test,SP3,ydfid/SP3/test/good/ydfid_good_006004.bmp,,0,True,b344702036f17403955f8a285ced8f48f85253a0f7156abe84a0c12323cd937b,512,512,,,,,,,,,
test,SP3,ydfid/SP3/test/good/ydfid_good_006005.bmp,,0,True,b4937698df51e6ff39370d3f97c5cff6be50ec9f49ec091f4bf3affece8cbbc5,512,512,,,,,,,,,
test,SP3,ydfid/SP3/test/good/ydfid_good_006006.bmp,,0,True,8aa6f20959a5c556834d2f938f18e9a62e3a5742a24b220a4e8a794f52d407fd,512,512,,,,,,,,,
test,SP3,ydfid/SP3/test/good/ydfid_good_006007.bmp,,0,True,5efc23b62961f53107e36f2793d8e8700279bdf611bf31b3638ca532d39a6700,512,512,,,,,,,,,
test,SP3,ydfid/SP3/test/good/ydfid_good_006008.bmp,,0,True,20d4283f04156475bccbdae26c0c4f2de3aff918a3b766e919c67340e5538c67,512,512,,,,,,,,,
test,SP3,ydfid/SP3/test/good/ydfid_good_006009.bmp,,0,True,ea645115c5d4aeb299d2625e8df300cd8d6fff52a3b690594842b65e12ba9bc8,512,512,,,,,,,,,
test,SP3,ydfid/SP3/test/good/ydfid_good_006010.bmp,,0,True,10f6a265ec9241cb1a1a713397884c3ba536980b913dc0252c23babef3d229b9,512,512,,,,,,,,,
test,SP3,ydfid/SP3/test/good/ydfid_good_006011.bmp,,0,True,b248bac02020cb1084449a62d5a25977d316b181bd9c700e8e23ab3b19acc6fa,512,512,,,,,,,,,
test,SP3,ydfid/SP3/test/good/ydfid_good_006012.bmp,,0,True,f6fc980e716fcae608336c6a87d85fdf605902e870791baac4ca4ae0f7207f1a,512,512,,,,,,,,,
test,SP3,ydfid/SP3/test/good/ydfid_good_006013.bmp,,0,True,b9018e63bb96dcedcf0bf61b22024f199efd9e196e4a4679398d2dd2e198f229,512,512,,,,,,,,,
test,SP3,ydfid/SP3/test/good/ydfid_good_006014.bmp,,0,True,9ed5ed278da07e4ea6d54335f271d0afc90c5b0abc6ae2ffac695cf9b2d2c60e,512,512,,,,,,,,,
test,SP3,ydfid/SP3/test/good/ydfid_good_006015.bmp,,0,True,5d079be1e6aeb6d7278381ca7bde2ad8f39c7f837f9bc4eca021cef55fdb3bcf,512,512,,,,,,,,,
test,SP3,ydfid/SP3/test/good/ydfid_good_006016.bmp,,0,True,87c7dc8193a5437a8fcf57b1578e96fdc198985bb99a2801831eb15fc3d2b267,512,512,,,,,,,,,
test,SP3,ydfid/SP3/test/good/ydfid_good_006017.bmp,,0,True,b92709233057ca43222a4cb3fc91c73f428fd46b5b8172563a0b3427835f332c,512,512,,,,,,,,,
test,SP3,ydfid/SP3/test/good/ydfid_good_006018.bmp,,0,True,553317d5157440024db52f404784bf44a6ab25734a8f613ab6013b40f4f84449,512,512,,,,,,,,,
test,SP3,ydfid/SP3/test/good/ydfid_good_006019.bmp,,0,True,c186702447a7e82a166f2afeb570fcbdabc7b940498c6ca29bf2ca8d2d5588db,512,512,,,,,,,,,
test,SP3,ydfid/SP3/test/good/ydfid_good_006020.bmp,,0,True,813c8e1b1bea199a15b5963a08bdd2a5a557a66eb0fd0ba59d940d0b3469eb8c,512,512,,,,,,,,,
test,SP3,ydfid/SP3/test/good/ydfid_good_006021.bmp,,0,True,b534a061362571c515afe24bc83013f06b9fbd27590f2a2b539c463a1f5bf842,512,512,,,,,,,,,
test,SP3,ydfid/SP3/test/good/ydfid_good_006022.bmp,,0,True,f6447436d429675705e6adafe3138045317f30f4e67d0f17ceb6bc56196a2fb5,512,512,,,,,,,,,
test,SP3,ydfid/SP3/test/good/ydfid_good_006023.bmp,,0,True,910cf0b354fcdaefed14633b7da146dfe0c1d900fca2380cbbf864332d2f134e,512,512,,,,,,,,,
test,SP3,ydfid/SP3/test/good/ydfid_good_006024.bmp,,0,True,d70b03f8478426b673ea837d5fd0b61f3884348faf2f11d31aa086d2cfeeaae3,512,512,,,,,,,,,
test,SP3,ydfid/SP3/test/good/ydfid_good_006025.bmp,,0,True,31e29727803e3c351b0843c33ac35124cc3af707d537aae5104d90b877645e71,512,512,,,,,,,,,
test,SP3,ydfid/SP3/test/good/ydfid_good_006026.bmp,,0,True,33b5f12594203dfbf696a6c5e5cd470c17cbcf45dd027d3760b5df3b2d40a529,512,512,,,,,,,,,
test,SP3,ydfid/SP3/test/good/ydfid_good_006027.bmp,,0,True,2463dda95e74b8c36c0ceb9e9be6c3af0d8d4658211fe3c80eb7225ec61540d0,512,512,,,,,,,,,
test,SP3,ydfid/SP3/test/good/ydfid_good_006028.bmp,,0,True,0ac2e1a35d65e9e71ad8dbd334dd2a604717f158ea164b78a524d7c7083a73bf,512,512,,,,,,,,,
test,SP3,ydfid/SP3/test/good/ydfid_good_006029.bmp,,0,True,7fb59ccba135581c163453ae7e9009e8b81dad1fa756c796ac24d5d724ef8db1,512,512,,,,,,,,,
test,SP3,ydfid/SP3/test/good/ydfid_good_006030.bmp,,0,True,afa0109b8127e3f055ca149904d313492fa590b2a8bfd3f30116b4b017e84295,512,512,,,,,,,,,
test,SP3,ydfid/SP3/test/good/ydfid_good_006031.bmp,,0,True,e950d1e72dbef62517a4ca9ae68d56e96daa76b123180cc9f9e430e6120bf529,512,512,,,,,,,,,
test,SP3,ydfid/SP3/test/good/ydfid_good_006032.bmp,,0,True,e590296a052298d41ce8b562804e9f782200e586d09d4474194c82d29bc638d0,512,512,,,,,,,,,
test,SP3,ydfid/SP3/test/good/ydfid_good_006033.bmp,,0,True,3003aa0fc5275baa28cb845131a584d8544ad97d2a893b90987fc64fc177e420,512,512,,,,,,,,,
test,SP3,ydfid/SP3/test/good/ydfid_good_006034.bmp,,0,True,da5e2c5ce5160b9349a8325fca36c30469f16c7444ea8ee1fd10941ab9965567,512,512,,,,,,,,,
test,SP3,ydfid/SP3/test/good/ydfid_good_006035.bmp,,0,True,3f1a0e702601d3b514dfcacd27c6b98831ae351ac3d2bde58aaa1162ef3ac343,512,512,,,,,,,,,
test,SP3,ydfid/SP3/test/good/ydfid_good_006036.bmp,,0,True,e2441a5f80d3ae2e8d7dec5fc62ded3358702af5d7c21897f52d287902adede3,512,512,,,,,,,,,
test,SP3,ydfid/SP3/test/good/ydfid_good_006037.bmp,,0,True,1571912094ff82b144230a2b7a53df13cad135412f5994be297dd95ed40d504e,512,512,,,,,,,,,
test,SP3,ydfid/SP3/test/good/ydfid_good_006038.bmp,,0,True,95093b5ef8249538041de294df09bad255d0ab45389aa0103fcbfba3d6c2d840,512,512,,,,,,,,,
test,SP3,ydfid/SP3/test/good/ydfid_good_006039.bmp,,0,True,da98a0757702f5801d5f53d3ae4edcee2b914a5d47384e418b816b207c4332c2,512,512,,,,,,,,,
test,SP3,ydfid/SP3/test/good/ydfid_good_006040.bmp,,0,True,c009c1b15c49ebacf1cf243c25e43127a53dbafc4f7d12bc7ed1d72fc3cc0039,512,512,,,,,,,,,
test,SP3,ydfid/SP3/test/good/ydfid_good_006041.bmp,,0,True,f19511f51e42da20589aae240584b95ded4dac5025f772c7914f33a1d5a5063a,512,512,,,,,,,,,
test,SP3,ydfid/SP3/test/good/ydfid_good_006042.bmp,,0,True,2140a039eac59d420cc634d2d4132e90215ba6bf7192c8c52c93dc93c633aade,512,512,,,,,,,,,
test,SP3,ydfid/SP3/test/good/ydfid_good_006043.bmp,,0,True,17a2f355c7a5a29d1d1e680c0a8ffd7868f59aa8b90080cce1ee4c332e302497,512,512,,,,,,,,,
test,SP3,ydfid/SP3/test/good/ydfid_good_006044.bmp,,0,True,5e262addfcbad13a40c7cbd0bfc08a8ce37bdae552bdc310c23e70290c668205,512,512,,,,,,,,,
test,SP3,ydfid/SP3/test/good/ydfid_good_006045.bmp,,0,True,a0f74ad6af913d1c4f87cfd8e89d0c1394eb46c87a55c04bdaf077a028885c92,512,512,,,,,,,,,
test,SP3,ydfid/SP3/test/good/ydfid_good_006046.bmp,,0,True,3a4fc5656ff7620e9ecd11e7ec38ae74f665a6e6a6fd4b17aa24e60e7e3966d0,512,512,,,,,,,,,
test,SP3,ydfid/SP3/test/good/ydfid_good_006047.bmp,,0,True,4e77220db76df196e2d604dcf1709980c8c5e21aa09323013f24ba75b96497e4,512,512,,,,,,,,,
test,SP3,ydfid/SP3/test/good/ydfid_good_006048.bmp,,0,True,575e6b1959f1717787c406b30d63d0d1d106948c2c7098f4c920f65267348780,512,512,,,,,,,,,
test,SP3,ydfid/SP3/test/good/ydfid_good_006049.bmp,,0,True,ecef8f3865cdaa500aa7f75f66289e3ddb02507baa10f481e9fa67a3f4113c9e,512,512,,,,,,,,,
test,SP3,ydfid/SP3/test/good/ydfid_good_006050.bmp,,0,True,c68ade09e27c1f76d245f77b8f2786498017446fedf66a1130f276ffc3ac60f4,512,512,,,,,,,,,
test,SP3,ydfid/SP3/test/good/ydfid_good_006051.bmp,,0,True,7628f3000f5926ed101278aefe4b35159d6c42933d826e4e4e8bc9820126a257,512,512,,,,,,,,,
test,SP3,ydfid/SP3/test/good/ydfid_good_006052.bmp,,0,True,b407b15388cf68187cc068051bb044a039f435a12b51ff9f4ce0a000c6d917e2,512,512,,,,,,,,,
test,SP3,ydfid/SP3/test/good/ydfid_good_006053.bmp,,0,True,1d976c9f403d967c177793fa97aeb9e839e53b98ea1aaf05f05ef69e689efb6a,512,512,,,,,,,,,
test,SP3,ydfid/SP3/test/good/ydfid_good_006054.bmp,,0,True,337d4e51e5ad4fbaaa7832311824cffde9673953cfcfe90a38cfcd4f8715b121,512,512,,,,,,,,,
test,SP3,ydfid/SP3/test/good/ydfid_good_006055.bmp,,0,True,a614f6ce2819f8ee4e5b2bfc7747f396a251f7efe01d0c6bfb2c83cb64f98c69,512,512,,,,,,,,,
test,SP3,ydfid/SP3/test/good/ydfid_good_006056.bmp,,0,True,3da5da68e7008a7e178a9b7fd7cb91ce29cd60ab49a3983e13cf6a7ed878c05d,512,512,,,,,,,,,
test,SP3,ydfid/SP3/test/good/ydfid_good_006057.bmp,,0,True,f75ba14e605916419a66bac2fb5dea67500dc3e29afc9fc951d6ba26c584637b,512,512,,,,,,,,,
test,SP3,ydfid/SP3/test/good/ydfid_good_006058.bmp,,0,True,2bdd3b7b798da2f980de55da266cd7da8e14ba9ccf452ba0144a0eb5c3b8451c,512,512,,,,,,,,,
test,SP3,ydfid/SP3/test/good/ydfid_good_006059.bmp,,0,True,4569381511a5016111daf9842933b29d155d0f9f05c28d504ddac23310365ff6,512,512,,,,,,,,,
test,SP3,ydfid/SP3/test/good/ydfid_good_006060.bmp,,0,True,4e52e923ee11d254fdf186c129866d3938f31c7bec3f5f1ed4799f6b6ba3459d,512,512,,,,,,,,,
test,SP3,ydfid/SP3/test/good/ydfid_good_006061.bmp,,0,True,ba07c4563a9d61c48908de96c001803573564d49f05b9f8bd742116c1c1b4adc,512,512,,,,,,,,,
test,SP3,ydfid/SP3/test/good/ydfid_good_006062.bmp,,0,True,977f17ac40edafcd99e88b9a67e42a43ebdc0b6c0aabe10fcf17dc37d4246e9d,512,512,,,,,,,,,
test,SP3,ydfid/SP3/test/good/ydfid_good_006063.bmp,,0,True,5e289b6690af866f44a05ff91d87a6f6017450ac8017da45085e81d0d0a01e77,512,512,,,,,,,,,
test,SP3,ydfid/SP3/test/good/ydfid_good_006064.bmp,,0,True,f03f13935aefff1266facaab94c7e566b27f33c94774b89e755a1a4e95cff318,512,512,,,,,,,,,
test,SP3,ydfid/SP3/test/good/ydfid_good_006065.bmp,,0,True,8c262650308e5bb5f014512828907f7bb1ce1593faecca88ac117db96d12440a,512,512,,,,,,,,,
test,SP3,ydfid/SP3/test/good/ydfid_good_006066.bmp,,0,True,1cc9bd27740c91ffe2cecadac1912cac4a1c1de0d682186c8ad2e7bfe0edd37c,512,512,,,,,,,,,
test,SP3,ydfid/SP3/test/good/ydfid_good_006067.bmp,,0,True,196cc13167288d7eb29ccb26d61109282a7ac0b84b0db5aa37dfd39e6aee8705,512,512,,,,,,,,,
test,SP3,ydfid/SP3/test/good/ydfid_good_006068.bmp,,0,True,9edc1f46b1193684dd81559cf43523799e7680d94db32d2d7a6ec61f19999fe6,512,512,,,,,,,,,
test,SP3,ydfid/SP3/test/good/ydfid_good_006069.bmp,,0,True,4c2c49052f123e80944196053e8cb704332be77258ba59e24c69bb4885205a3d,512,512,,,,,,,,,
test,SP3,ydfid/SP3/test/good/ydfid_good_006070.bmp,,0,True,0d8c8d812cc43e04aaeb1b05188ef0f3fec7a841dfb18f25d77aff567a6770d0,512,512,,,,,,,,,
test,SP3,ydfid/SP3/test/good/ydfid_good_006071.bmp,,0,True,e80be11b70592502b91f6a45c691d0bd8f3e699764896b1c4ab1a4a629912335,512,512,,,,,,,,,
test,SP3,ydfid/SP3/test/good/ydfid_good_006072.bmp,,0,True,9797823d95b15846e830f363a1cf04c69b2cc434965cae20d30d6b61f6641bad,512,512,,,,,,,,,
test,SP3,ydfid/SP3/test/good/ydfid_good_006073.bmp,,0,True,d2aba7f0f98c22f3068265d62ae5bfcd17450b60767fd427d2011a4c1ec47a78,512,512,,,,,,,,,
test,SP3,ydfid/SP3/test/good/ydfid_good_006074.bmp,,0,True,6a41c83287d2c93a5f251de47f001922ec9086b1b87750325a2f75f3517a4b8e,512,512,,,,,,,,,
test,SP3,ydfid/SP3/test/good/ydfid_good_006075.bmp,,0,True,403280133219be08f2ca99874d98946df9f7632f01d87f8e3d53bb07d17403e0,512,512,,,,,,,,,
test,SP3,ydfid/SP3/test/good/ydfid_good_006076.bmp,,0,True,37c905ad54dd20399ac5195e4c498d152dc7dc324e923570fdc148736634797a,512,512,,,,,,,,,
test,SP3,ydfid/SP3/test/good/ydfid_good_006077.bmp,,0,True,f6f3b8d19b4fc6c26774c411358f59de53cbd1f33c6870ac7c11f76209d743d2,512,512,,,,,,,,,
test,SP3,ydfid/SP3/test/good/ydfid_good_006078.bmp,,0,True,11fd18781730e6fe68054a3fed5918f695bb7818eb6d44f7ce9036c6ea9a99a6,512,512,,,,,,,,,
test,SP3,ydfid/SP3/test/good/ydfid_good_006079.bmp,,0,True,6c11af60623d7dbe78fbff4568c37a325acd0da3c2273c2e61293ba09db089b1,512,512,,,,,,,,,
test,SP3,ydfid/SP3/test/good/ydfid_good_006080.bmp,,0,True,0830a2ed1f5783679dcd8958b77e88fa324da93ce22e19e9e4b70fa443c7e5a3,512,512,,,,,,,,,
test,SP3,ydfid/SP3/test/good/ydfid_good_006081.bmp,,0,True,3d5b9c0de19428d60fb220ce5c97f2a8bc5b8201e74500414d663ca9e06ee121,512,512,,,,,,,,,
test,SP3,ydfid/SP3/test/good/ydfid_good_006082.bmp,,0,True,0af65f800537d2da05bcabe4c9feb5f945cc2cbdd91f0e86ea3496ce73bec55d,512,512,,,,,,,,,
test,SP3,ydfid/SP3/test/good/ydfid_good_006083.bmp,,0,True,7f3e9c5f71c0c7be12707dcd76f09ae13971fe6ae8f68c415757fb3e5a999de9,512,512,,,,,,,,,
test,SP3,ydfid/SP3/test/good/ydfid_good_006084.bmp,,0,True,bb7d4325b017ca0262987bacd07cecef730c3de4d667f06a52760127b25e0c63,512,512,,,,,,,,,
test,SP3,ydfid/SP3/test/good/ydfid_good_006085.bmp,,0,True,66c1f40d23ac5c5b2cf4fb9a43d738350697e3a6e279d6f3b7891d0f45d5a4e7,512,512,,,,,,,,,
test,SP3,ydfid/SP3/test/good/ydfid_good_006086.bmp,,0,True,4848e73423182cdd17777f7f4533e63f91afb1784b51a9043c4d869d47ffdf1d,512,512,,,,,,,,,
test,SP3,ydfid/SP3/test/good/ydfid_good_006087.bmp,,0,True,8989f60d87960aeebf7d3d8f26a32e3c42b0217e047860bbc5d89cd9c32bef6e,512,512,,,,,,,,,
test,SP3,ydfid/SP3/test/good/ydfid_good_006088.bmp,,0,True,c04c064251bcfae1eeee20aae2eaf5356b86a892edcc3b9ec2b18b12cb1e53ec,512,512,,,,,,,,,
test,SP3,ydfid/SP3/test/good/ydfid_good_006089.bmp,,0,True,93486915fa5a09ac16de2d9ee2ca57b7f90bec02fbc5ca611f770c7b94e88756,512,512,,,,,,,,,
test,SP3,ydfid/SP3/test/good/ydfid_good_006090.bmp,,0,True,513ad41d248eef6664520f41b1c2aadd5fdd423aacae2653864e237b57f97b75,512,512,,,,,,,,,
test,SP3,ydfid/SP3/test/good/ydfid_good_006091.bmp,,0,True,9f804975c5ff6bcb805632a6a58ee2ba1c5f5a6ec729f8c08c73b6c13760710e,512,512,,,,,,,,,
test,SP3,ydfid/SP3/test/good/ydfid_good_006092.bmp,,0,True,7d4e9973fb3f1a8bdda9b6e5dd858773d213b1e62303b0c52913ccf556a3207a,512,512,,,,,,,,,
test,SP3,ydfid/SP3/test/good/ydfid_good_006093.bmp,,0,True,2e3d4a2bd138ea2d93e079a997d1b269df6271fb8671bdbf608330e8814e2b04,512,512,,,,,,,,,
test,SP3,ydfid/SP3/test/good/ydfid_good_006094.bmp,,0,True,989e57de9870dd0cc6a078fc6a672458833770b0481677ca7c0cc3c75faf1f0e,512,512,,,,,,,,,
test,SP3,ydfid/SP3/test/good/ydfid_good_006095.bmp,,0,True,0172f6fc1a203ceaa54584284e4cc6f9aff8c51942e51e0a79f317e6c301f492,512,512,,,,,,,,,
test,SP3,ydfid/SP3/test/good/ydfid_good_006096.bmp,,0,True,48d7e4ab6395329c0be80ea80e64243d3f6c7c6932586e57eae5064e84e7f9b3,512,512,,,,,,,,,
test,SP3,ydfid/SP3/test/good/ydfid_good_006097.bmp,,0,True,416163a055c907d544aff9832e1b6b0093983ca76c08218245ff5c0ae232a762,512,512,,,,,,,,,
test,SP3,ydfid/SP3/test/good/ydfid_good_006098.bmp,,0,True,2eab31c9e1e826dbe9846bf599f879a6d805af1ae15062db1f1b5124cf5d80d2,512,512,,,,,,,,,
test,SP3,ydfid/SP3/test/good/ydfid_good_006099.bmp,,0,True,21d61d7f373d659c3442ca62cdfd7cbc2009a7f7c15f23df070f7cfcbff08814,512,512,,,,,,,,,
test,SP3,ydfid/SP3/test/good/ydfid_good_006100.bmp,,0,True,35cf183866a27470ad216a8419d39dbdf3a6eeb1f44911aa0f1dfc5353d9236c,512,512,,,,,,,,,
test,SP3,ydfid/SP3/test/good/ydfid_good_006101.bmp,,0,True,a61020aac327c9cc66475683a57d74d60d0483d40f5928961a06387801385c67,512,512,,,,,,,,,
test,SP3,ydfid/SP3/test/good/ydfid_good_006102.bmp,,0,True,2c8a76a2c9d88fe0dfb55912707df24c4697d37293f904b2b76b60dd1b74cef4,512,512,,,,,,,,,
test,SP3,ydfid/SP3/test/good/ydfid_good_006103.bmp,,0,True,f2564bb4544639f33fe6f15d154dba816e6d589efe6592d32e1e9f08bde0d5dd,512,512,,,,,,,,,
test,SP3,ydfid/SP3/test/good/ydfid_good_006104.bmp,,0,True,8e79d01a6853737f05f22b8883a18265fa2a9e2c1ec21dfc5a5788678562612a,512,512,,,,,,,,,
test,SP3,ydfid/SP3/test/good/ydfid_good_006105.bmp,,0,True,ff302bc7945687c845d83c4a0615c96f05fd90240ea2819967ea70503607b571,512,512,,,,,,,,,
test,SP3,ydfid/SP3/test/good/ydfid_good_006106.bmp,,0,True,b118a596f6f142ddb920518dc4c0f577863e5f2f330eb1824b8e1defa75b7a67,512,512,,,,,,,,,
test,SP3,ydfid/SP3/test/good/ydfid_good_006107.bmp,,0,True,a0ec4b26f9dc6c390ba3aa990e814d9037821fdcb2702a7e2176689639666546,512,512,,,,,,,,,
test,SP3,ydfid/SP3/test/good/ydfid_good_006108.bmp,,0,True,67c1571366350718e84a0e812ac2bc0f1b775bcadf7e9b9755c57fb9e783f147,512,512,,,,,,,,,
test,SP3,ydfid/SP3/test/good/ydfid_good_006109.bmp,,0,True,27a7fd68be302fd6823d24f09e3ab2203666a7b067c4d1d3654d77a54faec230,512,512,,,,,,,,,
test,SP5,ydfid/SP5/test/anomaly/ydfid_defect_006458.bmp,ydfid/SP5/ground_truth/anomaly/ydfid_defect_006458.png,1,True,53978764bfcbd1606f222582adbf422a7ed59cc69fafc9e89acf80c7cb30f7f3,512,512,True,512,512,0|255,1661,0.006336212158203125,2.06667,False,
test,SP5,ydfid/SP5/test/anomaly/ydfid_defect_006459.bmp,ydfid/SP5/ground_truth/anomaly/ydfid_defect_006459.png,1,True,22ee24cf116c9e0d7519fe583d78b7284a2572eaae87b28f95f97e3949f19d62,512,512,True,512,512,0|255,1719,0.006557464599609375,2.0303,False,
test,SP5,ydfid/SP5/test/anomaly/ydfid_defect_006460.bmp,ydfid/SP5/ground_truth/anomaly/ydfid_defect_006460.png,1,True,3880a0abb3f94f382385ee60a6ee46e8071e84f2e92566df2f88ac4a4ede4026,512,512,True,512,512,0|255,12422,0.04738616943359375,1.85417,False,
test,SP5,ydfid/SP5/test/anomaly/ydfid_defect_006461.bmp,ydfid/SP5/ground_truth/anomaly/ydfid_defect_006461.png,1,True,c03b7e7060733651858f802712f1573236c39edf5ad5b46b7443017fc573cfef,512,512,True,512,512,0|255,2866,0.01093292236328125,11.78125,False,
test,SP5,ydfid/SP5/test/anomaly/ydfid_defect_006462.bmp,ydfid/SP5/ground_truth/anomaly/ydfid_defect_006462.png,1,True,402620fdd75de75f6f1958046e46d4f2dd7743e43a27aa83e784020c63b79287,512,512,True,512,512,0|255,6019,0.022960662841796875,2.44286,False,
test,SP5,ydfid/SP5/test/anomaly/ydfid_defect_006463.bmp,ydfid/SP5/ground_truth/anomaly/ydfid_defect_006463.png,1,True,3cd8b0f0839ad376509f4d75bacc1d653825dbcb58a5d9bd25a539207004a4d0,512,512,True,512,512,0|255,2095,0.007991790771484375,10.69231,False,
test,SP5,ydfid/SP5/test/anomaly/ydfid_defect_006464.bmp,ydfid/SP5/ground_truth/anomaly/ydfid_defect_006464.png,1,True,ee8be3870fd82272502b9db11bffe99c14d86f266a1cfa7aec70be3ddf0c68d7,512,512,True,512,512,0|255,9688,0.036956787109375,2.86034,False,
test,SP5,ydfid/SP5/test/anomaly/ydfid_defect_006465.bmp,ydfid/SP5/ground_truth/anomaly/ydfid_defect_006465.png,1,True,d909ed54ac0d958c645b5d39819250f23bc770246ef56fd8018279eac43d7fd4,512,512,True,512,512,0|255,7443,0.028392791748046875,4.92857,False,
test,SP5,ydfid/SP5/test/anomaly/ydfid_defect_006466.bmp,ydfid/SP5/ground_truth/anomaly/ydfid_defect_006466.png,1,True,a3d11bd46c97c809c8b6e71c1d621f48ac6976406d3f8468398cde05eae5a05f,512,512,True,512,512,0|255,293,0.001117706298828125,1.04106,False,
test,SP5,ydfid/SP5/test/anomaly/ydfid_defect_006467.bmp,ydfid/SP5/ground_truth/anomaly/ydfid_defect_006467.png,1,True,26c48e462b18b0933cd7fbdbd958dc5540c806f087bb4ed0ed971e16872d4146,512,512,True,512,512,0|255,4733,0.018054962158203125,10.35897,False,
test,SP5,ydfid/SP5/test/anomaly/ydfid_defect_006468.bmp,ydfid/SP5/ground_truth/anomaly/ydfid_defect_006468.png,1,True,05db09b8eefdcc9352418693a83c33eed79bd13aa9cfe3ecd3760b2266536832,512,512,True,512,512,0|255,234,0.00089263916015625,1.05882,False,
test,SP5,ydfid/SP5/test/anomaly/ydfid_defect_006469.bmp,ydfid/SP5/ground_truth/anomaly/ydfid_defect_006469.png,1,True,7c1f43826996f6c64f92617326483c02d63d41ba8417de3f56ed4ca0ab3dc543,512,512,True,512,512,0|255,5188,0.0197906494140625,2.01389,False,
test,SP5,ydfid/SP5/test/anomaly/ydfid_defect_006470.bmp,ydfid/SP5/ground_truth/anomaly/ydfid_defect_006470.png,1,True,357c8ff452bf4e2f71b2d234cf165aec35cbb89726af638f59d054329d57b701,512,512,True,512,512,0|255,12133,0.046283721923828125,1.36323,False,
test,SP5,ydfid/SP5/test/anomaly/ydfid_defect_006471.bmp,ydfid/SP5/ground_truth/anomaly/ydfid_defect_006471.png,1,True,33a156dbd8592b6f4aeea2e7bb4395dfa76d19e3ae1ac5f008da1a8c5516d059,512,512,True,512,512,0|255,8893,0.033924102783203125,6.66667,False,
test,SP5,ydfid/SP5/test/anomaly/ydfid_defect_006472.bmp,ydfid/SP5/ground_truth/anomaly/ydfid_defect_006472.png,1,True,9634f38af0bb715ac5cb75a88abb659f708253a9af462fe22441a3031cbf84d3,512,512,True,512,512,0|255,3568,0.01361083984375,6.10256,False,
test,SP5,ydfid/SP5/test/anomaly/ydfid_defect_006473.bmp,ydfid/SP5/ground_truth/anomaly/ydfid_defect_006473.png,1,True,b619dcedf3f286283d6ce564e00973e52e55616fcebc1b811d2d647f7f2f3f75,512,512,True,512,512,0|255,686,0.00261688232421875,2.2381,False,
test,SP5,ydfid/SP5/test/anomaly/ydfid_defect_006474.bmp,ydfid/SP5/ground_truth/anomaly/ydfid_defect_006474.png,1,True,8cca9bc6cf8249ed1d6c4d901550d480f0c98320ed1b14cbc5b5d51f86070afa,512,512,True,512,512,0|255,2224,0.00848388671875,2.11034,False,
test,SP5,ydfid/SP5/test/anomaly/ydfid_defect_006475.bmp,ydfid/SP5/ground_truth/anomaly/ydfid_defect_006475.png,1,True,2f1e01b8475dcd730ca1afb718be8bd3660338a314528dc5e146238c4a786f13,512,512,True,512,512,0|255,1844,0.0070343017578125,13.84615,False,
test,SP5,ydfid/SP5/test/anomaly/ydfid_defect_006476.bmp,ydfid/SP5/ground_truth/anomaly/ydfid_defect_006476.png,1,True,66782e21f2327ff90b656815af68422d1722ebe66e6f64a0642e48fa9b115ee7,512,512,True,512,512,0|255,3871,0.014766693115234375,17.13636,False,
test,SP5,ydfid/SP5/test/good/ydfid_good_006292.bmp,,0,True,700c3392c1c4b196143a177fba072b44f6179f4e3d1569c31ac29322af346f25,512,512,,,,,,,,,
test,SP5,ydfid/SP5/test/good/ydfid_good_006293.bmp,,0,True,5303bb934763f54c43e965f9270dd26eb5f74894147a2dbf442e5d192c4d04ec,512,512,,,,,,,,,
test,SP5,ydfid/SP5/test/good/ydfid_good_006294.bmp,,0,True,4d8aad5db796015d17dfbf63ce4dbebf72279e74d7b988eab22d6ec0a10f8e69,512,512,,,,,,,,,
test,SP5,ydfid/SP5/test/good/ydfid_good_006295.bmp,,0,True,83cc67ac15f3858ac79c413837aa33c9efdde12c2a3bc655f11cf40dcec21072,512,512,,,,,,,,,
test,SP5,ydfid/SP5/test/good/ydfid_good_006296.bmp,,0,True,0b3c1fe7897ad6746c7bc95fb4fbee8842606adaca8b2d5c9a5911b26bff58fc,512,512,,,,,,,,,
test,SP5,ydfid/SP5/test/good/ydfid_good_006297.bmp,,0,True,3869da61c3567e063c486ac156653acbeff618b026a53c969fc25ee06d5363cf,512,512,,,,,,,,,
test,SP5,ydfid/SP5/test/good/ydfid_good_006298.bmp,,0,True,2acbc3cadbe43d4a035a554fd6d1a03c429d49a5b407661a5271e7c46746f322,512,512,,,,,,,,,
test,SP5,ydfid/SP5/test/good/ydfid_good_006299.bmp,,0,True,4b836fdc397c86c186215c600b1b3ca26187b79d51b5aa812958d016d9eac9da,512,512,,,,,,,,,
test,SP5,ydfid/SP5/test/good/ydfid_good_006300.bmp,,0,True,5f8e58ee5b79845e410a58bc56fab56522843fe38642ecf8a907c7337facc44d,512,512,,,,,,,,,
test,SP5,ydfid/SP5/test/good/ydfid_good_006301.bmp,,0,True,bf4544004542f746018f1138c584663db367b78a5f2e23d51c9c63d2a096daa6,512,512,,,,,,,,,
test,SP5,ydfid/SP5/test/good/ydfid_good_006302.bmp,,0,True,eecb8a73f194e092ffd8f44f3f152d34138ecfed12f2c032751f63d66349c190,512,512,,,,,,,,,
test,SP5,ydfid/SP5/test/good/ydfid_good_006303.bmp,,0,True,0cbd3d84bf1aa66dc2a742ea9c7c2af8f6377b48cb252e0a1d2bd615ce883ca8,512,512,,,,,,,,,
test,SP5,ydfid/SP5/test/good/ydfid_good_006304.bmp,,0,True,9e26db32ead26de77e40a4bbdfa07e1501bfaaf4ce4be195a510872caba27322,512,512,,,,,,,,,
test,SP5,ydfid/SP5/test/good/ydfid_good_006305.bmp,,0,True,f27fe1a36b2191256caa82afc9120391e6c15bc28b5a482af804d586f66eb9de,512,512,,,,,,,,,
test,SP5,ydfid/SP5/test/good/ydfid_good_006306.bmp,,0,True,f787530d5f929695a6c818fd2838c3044dd2170287bff2612cb97415e1e9b9ed,512,512,,,,,,,,,
test,SP5,ydfid/SP5/test/good/ydfid_good_006307.bmp,,0,True,0e9ca68322451cec1b8d1a6d8a642f832b3a9210ad24024f098385a9156ff03b,512,512,,,,,,,,,
test,SP5,ydfid/SP5/test/good/ydfid_good_006308.bmp,,0,True,83e1df3d41fb563d72b21fbd9fc677c030b1f60a1501d5f8ab192a138cf3a80c,512,512,,,,,,,,,
test,SP5,ydfid/SP5/test/good/ydfid_good_006309.bmp,,0,True,f59c255c26996bfa44f0e4919abeca3a6c82e17de8a684024683cf2d7911e2f9,512,512,,,,,,,,,
test,SP5,ydfid/SP5/test/good/ydfid_good_006310.bmp,,0,True,ad5aae6942ed83e2f5e801d2755b1b445d0cf4d781cd8835c8a4bca447262126,512,512,,,,,,,,,
test,SP5,ydfid/SP5/test/good/ydfid_good_006311.bmp,,0,True,e6bc5047ac22ea3c8f31a9528a26fd685be816db59ed0eadfddb48571db5426a,512,512,,,,,,,,,
test,SP5,ydfid/SP5/test/good/ydfid_good_006312.bmp,,0,True,8bec87dd456b4d683d6e601a868aa1f49070dc5593f848b806c2e7bf84d629ad,512,512,,,,,,,,,
test,SP5,ydfid/SP5/test/good/ydfid_good_006313.bmp,,0,True,dfdba4fd8196bf2330c23255e368f1cecfce13e5b8e45fff1b991044a88cd664,512,512,,,,,,,,,
test,SP5,ydfid/SP5/test/good/ydfid_good_006314.bmp,,0,True,0780f0acb20fda53b4a60b0f188ba19fe8bcfdb228d0651bab34af060c577346,512,512,,,,,,,,,
test,SP5,ydfid/SP5/test/good/ydfid_good_006315.bmp,,0,True,eb944d8d4ae70a669f79dc7c671208d4404976f4acefc5f9faf6ecc8febd0e1a,512,512,,,,,,,,,
test,SP5,ydfid/SP5/test/good/ydfid_good_006316.bmp,,0,True,662379ff67d08ea119cff661369adc620cd5fb22614a48b6b476db22abbb5cea,512,512,,,,,,,,,
test,SP5,ydfid/SP5/test/good/ydfid_good_006317.bmp,,0,True,7e181992a82ec3288682ddf6b870c081ddf6116db3a1e02a316e8677343dcdd9,512,512,,,,,,,,,
test,SP5,ydfid/SP5/test/good/ydfid_good_006318.bmp,,0,True,b589aeca6464e2ae84df97c6dc40ae8a3e67b041a578b82a86cc1e4431de6781,512,512,,,,,,,,,
test,SP5,ydfid/SP5/test/good/ydfid_good_006319.bmp,,0,True,4fe72ad9b41e0f3aa75a98ffa4b2007b6d3d14f2e312b03ac3954c71191ea821,512,512,,,,,,,,,
test,SP5,ydfid/SP5/test/good/ydfid_good_006320.bmp,,0,True,2768f0a4ff016b795e9b125c437ca4d64b1004ff3045a3d0276be4d0efcfcc48,512,512,,,,,,,,,
test,SP5,ydfid/SP5/test/good/ydfid_good_006321.bmp,,0,True,8e0d4f46d9e20c27199431e17d48ef626394f1c5a07e14b37fc41cc3252e82a5,512,512,,,,,,,,,
test,SP5,ydfid/SP5/test/good/ydfid_good_006322.bmp,,0,True,2745abfb15a5e3ed06e2cde9e0927a551e681267abd3aa42160ec8848ae40e82,512,512,,,,,,,,,
test,SP5,ydfid/SP5/test/good/ydfid_good_006323.bmp,,0,True,c6f9c3821e35108f365377c2b6e1b2a05a31f86d0ec32b751f55fc6d79fa6651,512,512,,,,,,,,,
test,SP5,ydfid/SP5/test/good/ydfid_good_006324.bmp,,0,True,9f5e67218db712e225a218c6fab982754319d634c200f563045355a4f4ec60af,512,512,,,,,,,,,
test,SP5,ydfid/SP5/test/good/ydfid_good_006325.bmp,,0,True,8e4cc4bef2fdad45035698521d5e61c22a442d61a46698e012ec62ef2c7ca7e1,512,512,,,,,,,,,
test,SP5,ydfid/SP5/test/good/ydfid_good_006326.bmp,,0,True,c04226341a3ff4e46bed14a002a6d287e678ed11dda12546b013b0a3cd6ea2a9,512,512,,,,,,,,,
test,SP5,ydfid/SP5/test/good/ydfid_good_006327.bmp,,0,True,c3c281e06723b01e1b1ded31cb97950d2504e85214aafd9608a8a6d61835e2cd,512,512,,,,,,,,,
test,SP5,ydfid/SP5/test/good/ydfid_good_006328.bmp,,0,True,0a970b8b5bafe0b68ccef28b6e786c5d13a923300ac1c3b1ac3989d5efff8aeb,512,512,,,,,,,,,
test,SP5,ydfid/SP5/test/good/ydfid_good_006329.bmp,,0,True,e00143c961d3f00ae51a610d3a56fc9a90bf1b525c9cba990c8d817d4a5e17bf,512,512,,,,,,,,,
test,SP5,ydfid/SP5/test/good/ydfid_good_006330.bmp,,0,True,eb68be3b9e4126cb05b02d6865d8d7279bbaf2e4bd1f94085c102e3e4200439b,512,512,,,,,,,,,
test,SP5,ydfid/SP5/test/good/ydfid_good_006331.bmp,,0,True,257b7aff1eb82e8d3cd377cea88b73bc48a913f40b6055ff9383dae7196f65ba,512,512,,,,,,,,,
test,SP5,ydfid/SP5/test/good/ydfid_good_006332.bmp,,0,True,5b705f22fb7e4d37a55172f57b84a7aa195d3312fdaf20189474791e506eeff7,512,512,,,,,,,,,
test,SP5,ydfid/SP5/test/good/ydfid_good_006333.bmp,,0,True,ea5431ae0aecb84daac3a5997d5544c3030677940bbde8983dc17bd3c2492302,512,512,,,,,,,,,
test,SP5,ydfid/SP5/test/good/ydfid_good_006334.bmp,,0,True,6811f267e0d052b4bb811e74a616bbee71ea30148a14d7a54aa1d17eec6d235e,512,512,,,,,,,,,
test,SP5,ydfid/SP5/test/good/ydfid_good_006335.bmp,,0,True,0b66dd35c4983127728732aedf142f48d4206063722a776fc75526babb8557a2,512,512,,,,,,,,,
test,SP5,ydfid/SP5/test/good/ydfid_good_006336.bmp,,0,True,8c54bcee4448f03d0431a50f8cda479a0a8099ddb046b1e31394d97271ec10dd,512,512,,,,,,,,,
test,SP5,ydfid/SP5/test/good/ydfid_good_006337.bmp,,0,True,aa60c52281bb9e5212ff6c49af994b5dc1d8df401cf9bd8eca94bfe0e7b03595,512,512,,,,,,,,,
test,SP5,ydfid/SP5/test/good/ydfid_good_006338.bmp,,0,True,a4545494746bc88d07755d1f5622795712a6863bec406943bdedd103f322c309,512,512,,,,,,,,,
test,SP5,ydfid/SP5/test/good/ydfid_good_006339.bmp,,0,True,4011b321d600bc8d67591b18bfba76dcb95fc355c6da161689814d988f5246b4,512,512,,,,,,,,,
test,SP5,ydfid/SP5/test/good/ydfid_good_006340.bmp,,0,True,4e770c68c6b68812d054f453a29ebc392c607e6762eeac88186ae9ca62e8f8ad,512,512,,,,,,,,,
test,SP5,ydfid/SP5/test/good/ydfid_good_006341.bmp,,0,True,5c63fc780fc7ac7285f01df894b215fc70d4944c23fbdf03b08b3c848f5a2b96,512,512,,,,,,,,,
test,SP5,ydfid/SP5/test/good/ydfid_good_006342.bmp,,0,True,c76b9e3524cebe33aa6d613d2a72a16e408624192068b2a710c5c08bbcd7bef1,512,512,,,,,,,,,
test,SP5,ydfid/SP5/test/good/ydfid_good_006343.bmp,,0,True,9e26126d14d0480dcdb21c63aa0d05c2fdd069ee5cb1943293e1d031d2d020d6,512,512,,,,,,,,,
test,SP5,ydfid/SP5/test/good/ydfid_good_006344.bmp,,0,True,03d92aee62fab13d2c7013eb0776d7aa6f0321eeeb6d4aab2ca2b21a86def973,512,512,,,,,,,,,
test,SP5,ydfid/SP5/test/good/ydfid_good_006345.bmp,,0,True,5bddd8893fe273462e9d8b5162a24ea8810c536b50ea06fa7fd0e6629c64d4e8,512,512,,,,,,,,,
test,SP5,ydfid/SP5/test/good/ydfid_good_006346.bmp,,0,True,b840c0e5acbfc14813f5329ae3bd07d881109d976e199db0f38bcf3e5e6a1ed8,512,512,,,,,,,,,
test,SP5,ydfid/SP5/test/good/ydfid_good_006347.bmp,,0,True,1b6e52f0c9a7c0faba9374b0484099f4fcd21d566896278cb5dc064aa55f648d,512,512,,,,,,,,,
test,SP5,ydfid/SP5/test/good/ydfid_good_006348.bmp,,0,True,1b19e47cc10c9c4a5f9c421ea23bdd513c8d5a2a2d9906aacb4d758268841a4f,512,512,,,,,,,,,
test,SP5,ydfid/SP5/test/good/ydfid_good_006349.bmp,,0,True,c708726fa0fb8a2bd9e444da42ba6fd8c81de9ddf0fd1a4b8e48ab7082af5020,512,512,,,,,,,,,
test,SP5,ydfid/SP5/test/good/ydfid_good_006350.bmp,,0,True,e33cf4ff2e2a48c377459dc9e5df4f8fd504f8cb2c2f8e30223878171eb152aa,512,512,,,,,,,,,
test,SP5,ydfid/SP5/test/good/ydfid_good_006351.bmp,,0,True,245ec7b740077fd8b819da46219ed7cd23d74441d52e63f7b1997117e9af1d0d,512,512,,,,,,,,,
test,SP5,ydfid/SP5/test/good/ydfid_good_006352.bmp,,0,True,c8ad043d4ccf3c44050e570fac4660eeb2e12988d3fbd1d6b137fc7c34a4e80f,512,512,,,,,,,,,
test,SP5,ydfid/SP5/test/good/ydfid_good_006353.bmp,,0,True,5694cf40f66a95d61dd7b45d1f663dfdf2bb3b4ae1a9cac4687bebd6e0e41cd6,512,512,,,,,,,,,
test,SP5,ydfid/SP5/test/good/ydfid_good_006354.bmp,,0,True,fcf8168133aa33c93c680d6f579f440ba81dd3e435b41a24eeb43a982c380802,512,512,,,,,,,,,
test,SP5,ydfid/SP5/test/good/ydfid_good_006355.bmp,,0,True,269d3d05f551e1c12893fbab81b6e99e49e7dd758b470720051ee0c883c0b8fd,512,512,,,,,,,,,
test,SP5,ydfid/SP5/test/good/ydfid_good_006356.bmp,,0,True,2a410b3523dbb6e8ad51f3732d4dd6ed0282bfe82e8ee51a51f0848e633f50db,512,512,,,,,,,,,
test,SP5,ydfid/SP5/test/good/ydfid_good_006357.bmp,,0,True,2e8527022d4849bffef459e333a3a04c6eab8f214ee8ee9c72ea99c0b8d81e85,512,512,,,,,,,,,
test,SP5,ydfid/SP5/test/good/ydfid_good_006358.bmp,,0,True,b88c0a61a204061635041157a85b862fb7a5be1c8ad33ee33223cdf2af5f7175,512,512,,,,,,,,,
test,SP5,ydfid/SP5/test/good/ydfid_good_006359.bmp,,0,True,0f79e5f44d2fe3d760e2fc1fccd62296e2aba358a62322db94be27b272ed8890,512,512,,,,,,,,,
test,SP5,ydfid/SP5/test/good/ydfid_good_006360.bmp,,0,True,9faad52ff26a8a4e8f1776f18a6359b436e449bbf7b923559db1df5bd8c32e73,512,512,,,,,,,,,
test,SP5,ydfid/SP5/test/good/ydfid_good_006361.bmp,,0,True,6d084d39bc2234b292e68c920ab4c45a13672c24690c2c386fe2028a666504a7,512,512,,,,,,,,,
test,SP5,ydfid/SP5/test/good/ydfid_good_006362.bmp,,0,True,5dcfa3041cf2bffde3e9329caedb16d58cdc8df2330fd6aeb357f9bd0e4a89c1,512,512,,,,,,,,,
test,SP5,ydfid/SP5/test/good/ydfid_good_006363.bmp,,0,True,8f1669027d258341766dbe3ae7f9818d4afaa5620f1f873db811887ea93110ae,512,512,,,,,,,,,
test,SP5,ydfid/SP5/test/good/ydfid_good_006364.bmp,,0,True,53b68a0258f3ce74715426642a3e82447095a65fd8b8b789d6a66a729fcf8c28,512,512,,,,,,,,,
test,SP5,ydfid/SP5/test/good/ydfid_good_006365.bmp,,0,True,f35b998114f684c882e0f19db9f525459da6cc7dd884725b6f058e5ccdce1650,512,512,,,,,,,,,
test,SP5,ydfid/SP5/test/good/ydfid_good_006366.bmp,,0,True,a64782aa827404529e960bb298262d5cf54927b87c7900cc3f70104933b879bb,512,512,,,,,,,,,
test,SP5,ydfid/SP5/test/good/ydfid_good_006367.bmp,,0,True,f94c342d7f8adc5e08131ee5da114905d15f3c232bcbe55c1205d138a32479c3,512,512,,,,,,,,,
test,SP5,ydfid/SP5/test/good/ydfid_good_006368.bmp,,0,True,97023c197d39c7c3c947db44c94c60d8e5d02756a769f564e27de51c819b5ec4,512,512,,,,,,,,,
test,SP5,ydfid/SP5/test/good/ydfid_good_006369.bmp,,0,True,5fb30a152aa50fd0f9141495f7df75b65abd24040704169ca76353088d4579f1,512,512,,,,,,,,,
test,SP5,ydfid/SP5/test/good/ydfid_good_006370.bmp,,0,True,9bcc0e2341d9efa23d2e303cca287eca5855825bbd77082c3a84badc29e09091,512,512,,,,,,,,,
test,SP5,ydfid/SP5/test/good/ydfid_good_006371.bmp,,0,True,15e794f82627432a5351e5eec94672ca3b9468bcf320112a96a7a9b026055c9d,512,512,,,,,,,,,
test,SP5,ydfid/SP5/test/good/ydfid_good_006372.bmp,,0,True,ef157d092dafe8b4ab265982c54167478e713a1501f8a001ba47be0ba9fbd360,512,512,,,,,,,,,
test,SP5,ydfid/SP5/test/good/ydfid_good_006373.bmp,,0,True,d76394adc95bd5d6549dfda64b12e7dabdefdb5c2e0ef6cc28a170016a65e7d0,512,512,,,,,,,,,
test,SP5,ydfid/SP5/test/good/ydfid_good_006374.bmp,,0,True,409a1f23b7d26268ebfbc23da8a337f192f04cffd9b72b953e347c8f36d12fd7,512,512,,,,,,,,,
test,SP5,ydfid/SP5/test/good/ydfid_good_006375.bmp,,0,True,4eb26507169ba14c8dfed86b0f57a60341fcd38cb0f97e93a84be2184f8f7b4b,512,512,,,,,,,,,
test,SP5,ydfid/SP5/test/good/ydfid_good_006376.bmp,,0,True,5e2a04dc16d1d7a382d8035ca5ae1c804a3fe9b09b363e5cfba9a8f5967a1862,512,512,,,,,,,,,
test,SP5,ydfid/SP5/test/good/ydfid_good_006377.bmp,,0,True,57b4e80c73e6f2a47e7587106f2de0a2e83574382dc82f173614cca42958fdb5,512,512,,,,,,,,,
test,SP5,ydfid/SP5/test/good/ydfid_good_006378.bmp,,0,True,a01eb3a969e774d448530e0902cbe5aca99f4f4fa6fbbc7beb49c1b19d9aefd7,512,512,,,,,,,,,
test,SP5,ydfid/SP5/test/good/ydfid_good_006379.bmp,,0,True,ba27da38e5c5e837335f071f3a0f74381da586453c21a3b1d2387043c09b28f0,512,512,,,,,,,,,
test,SP5,ydfid/SP5/test/good/ydfid_good_006380.bmp,,0,True,e8be8716c5d94ef4f3237d57b484e0e4b99b6e023cc0485d6fee53b8bd2fea79,512,512,,,,,,,,,
test,SP5,ydfid/SP5/test/good/ydfid_good_006381.bmp,,0,True,115473008de010a5d5ce86a4005662d986d531571ff649932c8d8123720fe9f2,512,512,,,,,,,,,
test,SP5,ydfid/SP5/test/good/ydfid_good_006382.bmp,,0,True,051087fe4fb0092d9962de807690af33d30d3ed91d38d516817a606d800b6c09,512,512,,,,,,,,,
test,SP5,ydfid/SP5/test/good/ydfid_good_006383.bmp,,0,True,1ac1f1b851f28d313f17c16900193b7f65a27c38c2261d6e22f593a97bf25637,512,512,,,,,,,,,
test,SP5,ydfid/SP5/test/good/ydfid_good_006384.bmp,,0,True,b6b3b0fab3a4d7afcdc2ac45b40e909d956fe3f41ddc695bf83c5ede97c6c579,512,512,,,,,,,,,
test,SP5,ydfid/SP5/test/good/ydfid_good_006385.bmp,,0,True,411cb7a6bc9ed2c49ed9948f30c5c15852e1500d26cc58e1a1b402fe9cc3f062,512,512,,,,,,,,,
test,SP5,ydfid/SP5/test/good/ydfid_good_006386.bmp,,0,True,aa6a6710877f6cdf0d5febd084ad4af50e02559aa3d767fcdbbb6a01282b2bee,512,512,,,,,,,,,
test,SP5,ydfid/SP5/test/good/ydfid_good_006387.bmp,,0,True,ad4215662cd0c622639666cc31aa1ed26d5c109d894d779411e5afc9f6dffa1c,512,512,,,,,,,,,
test,SP5,ydfid/SP5/test/good/ydfid_good_006388.bmp,,0,True,9e73bd858eb620c2bbcc7faa5cf859929f12bce4dca0fd098bbd40a6d3c8fd0d,512,512,,,,,,,,,
test,SP5,ydfid/SP5/test/good/ydfid_good_006389.bmp,,0,True,fc449f067b0f50971753fc7f892491b31502c580ba722a9c59b025f8093bd8ad,512,512,,,,,,,,,
test,SP5,ydfid/SP5/test/good/ydfid_good_006390.bmp,,0,True,7b58c046ebf26321ab961f12a23263e0cd57a669c74a4397d69d18082393a251,512,512,,,,,,,,,
test,SP5,ydfid/SP5/test/good/ydfid_good_006391.bmp,,0,True,4ce1406e782fd189f17c39de374d0a7b147d762811f6946dd551ae5051507114,512,512,,,,,,,,,
test,SP5,ydfid/SP5/test/good/ydfid_good_006392.bmp,,0,True,239e45019bf99d32dfdd72d6f0edaf5dd76d577a5db85e23eb2f15b52119dcf1,512,512,,,,,,,,,
test,SP5,ydfid/SP5/test/good/ydfid_good_006393.bmp,,0,True,6a19d7683854341d0ef575f4fe2f485f5e2644754e409b6854a60ddce9a15f54,512,512,,,,,,,,,
test,SP5,ydfid/SP5/test/good/ydfid_good_006394.bmp,,0,True,65147648fd52b8dcdeba3456a71c275a7d8bddc0af78d8c11351e975e3ba15b2,512,512,,,,,,,,,
test,SP5,ydfid/SP5/test/good/ydfid_good_006395.bmp,,0,True,86dab3a692a3b2a31a46daa562ffc34b389c93da447afaf81433508f7249d5f2,512,512,,,,,,,,,
test,SP5,ydfid/SP5/test/good/ydfid_good_006396.bmp,,0,True,69411173003053a6a41681559b2763f2e2cbd070383a8ea5dacca0e6f27f1b4c,512,512,,,,,,,,,
test,SP5,ydfid/SP5/test/good/ydfid_good_006397.bmp,,0,True,1a6acb2716c4b1e2c715efc5579946fc5f9af23d2f2140b07535822284c6f509,512,512,,,,,,,,,
test,SP5,ydfid/SP5/test/good/ydfid_good_006398.bmp,,0,True,df41f4c3d11ddbf93c55616a60327f2159d38ee4ca6e4a06c7527b077250a71f,512,512,,,,,,,,,
test,SP5,ydfid/SP5/test/good/ydfid_good_006399.bmp,,0,True,ab9067de9e6ef0f1f4d221215ad8f2d19a84e593cd1b969cd3fd0a0c52e13eba,512,512,,,,,,,,,
test,SP5,ydfid/SP5/test/good/ydfid_good_006400.bmp,,0,True,26955caab89addf42632737082e1a4eb32b2919ea547d0cd55898014ea3da78f,512,512,,,,,,,,,
test,SP5,ydfid/SP5/test/good/ydfid_good_006401.bmp,,0,True,adbf4071aa50b9fb6b83a6e47eed304f2ed7aa6b41de406d34a1257925b312a6,512,512,,,,,,,,,
test,SP5,ydfid/SP5/test/good/ydfid_good_006402.bmp,,0,True,c8afcb7eab54e9c8ef59ebb3ebf8488d3197f160abe5ec4c7cee247fb7da58fa,512,512,,,,,,,,,
test,SP5,ydfid/SP5/test/good/ydfid_good_006403.bmp,,0,True,7b6ac039e9ceb8fabc6dd7ae94cd79eb5f223767774a2316b5ae6a6e1b5b92e8,512,512,,,,,,,,,
test,SP5,ydfid/SP5/test/good/ydfid_good_006404.bmp,,0,True,053d6867d43f171bd733ed6655496751ad476ce2ceac1540ec9fb4025c357f1d,512,512,,,,,,,,,
test,SP5,ydfid/SP5/test/good/ydfid_good_006405.bmp,,0,True,4671acc2f119b052975726260c4bf35e47bd218621bad61cd852f42a66adc15a,512,512,,,,,,,,,
test,SP5,ydfid/SP5/test/good/ydfid_good_006406.bmp,,0,True,9733551f5daf581954b998a7a156f15ba7dbc4ba72eae12908eee0b3eb7cb710,512,512,,,,,,,,,
test,SP5,ydfid/SP5/test/good/ydfid_good_006407.bmp,,0,True,d3ec42c393b9233febfccd04f38d332ca6e92885376258d6a4f91dafb5e95466,512,512,,,,,,,,,
test,SP5,ydfid/SP5/test/good/ydfid_good_006408.bmp,,0,True,3ed9bb28ac3e77cc8986dff3f3527d9f30264f87672bac7426943b7516f18725,512,512,,,,,,,,,
test,SP5,ydfid/SP5/test/good/ydfid_good_006409.bmp,,0,True,7134e1e301721d1dc211d4b7a8f852b9c7d99028d195e0e149255677bb5cc800,512,512,,,,,,,,,
test,SP5,ydfid/SP5/test/good/ydfid_good_006410.bmp,,0,True,dbaab15228aadb5a67e245c7a5c9a971646f8e53590e500b8147afaf3ff2adfe,512,512,,,,,,,,,
test,SP5,ydfid/SP5/test/good/ydfid_good_006411.bmp,,0,True,7f339359aa0dc0b7a1abfaaffe7a9e7f827a498d4696bc4b7645a2032c26036c,512,512,,,,,,,,,
test,SP5,ydfid/SP5/test/good/ydfid_good_006412.bmp,,0,True,7d525f5c6469c42bbc4803a38ba65334fd1d85cd78c4b641d5fa129866b0249c,512,512,,,,,,,,,
test,SP5,ydfid/SP5/test/good/ydfid_good_006413.bmp,,0,True,497fb3612227e483460ff342e270f73e8cdd81cefdca9ca6d6b6b4acc3a13040,512,512,,,,,,,,,
test,SP5,ydfid/SP5/test/good/ydfid_good_006414.bmp,,0,True,20b342f920e8ec82f9ba2775eb4b8d950acb23c91f950e212af1853f0c39b8f9,512,512,,,,,,,,,
test,SP5,ydfid/SP5/test/good/ydfid_good_006415.bmp,,0,True,5cb02e4ebf53a4715ced847223e332b450d4434a747c50add9df88f1050348ca,512,512,,,,,,,,,
test,SP5,ydfid/SP5/test/good/ydfid_good_006416.bmp,,0,True,22c586dadb6ea3aceeafde815d8c12633431e4e6b682d5f39b406e03f8e17850,512,512,,,,,,,,,
test,SP5,ydfid/SP5/test/good/ydfid_good_006417.bmp,,0,True,beda91d28648d3df9f540eecc6a3a465fa27ccf6d95d53b33827e3ef72173922,512,512,,,,,,,,,
test,SP5,ydfid/SP5/test/good/ydfid_good_006418.bmp,,0,True,f055b6df85705ead32c6cad005c51217901f3ce7e2324d5dde4b786f0276c9d3,512,512,,,,,,,,,
test,SP5,ydfid/SP5/test/good/ydfid_good_006419.bmp,,0,True,f4f826c32ae37caa42183ba1ce6fbd7a74164612d6977237ba31be59c080fd58,512,512,,,,,,,,,
test,SP5,ydfid/SP5/test/good/ydfid_good_006420.bmp,,0,True,3aa1e46421d7fd9a66f1c37ca4b042b7f6ca1cf302e4ff0c264d804cd1f1dd73,512,512,,,,,,,,,
test,SP5,ydfid/SP5/test/good/ydfid_good_006421.bmp,,0,True,e9de71649c100ab4ba7fb44c2f3d9c5a98b2830f54474c583eb6f3974c2a52d3,512,512,,,,,,,,,
test,SP5,ydfid/SP5/test/good/ydfid_good_006422.bmp,,0,True,2f47713a8bc27ab276208b805f82c470f5bef48d63b59539b81052b8aa72f9d8,512,512,,,,,,,,,
test,SP5,ydfid/SP5/test/good/ydfid_good_006423.bmp,,0,True,8ac65515ef7c9e35db6f7d6b787c8993cbceabadd377b9d7db120abfe0117bfd,512,512,,,,,,,,,
test,SP5,ydfid/SP5/test/good/ydfid_good_006424.bmp,,0,True,c86fee3aea350fb83f9527b76a9f4cdcb73e22f84fdf2bdf54fc70ce21d5b2ad,512,512,,,,,,,,,
test,SP5,ydfid/SP5/test/good/ydfid_good_006425.bmp,,0,True,441534240f591303046dc0e8b8e49fe8f2aa4eb6583f6cc94cd2c936e9970b36,512,512,,,,,,,,,
test,SP5,ydfid/SP5/test/good/ydfid_good_006426.bmp,,0,True,f2c864cdcd8d235cc9522b4c5d8343f40ffa328673b225534954cc1331f20411,512,512,,,,,,,,,
test,SP5,ydfid/SP5/test/good/ydfid_good_006427.bmp,,0,True,00f9f199df7c66b2ffaf6cf1bb99738530eb68b62e0488978331256c867c5072,512,512,,,,,,,,,
test,SP5,ydfid/SP5/test/good/ydfid_good_006428.bmp,,0,True,2087158092b2a52f14ef87f0d7cfa6ca448164584c318f4b6eac3a811b2cf97e,512,512,,,,,,,,,
test,SP5,ydfid/SP5/test/good/ydfid_good_006429.bmp,,0,True,71d4e2adc751e5e1db0061260b21389133d96182143a76871f2ea7c49fde92cf,512,512,,,,,,,,,
test,SP5,ydfid/SP5/test/good/ydfid_good_006430.bmp,,0,True,ce0381ce7f8f69371175ef1739b48b1744e7c6fe027d4debe28a4cc515055d6c,512,512,,,,,,,,,
test,SP5,ydfid/SP5/test/good/ydfid_good_006431.bmp,,0,True,05d44c083e4ce49837cffebdb6207b12287b9f60cc68b401f5bd61aef4822076,512,512,,,,,,,,,
test,SP5,ydfid/SP5/test/good/ydfid_good_006432.bmp,,0,True,50fbdb5f58fee35a28d89de2586c283032451f1b01ad9549c9fddf91af61d638,512,512,,,,,,,,,
test,SP5,ydfid/SP5/test/good/ydfid_good_006433.bmp,,0,True,5716b60acaba518ae04d54700c835afd3b34bfd58b501d533742ff161d7f5a8a,512,512,,,,,,,,,
test,SP5,ydfid/SP5/test/good/ydfid_good_006434.bmp,,0,True,e93f6c058f2039c82a664711892981d804c2241eb5914fc9f0d71a8d81b48e7e,512,512,,,,,,,,,
test,SP5,ydfid/SP5/test/good/ydfid_good_006435.bmp,,0,True,12b692f6dde1eb61023b1409549f57cca37a1997a26dd7962adfa15ff4ac40a3,512,512,,,,,,,,,
test,SP5,ydfid/SP5/test/good/ydfid_good_006436.bmp,,0,True,e27ca308ff9a3f6353a43f5dac15b3a3e1c4af9255f39ba3cba8078bf24c080e,512,512,,,,,,,,,
test,SP5,ydfid/SP5/test/good/ydfid_good_006437.bmp,,0,True,7620663e200b27ecfe74c6abd77ea7f60b7e5a92929a4d95bce17071414f200f,512,512,,,,,,,,,
test,SP5,ydfid/SP5/test/good/ydfid_good_006438.bmp,,0,True,963e2f2cb4817abfdfe1b649bd6c597d53fe5318220a9499c2a9d8985907d80d,512,512,,,,,,,,,
test,SP5,ydfid/SP5/test/good/ydfid_good_006439.bmp,,0,True,899e1844405e648bc9c04f9478ff48e1029e2d07d94f2e1f69632200b9fbf77f,512,512,,,,,,,,,
test,SP5,ydfid/SP5/test/good/ydfid_good_006440.bmp,,0,True,02dbada235af18832cf89a1dbed0142408ccd3c945cf4ed8e3333cf777bae34e,512,512,,,,,,,,,
test,SP5,ydfid/SP5/test/good/ydfid_good_006441.bmp,,0,True,8d6eaffb74179580a4fbb28c097d1a68015f101684a11739ab8a72f578c89820,512,512,,,,,,,,,
test,SP5,ydfid/SP5/test/good/ydfid_good_006442.bmp,,0,True,00fe80beb3f0235dae0408cf41efc4b38fae181a2bcf8edfa33911694ac36870,512,512,,,,,,,,,
test,SP5,ydfid/SP5/test/good/ydfid_good_006443.bmp,,0,True,87d6e11b238a1de97577eab72ce25e8693418e56e40df13e8491600c627a291f,512,512,,,,,,,,,
test,SP5,ydfid/SP5/test/good/ydfid_good_006444.bmp,,0,True,0847013da70b321b1a6f1501aed3d9b57669880bb71772dd8306963328579312,512,512,,,,,,,,,
test,SP5,ydfid/SP5/test/good/ydfid_good_006445.bmp,,0,True,9eec6d2bc6bd8e2ee2eb17af22727eecf23b1df781e7745a906f51cafe11591b,512,512,,,,,,,,,
test,SP5,ydfid/SP5/test/good/ydfid_good_006446.bmp,,0,True,1059f5077eaf04c7a8b8367251237e4373df0a06b8d635a82007c62a5da3ec4d,512,512,,,,,,,,,
test,SP5,ydfid/SP5/test/good/ydfid_good_006447.bmp,,0,True,9f0cebf808ca6d2a3235f2849affbe3edee1ddc49a574bd5fc3eda61a9e1e40a,512,512,,,,,,,,,
test,SP5,ydfid/SP5/test/good/ydfid_good_006448.bmp,,0,True,245c307064e8924a98ec589d1109e0b9a96c7f44cb5a0c362b88a39327e401df,512,512,,,,,,,,,
test,SP5,ydfid/SP5/test/good/ydfid_good_006449.bmp,,0,True,41f825a80ee6181a4ed40c5f9394f3231d08fd9a82c26665e933e82071452255,512,512,,,,,,,,,
test,SP5,ydfid/SP5/test/good/ydfid_good_006450.bmp,,0,True,050266adebdcb82f04f40f603c9687ce9197c75ed8a298b8f7531cd826ab6a85,512,512,,,,,,,,,
test,SP5,ydfid/SP5/test/good/ydfid_good_006451.bmp,,0,True,c57c5512dae856a6fe5afbd801ab30e323cf544f5680ab32c666aacb528f4980,512,512,,,,,,,,,
test,SP5,ydfid/SP5/test/good/ydfid_good_006452.bmp,,0,True,a6b6d538432c8c23597bb79186e299c8a09784ba78deff43916db0dcec20f751,512,512,,,,,,,,,
test,SP5,ydfid/SP5/test/good/ydfid_good_006453.bmp,,0,True,7a67bf01c4f101fdfb032bc4a45dddcf832da983e9f2ad172d944fb7651b9174,512,512,,,,,,,,,
test,SP5,ydfid/SP5/test/good/ydfid_good_006454.bmp,,0,True,9c242b7195a1b41b07a985acae902544d087b42d007640adbf48e5494d330651,512,512,,,,,,,,,
test,SP5,ydfid/SP5/test/good/ydfid_good_006455.bmp,,0,True,78fa6a5a647bf0752c0e0d433f2f4323cc6272704dd8f998682a720abc3430a1,512,512,,,,,,,,,
test,SP5,ydfid/SP5/test/good/ydfid_good_006456.bmp,,0,True,5cfb3a7fdfb178547f04a5087fa86fce7255ee7eee51ea12de7c5397017e27ab,512,512,,,,,,,,,
test,SP5,ydfid/SP5/test/good/ydfid_good_006457.bmp,,0,True,854e3049de2fb4876b321cfbea622467d0543cd1f24fa8aa551c1a2fbfad3ad8,512,512,,,,,,,,,
